{"type":"FeatureCollection", "features": [
{"type":"Feature","geometry":{"type":"MultiPolygon","coordinates":[[[[81.394,16.334],[81.369,16.334],[81.352,16.323],[81.268,16.311],[81.279,16.296],[81.275,16.278],[81.327,16.307],[81.394,16.334]]],[[[84.769,19.08],[84.705,19.118],[84.701,19.128],[84.714,19.152],[84.672,19.165],[84.668,19.131],[84.617,19.126],[84.61,19.105],[84.627,19.085],[84.652,19.093],[84.667,19.08],[84.662,19.061],[84.62,19.064],[84.604,19.029],[84.585,19.028],[84.581,19.044],[84.585,19.071],[84.567,19.068],[84.561,19.056],[84.517,19.046],[84.485,19.017],[84.479,18.99],[84.437,19.01],[84.434,18.993],[84.448,18.976],[84.423,18.947],[84.437,18.923],[84.417,18.9],[84.393,18.892],[84.37,18.86],[84.342,18.873],[84.352,18.821],[84.34,18.801],[84.308,18.791],[84.291,18.8],[84.254,18.783],[84.224,18.796],[84.187,18.778],[84.167,18.784],[84.143,18.776],[84.099,18.754],[84.073,18.761],[84.056,18.792],[84.015,18.813],[83.99,18.809],[83.941,18.816],[83.915,18.825],[83.878,18.827],[83.872,18.848],[83.851,18.86],[83.844,18.881],[83.85,18.897],[83.843,18.918],[83.821,18.942],[83.824,18.957],[83.796,19.016],[83.749,18.992],[83.758,18.953],[83.769,18.953],[83.785,18.927],[83.778,18.91],[83.754,18.927],[83.734,18.984],[83.713,18.993],[83.708,19.023],[83.692,19.052],[83.665,19.083],[83.665,19.096],[83.652,19.121],[83.627,19.15],[83.602,19.128],[83.612,19.101],[83.59,19.084],[83.586,19.058],[83.559,19.058],[83.543,19.037],[83.539,19.013],[83.503,19.019],[83.521,19.033],[83.513,19.073],[83.5,19.063],[83.485,19.083],[83.467,19.077],[83.473,19.044],[83.485,19.033],[83.482,19.008],[83.456,19.008],[83.47,18.967],[83.45,18.956],[83.423,18.986],[83.417,19.004],[83.397,19.008],[83.37,19.003],[83.363,19.017],[83.343,19.015],[83.337,18.996],[83.316,18.999],[83.321,18.974],[83.335,18.965],[83.369,18.961],[83.371,18.938],[83.356,18.929],[83.396,18.879],[83.419,18.868],[83.405,18.857],[83.407,18.842],[83.381,18.829],[83.37,18.84],[83.336,18.819],[83.331,18.806],[83.312,18.807],[83.287,18.798],[83.274,18.765],[83.225,18.772],[83.23,18.753],[83.215,18.726],[83.192,18.734],[83.172,18.722],[83.176,18.71],[83.155,18.701],[83.15,18.675],[83.125,18.66],[83.092,18.664],[83.087,18.655],[83.094,18.63],[83.088,18.616],[83.058,18.622],[83.045,18.586],[83.034,18.573],[83.041,18.556],[83.059,18.543],[83.08,18.551],[83.097,18.541],[83.081,18.523],[83.06,18.486],[83.025,18.456],[83.046,18.443],[83.051,18.427],[83.075,18.401],[83.064,18.386],[83.048,18.379],[83.02,18.387],[83,18.384],[82.985,18.364],[82.941,18.36],[82.936,18.37],[82.911,18.365],[82.893,18.387],[82.899,18.401],[82.893,18.421],[82.878,18.415],[82.827,18.442],[82.807,18.448],[82.784,18.428],[82.796,18.399],[82.786,18.379],[82.793,18.363],[82.775,18.34],[82.759,18.337],[82.743,18.322],[82.711,18.317],[82.706,18.305],[82.673,18.299],[82.653,18.266],[82.656,18.253],[82.64,18.237],[82.618,18.258],[82.598,18.265],[82.594,18.289],[82.598,18.328],[82.609,18.374],[82.564,18.397],[82.543,18.398],[82.544,18.416],[82.562,18.446],[82.538,18.451],[82.524,18.464],[82.536,18.476],[82.531,18.512],[82.506,18.514],[82.49,18.523],[82.482,18.545],[82.445,18.505],[82.435,18.485],[82.406,18.459],[82.386,18.43],[82.37,18.418],[82.393,18.38],[82.385,18.361],[82.368,18.352],[82.354,18.33],[82.393,18.327],[82.401,18.315],[82.391,18.292],[82.375,18.279],[82.345,18.274],[82.339,18.239],[82.341,18.224],[82.315,18.204],[82.319,18.183],[82.357,18.17],[82.374,18.148],[82.366,18.134],[82.342,18.151],[82.341,18.103],[82.352,18.091],[82.345,18.056],[82.33,18.059],[82.313,18.048],[82.296,18.069],[82.275,18.057],[82.267,18.043],[82.279,18.019],[82.276,17.995],[82.25,17.988],[82.246,18.001],[82.227,18.003],[82.205,18.017],[82.186,18.019],[82.172,18.05],[82.141,18.044],[82.138,18.057],[82.101,18.061],[82.081,18.074],[82.068,18.053],[82.033,18.066],[82.01,18.053],[82.01,18.032],[81.945,17.992],[81.922,17.988],[81.908,17.977],[81.855,17.959],[81.842,17.959],[81.81,17.944],[81.795,17.922],[81.767,17.901],[81.79,17.879],[81.803,17.852],[81.791,17.84],[81.773,17.838],[81.762,17.827],[81.738,17.827],[81.713,17.808],[81.707,17.793],[81.683,17.775],[81.632,17.771],[81.618,17.752],[81.591,17.739],[81.582,17.727],[81.58,17.696],[81.562,17.675],[81.543,17.639],[81.521,17.618],[81.512,17.598],[81.533,17.581],[81.51,17.548],[81.502,17.457],[81.45,17.39],[81.429,17.381],[81.425,17.37],[81.394,17.364],[81.359,17.377],[81.352,17.394],[81.331,17.398],[81.298,17.346],[81.276,17.328],[81.228,17.33],[81.199,17.336],[81.181,17.314],[81.18,17.275],[81.189,17.263],[81.172,17.241],[81.154,17.24],[81.093,17.222],[81.071,17.212],[81.053,17.213],[81.035,17.195],[80.994,17.188],[80.965,17.196],[80.939,17.213],[80.914,17.209],[80.924,17.178],[80.922,17.154],[80.898,17.149],[80.879,17.154],[80.876,17.133],[80.864,17.12],[80.873,17.104],[80.865,17.077],[80.868,17.059],[80.841,17.034],[80.832,17.046],[80.755,17.063],[80.735,17.073],[80.693,17.077],[80.658,17.063],[80.646,17.08],[80.664,17.092],[80.638,17.118],[80.604,17.127],[80.569,17.146],[80.558,17.131],[80.505,17.109],[80.495,17.091],[80.493,17.064],[80.48,17.046],[80.461,17.045],[80.455,17.025],[80.429,17.033],[80.409,17.062],[80.404,17.085],[80.376,17.064],[80.397,17.022],[80.38,17.004],[80.369,16.978],[80.451,16.953],[80.486,16.929],[80.5,16.956],[80.529,16.944],[80.54,16.958],[80.578,16.935],[80.593,16.935],[80.591,16.911],[80.596,16.882],[80.574,16.877],[80.571,16.845],[80.563,16.833],[80.595,16.815],[80.606,16.794],[80.572,16.771],[80.498,16.784],[80.465,16.798],[80.461,16.823],[80.432,16.837],[80.427,16.85],[80.382,16.819],[80.367,16.863],[80.344,16.864],[80.328,16.879],[80.322,16.92],[80.31,16.964],[80.271,17.018],[80.25,17.01],[80.226,17.027],[80.204,17.025],[80.203,17.05],[80.19,17.052],[80.176,17.031],[80.151,17.009],[80.142,16.993],[80.114,16.989],[80.096,16.995],[80.093,16.97],[80.054,16.973],[80.045,16.944],[80.018,16.915],[80,16.871],[80.022,16.86],[80.041,16.86],[80.05,16.834],[80.078,16.821],[80.06,16.779],[80.056,16.753],[80.025,16.719],[80,16.7],[79.982,16.667],[79.951,16.64],[79.932,16.638],[79.911,16.645],[79.899,16.657],[79.882,16.696],[79.87,16.706],[79.819,16.698],[79.783,16.737],[79.759,16.727],[79.731,16.7],[79.691,16.698],[79.664,16.681],[79.656,16.669],[79.608,16.67],[79.572,16.645],[79.545,16.639],[79.505,16.637],[79.459,16.616],[79.451,16.601],[79.435,16.589],[79.353,16.586],[79.328,16.583],[79.274,16.568],[79.269,16.553],[79.238,16.526],[79.232,16.499],[79.244,16.465],[79.227,16.445],[79.219,16.37],[79.236,16.344],[79.238,16.307],[79.233,16.257],[79.215,16.238],[79.185,16.224],[79.131,16.245],[79.076,16.245],[79.05,16.252],[79.028,16.251],[79,16.235],[78.967,16.224],[78.916,16.198],[78.913,16.172],[78.929,16.129],[78.909,16.104],[78.88,16.117],[78.874,16.151],[78.864,16.165],[78.84,16.158],[78.844,16.094],[78.816,16.053],[78.783,16.03],[78.746,16.028],[78.721,16.033],[78.694,16.047],[78.644,16.098],[78.611,16.103],[78.566,16.063],[78.503,16.079],[78.458,16.087],[78.412,16.087],[78.377,16.066],[78.347,16.059],[78.323,16.035],[78.299,16.034],[78.275,16.041],[78.258,16.032],[78.266,16.001],[78.255,15.974],[78.249,15.943],[78.234,15.93],[78.212,15.923],[78.187,15.906],[78.188,15.894],[78.171,15.855],[78.132,15.855],[78.133,15.841],[78.108,15.834],[78.07,15.85],[78.055,15.877],[78.046,15.904],[78.023,15.901],[78.008,15.865],[77.979,15.88],[77.934,15.882],[77.894,15.901],[77.873,15.898],[77.861,15.881],[77.84,15.881],[77.805,15.871],[77.722,15.892],[77.689,15.879],[77.645,15.888],[77.612,15.917],[77.594,15.912],[77.514,15.926],[77.472,15.932],[77.431,15.947],[77.412,15.94],[77.381,15.938],[77.358,15.948],[77.287,15.952],[77.253,15.962],[77.24,15.957],[77.185,15.955],[77.147,15.945],[77.134,15.935],[77.109,15.929],[77.081,15.914],[77.037,15.857],[77.032,15.83],[77.068,15.828],[77.066,15.783],[77.051,15.756],[77.051,15.73],[77.08,15.726],[77.088,15.714],[77.08,15.696],[77.105,15.684],[77.129,15.664],[77.12,15.63],[77.086,15.658],[77.073,15.646],[77.031,15.634],[77.033,15.603],[77.028,15.581],[77.033,15.53],[77.031,15.505],[77,15.505],[76.976,15.511],[76.974,15.496],[77,15.472],[77.01,15.453],[77.032,15.44],[77.033,15.406],[77.048,15.389],[77.042,15.364],[77.067,15.343],[77.073,15.325],[77.114,15.332],[77.12,15.295],[77.153,15.291],[77.145,15.257],[77.126,15.227],[77.146,15.223],[77.163,15.199],[77.169,15.174],[77.153,15.113],[77.132,15.099],[77.13,15.074],[77.114,15.034],[77.087,15.028],[77.084,15.005],[77.046,15.011],[77.052,15.035],[77.005,15.035],[76.971,15.018],[76.955,15.03],[76.918,15.036],[76.881,15.034],[76.865,15.062],[76.841,15.078],[76.825,15.08],[76.801,15.096],[76.776,15.07],[76.775,15.059],[76.788,15.022],[76.761,14.988],[76.768,14.975],[76.819,14.969],[76.832,14.956],[76.845,14.966],[76.869,14.969],[76.87,14.943],[76.865,14.896],[76.85,14.896],[76.856,14.868],[76.854,14.844],[76.844,14.835],[76.838,14.79],[76.784,14.785],[76.802,14.74],[76.775,14.679],[76.765,14.602],[76.783,14.585],[76.804,14.533],[76.849,14.515],[76.869,14.48],[76.885,14.476],[76.911,14.49],[76.978,14.484],[76.964,14.451],[76.949,14.451],[76.947,14.405],[76.918,14.419],[76.902,14.4],[76.888,14.396],[76.884,14.357],[76.904,14.325],[76.948,14.311],[76.954,14.293],[76.93,14.278],[76.943,14.246],[76.957,14.24],[76.988,14.244],[77.01,14.238],[77.039,14.247],[77.055,14.246],[77.081,14.216],[77.101,14.216],[77.116,14.228],[77.121,14.263],[77.113,14.268],[77.118,14.294],[77.132,14.308],[77.138,14.337],[77.158,14.344],[77.202,14.321],[77.251,14.321],[77.264,14.332],[77.287,14.338],[77.286,14.283],[77.366,14.276],[77.362,14.237],[77.383,14.224],[77.39,14.199],[77.422,14.21],[77.408,14.267],[77.396,14.268],[77.381,14.302],[77.385,14.324],[77.401,14.336],[77.432,14.328],[77.449,14.317],[77.45,14.284],[77.461,14.279],[77.486,14.291],[77.506,14.268],[77.497,14.235],[77.517,14.179],[77.507,14.158],[77.47,14.171],[77.396,14.172],[77.383,14.137],[77.354,14.131],[77.359,14.112],[77.396,14.126],[77.402,14.11],[77.386,14.097],[77.379,14.079],[77.357,14.06],[77.345,14.061],[77.333,14.03],[77.369,14.023],[77.39,14.014],[77.38,13.989],[77.393,13.981],[77.428,13.984],[77.438,13.976],[77.436,13.951],[77.415,13.943],[77.426,13.902],[77.403,13.888],[77.397,13.905],[77.355,13.904],[77.35,13.919],[77.37,13.949],[77.351,13.958],[77.361,13.989],[77.34,13.995],[77.32,14.032],[77.31,14.034],[77.285,14.014],[77.278,14.035],[77.249,14.013],[77.201,14.01],[77.178,14.015],[77.161,13.997],[77.141,14.005],[77.127,14.049],[77.097,14.045],[77.075,14.054],[77.029,14.06],[77.03,14.09],[77.016,14.098],[77.022,14.112],[77.019,14.134],[77.025,14.179],[76.964,14.182],[76.947,14.195],[76.942,14.172],[76.922,14.164],[76.897,14.165],[76.889,14.137],[76.918,14.128],[76.928,14.135],[76.948,14.118],[76.957,14.092],[76.974,14.086],[76.977,14.059],[76.943,14.054],[76.937,14.029],[76.954,14.013],[76.981,14.003],[77,13.988],[76.995,13.963],[77.042,13.932],[77.047,13.904],[77.023,13.9],[77.012,13.857],[76.975,13.817],[76.99,13.811],[76.987,13.792],[76.999,13.749],[77.018,13.739],[77.026,13.777],[77.041,13.776],[77.066,13.746],[77.087,13.744],[77.087,13.76],[77.102,13.768],[77.13,13.758],[77.173,13.762],[77.178,13.779],[77.161,13.807],[77.168,13.822],[77.152,13.842],[77.132,13.85],[77.146,13.866],[77.171,13.873],[77.162,13.907],[77.183,13.924],[77.189,13.908],[77.182,13.868],[77.199,13.863],[77.232,13.902],[77.247,13.901],[77.257,13.847],[77.292,13.853],[77.314,13.864],[77.327,13.833],[77.359,13.852],[77.38,13.839],[77.432,13.834],[77.416,13.807],[77.436,13.795],[77.458,13.793],[77.47,13.751],[77.464,13.72],[77.452,13.703],[77.457,13.683],[77.484,13.685],[77.487,13.711],[77.51,13.712],[77.529,13.696],[77.536,13.715],[77.527,13.751],[77.547,13.751],[77.556,13.728],[77.589,13.738],[77.603,13.751],[77.624,13.736],[77.622,13.768],[77.657,13.784],[77.678,13.785],[77.677,13.76],[77.704,13.769],[77.719,13.746],[77.721,13.798],[77.737,13.81],[77.777,13.817],[77.782,13.84],[77.811,13.849],[77.836,13.869],[77.829,13.897],[77.819,13.903],[77.814,13.926],[77.822,13.939],[77.871,13.935],[77.895,13.939],[77.898,13.919],[77.92,13.905],[77.959,13.936],[77.97,13.958],[77.987,13.956],[77.982,13.932],[77.987,13.902],[77.958,13.893],[77.95,13.879],[77.957,13.833],[77.974,13.829],[77.994,13.87],[78.047,13.861],[78.05,13.895],[78.08,13.88],[78.084,13.863],[78.115,13.862],[78.126,13.83],[78.117,13.812],[78.127,13.786],[78.12,13.77],[78.094,13.742],[78.119,13.719],[78.115,13.693],[78.094,13.689],[78.073,13.697],[78.075,13.673],[78.089,13.659],[78.09,13.644],[78.117,13.656],[78.155,13.659],[78.168,13.654],[78.17,13.632],[78.203,13.625],[78.203,13.604],[78.189,13.588],[78.199,13.565],[78.218,13.591],[78.237,13.596],[78.259,13.584],[78.322,13.593],[78.354,13.587],[78.39,13.591],[78.408,13.576],[78.395,13.541],[78.377,13.505],[78.373,13.462],[78.381,13.401],[78.365,13.365],[78.408,13.342],[78.402,13.314],[78.426,13.327],[78.44,13.327],[78.446,13.308],[78.477,13.32],[78.481,13.304],[78.512,13.287],[78.532,13.266],[78.539,13.286],[78.578,13.282],[78.588,13.272],[78.571,13.244],[78.564,13.2],[78.58,13.167],[78.55,13.162],[78.546,13.141],[78.52,13.13],[78.525,13.095],[78.51,13.08],[78.516,13.063],[78.478,13.052],[78.463,13.042],[78.461,13.025],[78.473,12.989],[78.469,12.974],[78.434,12.979],[78.435,12.965],[78.412,12.943],[78.467,12.903],[78.468,12.876],[78.45,12.89],[78.447,12.911],[78.429,12.899],[78.414,12.902],[78.399,12.916],[78.389,12.905],[78.356,12.938],[78.338,12.899],[78.327,12.903],[78.315,12.876],[78.314,12.857],[78.287,12.859],[78.274,12.867],[78.252,12.857],[78.253,12.822],[78.24,12.772],[78.232,12.763],[78.24,12.73],[78.231,12.713],[78.206,12.705],[78.211,12.686],[78.239,12.684],[78.239,12.699],[78.276,12.702],[78.302,12.663],[78.32,12.66],[78.38,12.622],[78.471,12.628],[78.469,12.673],[78.486,12.67],[78.505,12.68],[78.506,12.741],[78.528,12.714],[78.536,12.69],[78.564,12.708],[78.557,12.739],[78.57,12.762],[78.592,12.778],[78.6,12.816],[78.609,12.822],[78.603,12.849],[78.616,12.868],[78.618,12.884],[78.636,12.925],[78.658,12.93],[78.632,12.985],[78.663,13.029],[78.705,13.015],[78.714,13.067],[78.751,13.056],[78.789,13.064],[78.812,13.086],[78.844,13.081],[78.892,13.081],[78.894,13.031],[78.926,13.079],[78.958,13.075],[78.994,13.088],[79.012,13.069],[79.065,13.05],[79.081,13.026],[79.095,13.024],[79.117,13.036],[79.131,13.034],[79.165,13.019],[79.183,13.027],[79.189,13.05],[79.182,13.065],[79.205,13.101],[79.226,13.109],[79.239,13.146],[79.284,13.15],[79.286,13.133],[79.311,13.127],[79.362,13.138],[79.36,13.175],[79.374,13.168],[79.381,13.188],[79.397,13.197],[79.433,13.197],[79.434,13.221],[79.458,13.229],[79.448,13.242],[79.423,13.224],[79.42,13.25],[79.434,13.299],[79.418,13.297],[79.387,13.315],[79.429,13.334],[79.467,13.336],[79.51,13.327],[79.548,13.323],[79.554,13.291],[79.578,13.262],[79.598,13.26],[79.614,13.28],[79.633,13.271],[79.645,13.286],[79.681,13.294],[79.697,13.269],[79.684,13.248],[79.728,13.227],[79.745,13.228],[79.757,13.208],[79.796,13.241],[79.765,13.257],[79.734,13.278],[79.759,13.293],[79.767,13.315],[79.792,13.295],[79.813,13.317],[79.864,13.316],[79.917,13.346],[79.938,13.349],[79.966,13.387],[79.948,13.398],[79.945,13.417],[79.976,13.431],[79.974,13.464],[79.986,13.48],[80.018,13.501],[80.049,13.498],[80.05,13.512],[80.032,13.515],[80.002,13.54],[80.058,13.535],[80.085,13.547],[80.08,13.526],[80.08,13.491],[80.111,13.492],[80.113,13.508],[80.147,13.504],[80.148,13.494],[80.225,13.483],[80.242,13.468],[80.253,13.506],[80.265,13.56],[80.27,13.563],[80.244,13.619],[80.237,13.656],[80.236,13.683],[80.248,13.759],[80.249,13.788],[80.239,13.826],[80.215,13.876],[80.169,13.992],[80.159,13.993],[80.144,14.018],[80.154,14.024],[80.145,14.056],[80.129,14.149],[80.129,14.184],[80.137,14.237],[80.151,14.299],[80.173,14.347],[80.173,14.374],[80.182,14.48],[80.195,14.564],[80.147,14.568],[80.18,14.583],[80.16,14.636],[80.154,14.671],[80.145,14.691],[80.134,14.695],[80.13,14.714],[80.114,14.733],[80.091,14.801],[80.075,14.817],[80.093,14.827],[80.086,14.876],[80.074,14.925],[80.063,14.987],[80.053,15],[80.046,15.05],[80.051,15.113],[80.065,15.164],[80.084,15.195],[80.087,15.216],[80.08,15.257],[80.1,15.326],[80.13,15.38],[80.154,15.406],[80.197,15.463],[80.213,15.535],[80.223,15.547],[80.24,15.614],[80.277,15.682],[80.288,15.69],[80.337,15.744],[80.36,15.764],[80.433,15.804],[80.488,15.827],[80.521,15.846],[80.512,15.858],[80.605,15.868],[80.641,15.878],[80.731,15.886],[80.756,15.88],[80.787,15.859],[80.808,15.836],[80.816,15.809],[80.815,15.758],[80.804,15.745],[80.804,15.72],[80.839,15.707],[80.878,15.722],[80.915,15.727],[80.91,15.755],[80.938,15.729],[80.96,15.736],[80.987,15.755],[80.989,15.765],[80.966,15.784],[80.962,15.803],[81.007,15.763],[81.012,15.776],[81,15.8],[80.996,15.824],[81.013,15.853],[81.045,15.897],[81.079,15.924],[81.14,15.961],[81.104,15.999],[81.114,16.003],[81.129,15.982],[81.153,15.975],[81.148,16.019],[81.161,16.05],[81.185,16.084],[81.2,16.164],[81.212,16.205],[81.223,16.227],[81.266,16.267],[81.266,16.294],[81.246,16.301],[81.258,16.319],[81.287,16.324],[81.312,16.359],[81.347,16.366],[81.368,16.356],[81.382,16.359],[81.409,16.381],[81.405,16.337],[81.433,16.342],[81.529,16.351],[81.554,16.36],[81.593,16.342],[81.65,16.338],[81.683,16.328],[81.726,16.307],[81.777,16.33],[81.855,16.371],[81.91,16.387],[81.938,16.391],[81.963,16.408],[81.97,16.398],[82.007,16.423],[82.069,16.45],[82.138,16.485],[82.143,16.517],[82.164,16.55],[82.18,16.561],[82.2,16.558],[82.169,16.521],[82.168,16.496],[82.189,16.506],[82.23,16.534],[82.258,16.545],[82.288,16.548],[82.27,16.564],[82.298,16.57],[82.315,16.626],[82.335,16.624],[82.324,16.651],[82.352,16.68],[82.34,16.689],[82.351,16.724],[82.349,16.751],[82.365,16.826],[82.352,16.849],[82.323,16.849],[82.283,16.861],[82.267,16.872],[82.249,16.897],[82.253,16.931],[82.266,16.931],[82.284,16.996],[82.301,17.024],[82.366,17.088],[82.41,17.127],[82.446,17.164],[82.508,17.213],[82.56,17.256],[82.63,17.299],[82.68,17.325],[82.753,17.366],[82.81,17.39],[82.84,17.4],[82.866,17.415],[82.945,17.453],[82.993,17.471],[83.007,17.495],[83.045,17.517],[83.106,17.539],[83.14,17.547],[83.219,17.591],[83.225,17.614],[83.202,17.623],[83.2,17.64],[83.216,17.647],[83.228,17.629],[83.241,17.625],[83.295,17.671],[83.3,17.69],[83.346,17.721],[83.358,17.755],[83.378,17.768],[83.416,17.807],[83.414,17.841],[83.453,17.88],[83.446,17.92],[83.475,17.911],[83.516,17.935],[83.554,17.963],[83.566,18.002],[83.587,18.015],[83.63,18.052],[83.668,18.073],[83.703,18.102],[83.777,18.139],[83.869,18.171],[83.898,18.197],[83.954,18.214],[83.976,18.23],[84.058,18.263],[84.075,18.279],[84.118,18.301],[84.127,18.332],[84.112,18.341],[84.059,18.325],[84.061,18.336],[84.117,18.35],[84.135,18.35],[84.149,18.369],[84.222,18.442],[84.25,18.463],[84.283,18.495],[84.349,18.548],[84.304,18.532],[84.31,18.554],[84.334,18.573],[84.363,18.576],[84.379,18.601],[84.412,18.636],[84.437,18.65],[84.437,18.664],[84.482,18.721],[84.517,18.756],[84.555,18.786],[84.571,18.836],[84.58,18.843],[84.581,18.867],[84.606,18.883],[84.622,18.906],[84.691,18.969],[84.718,19.01],[84.732,19.022],[84.723,19.038],[84.728,19.051],[84.755,19.055],[84.769,19.08]],[[82.206,16.747],[82.23,16.729],[82.312,16.734],[82.304,16.717],[82.286,16.704],[82.263,16.701],[82.225,16.721],[82.203,16.72],[82.189,16.727],[82.206,16.747]]]]},"properties":{"ST_NM":"Andhra Pradesh"}},
{"type":"Feature","geometry":{"type":"Polygon","coordinates":[[[95.237,26.68],[95.26,26.68],[95.272,26.656],[95.302,26.649],[95.346,26.671],[95.365,26.671],[95.406,26.69],[95.423,26.69],[95.465,26.744],[95.483,26.748],[95.502,26.776],[95.514,26.806],[95.545,26.831],[95.574,26.819],[95.611,26.814],[95.632,26.842],[95.636,26.872],[95.651,26.877],[95.673,26.903],[95.703,26.88],[95.73,26.88],[95.755,26.901],[95.752,26.923],[95.763,26.938],[95.76,26.957],[95.779,26.983],[95.815,27.015],[95.838,27.008],[95.877,27.013],[95.957,27.061],[95.979,27.103],[96.017,27.147],[96.036,27.189],[96.086,27.209],[96.099,27.224],[96.114,27.226],[96.163,27.247],[96.182,27.246],[96.218,27.262],[96.234,27.277],[96.278,27.271],[96.29,27.286],[96.311,27.294],[96.347,27.28],[96.364,27.292],[96.391,27.286],[96.433,27.302],[96.47,27.304],[96.5,27.301],[96.53,27.289],[96.561,27.317],[96.6,27.336],[96.598,27.348],[96.62,27.364],[96.646,27.359],[96.67,27.363],[96.693,27.357],[96.712,27.372],[96.74,27.355],[96.772,27.356],[96.802,27.345],[96.816,27.32],[96.849,27.297],[96.855,27.271],[96.865,27.259],[96.884,27.258],[96.889,27.227],[96.862,27.209],[96.865,27.19],[96.917,27.165],[96.954,27.164],[96.983,27.156],[96.998,27.144],[97.029,27.131],[97.061,27.101],[97.078,27.099],[97.107,27.111],[97.129,27.093],[97.145,27.092],[97.154,27.115],[97.17,27.126],[97.166,27.145],[97.149,27.168],[97.126,27.175],[97.115,27.199],[97.094,27.211],[97.093,27.238],[97.081,27.244],[97.043,27.28],[97.039,27.298],[97.002,27.32],[96.997,27.345],[96.968,27.377],[96.975,27.386],[96.965,27.406],[96.941,27.417],[96.933,27.441],[96.911,27.453],[96.915,27.484],[96.937,27.521],[96.915,27.549],[96.914,27.579],[96.899,27.585],[96.897,27.612],[96.919,27.623],[96.942,27.659],[96.958,27.665],[96.991,27.662],[96.992,27.677],[97.016,27.732],[97.037,27.743],[97.067,27.751],[97.096,27.741],[97.105,27.766],[97.102,27.784],[97.124,27.79],[97.137,27.806],[97.16,27.814],[97.203,27.855],[97.256,27.9],[97.309,27.921],[97.324,27.903],[97.321,27.88],[97.343,27.885],[97.365,27.876],[97.389,27.887],[97.378,27.909],[97.388,27.921],[97.376,27.935],[97.378,27.977],[97.391,28.003],[97.412,28.006],[97.399,28.025],[97.377,28.03],[97.366,28.059],[97.332,28.057],[97.312,28.061],[97.311,28.085],[97.339,28.111],[97.325,28.14],[97.331,28.154],[97.373,28.192],[97.393,28.183],[97.401,28.192],[97.375,28.217],[97.335,28.24],[97.314,28.244],[97.307,28.256],[97.283,28.268],[97.242,28.267],[97.225,28.292],[97.194,28.287],[97.17,28.295],[97.16,28.319],[97.127,28.349],[97.094,28.362],[97.053,28.351],[97.024,28.319],[96.998,28.309],[96.975,28.317],[96.954,28.333],[96.927,28.338],[96.921,28.357],[96.9,28.379],[96.864,28.372],[96.854,28.362],[96.828,28.361],[96.776,28.368],[96.759,28.409],[96.736,28.425],[96.719,28.427],[96.683,28.445],[96.666,28.46],[96.601,28.46],[96.562,28.447],[96.553,28.436],[96.512,28.413],[96.482,28.419],[96.46,28.414],[96.434,28.386],[96.425,28.345],[96.401,28.339],[96.382,28.359],[96.373,28.389],[96.322,28.381],[96.307,28.399],[96.27,28.405],[96.268,28.412],[96.337,28.458],[96.369,28.474],[96.374,28.492],[96.363,28.505],[96.327,28.525],[96.357,28.556],[96.403,28.557],[96.41,28.589],[96.425,28.58],[96.447,28.601],[96.475,28.617],[96.498,28.639],[96.473,28.68],[96.493,28.684],[96.535,28.707],[96.563,28.707],[96.589,28.717],[96.618,28.76],[96.611,28.793],[96.587,28.817],[96.541,28.88],[96.542,28.917],[96.527,28.944],[96.525,28.961],[96.491,28.961],[96.481,28.99],[96.529,29.075],[96.481,29.056],[96.463,29.042],[96.439,29.034],[96.35,29.029],[96.325,29.009],[96.297,28.995],[96.259,28.956],[96.252,28.939],[96.232,28.926],[96.17,28.902],[96.167,28.918],[96.149,28.934],[96.159,28.952],[96.184,28.965],[96.189,28.985],[96.154,29.05],[96.128,29.078],[96.174,29.084],[96.204,29.103],[96.222,29.135],[96.264,29.157],[96.312,29.165],[96.35,29.168],[96.363,29.178],[96.376,29.215],[96.392,29.231],[96.397,29.253],[96.379,29.281],[96.368,29.283],[96.35,29.264],[96.317,29.256],[96.297,29.233],[96.255,29.23],[96.239,29.241],[96.215,29.272],[96.208,29.291],[96.188,29.307],[96.19,29.342],[96.155,29.397],[96.118,29.425],[96.098,29.454],[96.086,29.461],[96.061,29.456],[96.02,29.419],[95.998,29.408],[95.962,29.381],[95.886,29.39],[95.845,29.352],[95.832,29.354],[95.796,29.336],[95.783,29.355],[95.75,29.327],[95.732,29.301],[95.707,29.299],[95.678,29.269],[95.636,29.247],[95.604,29.26],[95.593,29.241],[95.591,29.216],[95.55,29.214],[95.542,29.206],[95.55,29.179],[95.551,29.127],[95.508,29.141],[95.497,29.122],[95.494,29.088],[95.459,29.035],[95.426,29.039],[95.415,29.032],[95.35,29.044],[95.307,29.061],[95.271,29.056],[95.255,29.067],[95.256,29.108],[95.183,29.107],[95.119,29.12],[95.104,29.142],[95.045,29.151],[95.01,29.169],[95,29.14],[94.973,29.159],[94.924,29.161],[94.877,29.183],[94.852,29.182],[94.803,29.164],[94.798,29.179],[94.803,29.209],[94.796,29.225],[94.772,29.252],[94.717,29.304],[94.683,29.327],[94.648,29.346],[94.634,29.348],[94.625,29.312],[94.617,29.301],[94.58,29.275],[94.578,29.25],[94.564,29.228],[94.539,29.218],[94.5,29.216],[94.437,29.226],[94.42,29.212],[94.378,29.19],[94.37,29.157],[94.356,29.15],[94.294,29.148],[94.264,29.116],[94.22,29.084],[94.181,29.02],[94.179,28.991],[94.164,28.973],[94.161,28.954],[94.142,28.94],[94.084,28.905],[94.049,28.873],[94.035,28.853],[94,28.841],[94.005,28.819],[93.991,28.797],[94.007,28.775],[93.974,28.75],[93.971,28.722],[93.962,28.704],[93.94,28.676],[93.909,28.676],[93.87,28.703],[93.849,28.706],[93.78,28.668],[93.737,28.688],[93.691,28.679],[93.644,28.661],[93.612,28.655],[93.53,28.661],[93.524,28.673],[93.501,28.683],[93.485,28.674],[93.48,28.653],[93.451,28.675],[93.417,28.652],[93.338,28.633],[93.333,28.608],[93.305,28.599],[93.311,28.566],[93.294,28.543],[93.281,28.504],[93.234,28.477],[93.213,28.451],[93.188,28.439],[93.196,28.425],[93.237,28.4],[93.224,28.361],[93.228,28.34],[93.199,28.317],[93.16,28.318],[93.13,28.326],[93.1,28.306],[93.077,28.308],[93.027,28.299],[93.039,28.262],[93.005,28.23],[92.991,28.25],[92.97,28.261],[92.918,28.234],[92.9,28.204],[92.845,28.179],[92.823,28.184],[92.805,28.201],[92.788,28.183],[92.742,28.151],[92.71,28.136],[92.685,28.117],[92.668,28.062],[92.7,28.048],[92.744,27.988],[92.706,27.933],[92.674,27.899],[92.61,27.877],[92.59,27.856],[92.565,27.82],[92.548,27.817],[92.52,27.839],[92.497,27.836],[92.46,27.802],[92.448,27.8],[92.419,27.822],[92.388,27.815],[92.385,27.794],[92.312,27.778],[92.29,27.807],[92.272,27.853],[92.26,27.861],[92.205,27.856],[92.161,27.836],[92.06,27.758],[92.043,27.757],[91.989,27.769],[91.961,27.75],[91.95,27.728],[91.924,27.715],[91.913,27.726],[91.884,27.721],[91.866,27.736],[91.85,27.775],[91.839,27.779],[91.833,27.807],[91.809,27.808],[91.776,27.801],[91.752,27.803],[91.7,27.822],[91.675,27.856],[91.613,27.854],[91.6,27.862],[91.575,27.86],[91.551,27.847],[91.571,27.815],[91.604,27.82],[91.634,27.8],[91.637,27.771],[91.645,27.758],[91.635,27.747],[91.629,27.706],[91.597,27.683],[91.595,27.671],[91.572,27.652],[91.563,27.633],[91.582,27.599],[91.567,27.584],[91.599,27.539],[91.614,27.541],[91.625,27.513],[91.649,27.498],[91.658,27.482],[91.695,27.502],[91.715,27.491],[91.719,27.473],[91.761,27.473],[91.778,27.464],[91.814,27.472],[91.833,27.468],[91.854,27.482],[91.903,27.468],[91.927,27.471],[91.944,27.46],[92.023,27.479],[92.021,27.457],[92.028,27.441],[92.043,27.436],[92.046,27.412],[92.059,27.399],[92.05,27.378],[92.053,27.357],[92.064,27.344],[92.063,27.326],[92.082,27.309],[92.121,27.292],[92.123,27.275],[92.106,27.268],[92.074,27.276],[92.044,27.261],[92.07,27.244],[92.074,27.223],[92.06,27.189],[92.029,27.171],[92.028,27.153],[92.04,27.137],[92.026,27.114],[92.032,27.078],[92.049,27.051],[92.068,27.051],[92.08,27.039],[92.083,27.019],[92.107,27.007],[92.106,26.982],[92.117,26.975],[92.12,26.931],[92.111,26.893],[92.124,26.889],[92.198,26.89],[92.258,26.911],[92.28,26.901],[92.307,26.908],[92.306,26.923],[92.356,26.934],[92.403,26.925],[92.415,26.943],[92.429,26.942],[92.449,26.959],[92.508,26.965],[92.557,26.957],[92.588,26.96],[92.648,26.986],[92.648,27.008],[92.662,27.037],[92.717,27.024],[92.772,27.031],[92.839,27.012],[92.875,27.006],[92.919,26.983],[92.92,26.962],[93,26.928],[93.022,26.915],[93.071,26.922],[93.094,26.913],[93.111,26.925],[93.187,26.936],[93.225,26.947],[93.269,26.954],[93.35,26.961],[93.45,26.951],[93.47,26.936],[93.491,26.936],[93.528,26.946],[93.586,26.95],[93.626,26.961],[93.678,26.968],[93.721,27.016],[93.77,27.04],[93.8,27.061],[93.83,27.066],[93.839,27.075],[93.824,27.119],[93.808,27.135],[93.811,27.149],[93.842,27.17],[93.87,27.196],[93.903,27.238],[93.941,27.27],[93.959,27.292],[94.002,27.332],[94.063,27.36],[94.089,27.401],[94.162,27.463],[94.159,27.475],[94.197,27.494],[94.262,27.52],[94.259,27.554],[94.229,27.572],[94.225,27.598],[94.216,27.601],[94.238,27.629],[94.265,27.633],[94.257,27.611],[94.291,27.591],[94.37,27.573],[94.39,27.586],[94.405,27.584],[94.423,27.598],[94.456,27.567],[94.462,27.554],[94.485,27.574],[94.502,27.574],[94.528,27.592],[94.576,27.603],[94.588,27.616],[94.642,27.627],[94.651,27.638],[94.686,27.66],[94.723,27.666],[94.745,27.66],[94.802,27.693],[94.823,27.692],[94.851,27.707],[94.856,27.728],[94.868,27.742],[94.886,27.738],[94.932,27.753],[94.989,27.767],[95.041,27.774],[95.054,27.786],[95.238,27.844],[95.318,27.867],[95.386,27.837],[95.518,27.877],[95.546,27.909],[95.567,27.918],[95.573,27.937],[95.59,27.937],[95.609,27.953],[95.827,27.972],[95.979,27.963],[95.954,27.936],[95.957,27.921],[95.93,27.885],[95.875,27.834],[95.853,27.828],[95.824,27.804],[95.808,27.778],[95.782,27.752],[95.786,27.734],[95.759,27.725],[95.781,27.673],[95.78,27.655],[95.802,27.643],[95.788,27.626],[95.799,27.602],[95.825,27.597],[95.822,27.576],[95.863,27.546],[95.882,27.547],[95.881,27.495],[95.877,27.465],[95.86,27.456],[95.85,27.424],[95.865,27.422],[95.883,27.437],[95.9,27.405],[95.912,27.433],[95.934,27.44],[95.974,27.43],[96.001,27.396],[96.015,27.368],[95.994,27.344],[95.97,27.33],[95.963,27.31],[95.907,27.285],[95.898,27.257],[95.872,27.26],[95.861,27.287],[95.81,27.274],[95.785,27.272],[95.732,27.26],[95.726,27.253],[95.685,27.251],[95.637,27.23],[95.59,27.223],[95.575,27.245],[95.535,27.264],[95.488,27.24],[95.459,27.203],[95.469,27.184],[95.466,27.149],[95.458,27.129],[95.421,27.125],[95.407,27.112],[95.367,27.107],[95.31,27.075],[95.249,27.024],[95.238,27.037],[95.214,27.028],[95.196,27.037],[95.2,27],[95.195,26.984],[95.215,26.964],[95.207,26.957],[95.217,26.928],[95.234,26.915],[95.23,26.88],[95.213,26.88],[95.185,26.859],[95.199,26.834],[95.215,26.792],[95.242,26.778],[95.219,26.749],[95.216,26.729],[95.236,26.706],[95.237,26.68]]]},"properties":{"ST_NM":"Arunanchal Pradesh"}},
{"type":"Feature","geometry":{"type":"Polygon","coordinates":[[[95.196,27.037],[95.214,27.028],[95.238,27.037],[95.249,27.024],[95.31,27.075],[95.367,27.107],[95.407,27.112],[95.421,27.125],[95.458,27.129],[95.466,27.149],[95.469,27.184],[95.459,27.203],[95.488,27.24],[95.535,27.264],[95.575,27.245],[95.59,27.223],[95.637,27.23],[95.685,27.251],[95.726,27.253],[95.732,27.26],[95.785,27.272],[95.81,27.274],[95.861,27.287],[95.872,27.26],[95.898,27.257],[95.907,27.285],[95.963,27.31],[95.97,27.33],[95.994,27.344],[96.015,27.368],[96.001,27.396],[95.974,27.43],[95.934,27.44],[95.912,27.433],[95.9,27.405],[95.883,27.437],[95.865,27.422],[95.85,27.424],[95.86,27.456],[95.877,27.465],[95.881,27.495],[95.882,27.547],[95.863,27.546],[95.822,27.576],[95.825,27.597],[95.799,27.602],[95.788,27.626],[95.802,27.643],[95.78,27.655],[95.781,27.673],[95.759,27.725],[95.786,27.734],[95.782,27.752],[95.808,27.778],[95.824,27.804],[95.853,27.828],[95.875,27.834],[95.93,27.885],[95.957,27.921],[95.954,27.936],[95.979,27.963],[95.827,27.972],[95.609,27.953],[95.59,27.937],[95.573,27.937],[95.567,27.918],[95.546,27.909],[95.518,27.877],[95.386,27.837],[95.318,27.867],[95.238,27.844],[95.054,27.786],[95.041,27.774],[94.989,27.767],[94.932,27.753],[94.886,27.738],[94.868,27.742],[94.856,27.728],[94.851,27.707],[94.823,27.692],[94.802,27.693],[94.745,27.66],[94.723,27.666],[94.686,27.66],[94.651,27.638],[94.642,27.627],[94.588,27.616],[94.576,27.603],[94.528,27.592],[94.502,27.574],[94.485,27.574],[94.462,27.554],[94.456,27.567],[94.423,27.598],[94.405,27.584],[94.39,27.586],[94.37,27.573],[94.291,27.591],[94.257,27.611],[94.265,27.633],[94.238,27.629],[94.216,27.601],[94.225,27.598],[94.229,27.572],[94.259,27.554],[94.262,27.52],[94.197,27.494],[94.159,27.475],[94.162,27.463],[94.089,27.401],[94.063,27.36],[94.002,27.332],[93.959,27.292],[93.941,27.27],[93.903,27.238],[93.87,27.196],[93.842,27.17],[93.811,27.149],[93.808,27.135],[93.824,27.119],[93.839,27.075],[93.83,27.066],[93.8,27.061],[93.77,27.04],[93.721,27.016],[93.678,26.968],[93.626,26.961],[93.586,26.95],[93.528,26.946],[93.491,26.936],[93.47,26.936],[93.45,26.951],[93.35,26.961],[93.269,26.954],[93.225,26.947],[93.187,26.936],[93.111,26.925],[93.094,26.913],[93.071,26.922],[93.022,26.915],[93,26.928],[92.92,26.962],[92.919,26.983],[92.875,27.006],[92.839,27.012],[92.772,27.031],[92.717,27.024],[92.662,27.037],[92.648,27.008],[92.648,26.986],[92.588,26.96],[92.557,26.957],[92.508,26.965],[92.449,26.959],[92.429,26.942],[92.415,26.943],[92.403,26.925],[92.356,26.934],[92.306,26.923],[92.307,26.908],[92.28,26.901],[92.258,26.911],[92.198,26.89],[92.124,26.889],[92.111,26.893],[92.101,26.867],[92.059,26.847],[92.02,26.85],[91.989,26.857],[91.958,26.887],[91.901,26.915],[91.857,26.911],[91.835,26.875],[91.806,26.851],[91.731,26.812],[91.701,26.811],[91.683,26.804],[91.628,26.82],[91.595,26.804],[91.497,26.789],[91.482,26.791],[91.412,26.835],[91.384,26.801],[91.34,26.779],[91.299,26.784],[91.266,26.804],[91.185,26.811],[91.134,26.808],[91.093,26.818],[91.058,26.779],[91,26.788],[90.901,26.778],[90.875,26.779],[90.807,26.774],[90.746,26.775],[90.705,26.768],[90.684,26.78],[90.654,26.774],[90.635,26.791],[90.565,26.801],[90.459,26.872],[90.427,26.898],[90.415,26.902],[90.36,26.896],[90.351,26.876],[90.317,26.851],[90.296,26.848],[90.231,26.858],[90.2,26.833],[90.188,26.804],[90.194,26.77],[90.133,26.749],[90.073,26.732],[90.05,26.729],[90.007,26.734],[89.963,26.723],[89.895,26.724],[89.868,26.737],[89.862,26.704],[89.877,26.683],[89.873,26.657],[89.879,26.643],[89.863,26.632],[89.867,26.615],[89.882,26.613],[89.883,26.584],[89.87,26.57],[89.867,26.53],[89.86,26.521],[89.858,26.488],[89.875,26.464],[89.875,26.448],[89.86,26.434],[89.85,26.41],[89.862,26.384],[89.832,26.367],[89.787,26.353],[89.786,26.331],[89.747,26.295],[89.726,26.288],[89.742,26.271],[89.722,26.259],[89.717,26.228],[89.721,26.191],[89.705,26.185],[89.723,26.166],[89.753,26.153],[89.77,26.132],[89.765,26.113],[89.787,26.106],[89.786,26.086],[89.801,26.073],[89.788,26.053],[89.821,26.024],[89.819,25.989],[89.835,25.986],[89.843,26.005],[89.872,25.976],[89.831,25.947],[89.845,25.941],[89.879,25.944],[89.888,25.938],[89.874,25.913],[89.84,25.878],[89.835,25.838],[89.819,25.817],[89.831,25.805],[89.843,25.761],[89.828,25.742],[89.84,25.715],[89.856,25.715],[89.848,25.69],[89.872,25.654],[89.883,25.615],[89.874,25.588],[89.879,25.576],[89.87,25.548],[89.856,25.538],[89.863,25.523],[89.856,25.477],[89.879,25.492],[89.87,25.524],[89.871,25.54],[89.89,25.558],[89.93,25.564],[89.977,25.575],[89.983,25.591],[90.006,25.584],[90.022,25.608],[90.008,25.624],[89.951,25.659],[89.941,25.687],[89.898,25.727],[89.9,25.744],[89.926,25.739],[89.959,25.775],[89.956,25.811],[89.949,25.825],[89.978,25.828],[90.012,25.847],[90.026,25.869],[90.009,25.879],[90.025,25.893],[90.046,25.891],[90.067,25.916],[90.096,25.929],[90.118,25.957],[90.198,25.957],[90.217,25.954],[90.291,25.964],[90.328,25.974],[90.334,25.988],[90.369,26.01],[90.4,26.014],[90.432,25.989],[90.461,25.999],[90.481,26.015],[90.51,25.996],[90.538,25.958],[90.536,25.932],[90.522,25.909],[90.529,25.901],[90.557,25.929],[90.575,25.939],[90.582,25.958],[90.633,25.937],[90.631,25.917],[90.679,25.936],[90.69,25.95],[90.717,25.952],[90.744,25.941],[90.744,25.915],[90.781,25.908],[90.801,25.941],[90.824,25.948],[90.873,25.942],[90.886,25.951],[90.922,25.913],[90.919,25.943],[90.961,25.933],[90.971,25.887],[90.988,25.889],[91.017,25.884],[91.03,25.866],[91.016,25.857],[91.005,25.825],[91.024,25.822],[91.052,25.848],[91.069,25.846],[91.07,25.825],[91.124,25.831],[91.156,25.849],[91.205,25.84],[91.183,25.776],[91.192,25.763],[91.191,25.738],[91.227,25.723],[91.258,25.747],[91.278,25.746],[91.309,25.796],[91.335,25.831],[91.351,25.84],[91.415,25.853],[91.444,25.841],[91.471,25.858],[91.486,25.89],[91.504,25.898],[91.504,25.92],[91.522,25.94],[91.521,25.957],[91.54,25.961],[91.554,25.974],[91.568,26.001],[91.573,26.026],[91.599,26.02],[91.635,26.021],[91.627,25.985],[91.64,25.964],[91.633,25.944],[91.614,25.939],[91.65,25.913],[91.672,25.904],[91.723,25.953],[91.726,26.029],[91.734,26.058],[91.762,26.07],[91.781,26.09],[91.793,26.086],[91.822,26.118],[91.878,26.096],[91.872,26.056],[91.886,26.029],[91.91,26.026],[91.928,25.998],[91.936,26.013],[91.98,26.024],[91.993,26.04],[92.038,26.038],[92.055,26.031],[92.095,26.047],[92.135,26.044],[92.153,26.063],[92.18,26.078],[92.191,26.065],[92.214,26.069],[92.243,26.061],[92.276,26.063],[92.258,26.027],[92.203,25.984],[92.168,25.963],[92.158,25.943],[92.162,25.914],[92.183,25.907],[92.224,25.91],[92.227,25.9],[92.183,25.87],[92.183,25.85],[92.155,25.811],[92.153,25.782],[92.167,25.743],[92.157,25.707],[92.171,25.665],[92.212,25.694],[92.226,25.712],[92.238,25.707],[92.272,25.709],[92.308,25.721],[92.34,25.725],[92.373,25.745],[92.418,25.738],[92.443,25.719],[92.429,25.708],[92.436,25.685],[92.467,25.68],[92.483,25.662],[92.499,25.625],[92.559,25.61],[92.562,25.572],[92.588,25.551],[92.631,25.568],[92.642,25.585],[92.661,25.583],[92.646,25.535],[92.622,25.513],[92.582,25.493],[92.569,25.478],[92.572,25.462],[92.599,25.469],[92.606,25.446],[92.608,25.416],[92.651,25.429],[92.661,25.408],[92.674,25.415],[92.701,25.385],[92.719,25.372],[92.737,25.371],[92.761,25.333],[92.785,25.33],[92.784,25.305],[92.793,25.284],[92.77,25.266],[92.765,25.247],[92.773,25.231],[92.803,25.219],[92.78,25.2],[92.747,25.205],[92.677,25.18],[92.644,25.149],[92.622,25.115],[92.582,25.13],[92.554,25.128],[92.525,25.138],[92.527,25.104],[92.485,25.106],[92.481,25.084],[92.466,25.055],[92.452,25.039],[92.425,25.03],[92.42,24.992],[92.423,24.974],[92.466,24.963],[92.455,24.942],[92.489,24.942],[92.484,24.931],[92.496,24.906],[92.498,24.868],[92.451,24.874],[92.438,24.86],[92.411,24.863],[92.403,24.855],[92.351,24.888],[92.315,24.901],[92.308,24.916],[92.286,24.908],[92.25,24.908],[92.253,24.881],[92.237,24.861],[92.249,24.849],[92.247,24.833],[92.272,24.829],[92.275,24.801],[92.264,24.764],[92.271,24.748],[92.266,24.712],[92.257,24.701],[92.234,24.697],[92.226,24.68],[92.24,24.648],[92.232,24.618],[92.223,24.609],[92.233,24.581],[92.233,24.502],[92.231,24.459],[92.257,24.435],[92.256,24.417],[92.273,24.387],[92.264,24.36],[92.213,24.248],[92.296,24.25],[92.422,24.251],[92.419,24.192],[92.433,24.181],[92.436,24.15],[92.463,24.134],[92.488,24.16],[92.529,24.173],[92.547,24.222],[92.55,24.244],[92.588,24.243],[92.611,24.251],[92.619,24.279],[92.619,24.309],[92.626,24.332],[92.645,24.325],[92.657,24.341],[92.691,24.354],[92.714,24.403],[92.73,24.45],[92.765,24.518],[92.803,24.419],[92.831,24.397],[92.832,24.374],[92.862,24.397],[92.884,24.4],[92.904,24.391],[92.911,24.41],[92.935,24.393],[92.96,24.393],[92.979,24.407],[93,24.4],[93.038,24.408],[93.031,24.426],[93.037,24.458],[93.048,24.472],[93.035,24.494],[93.052,24.516],[93.052,24.541],[93.096,24.579],[93.075,24.593],[93.086,24.608],[93.084,24.644],[93.098,24.663],[93.088,24.706],[93.097,24.728],[93.112,24.799],[93.131,24.803],[93.157,24.789],[93.192,24.803],[93.191,24.819],[93.201,24.847],[93.228,24.874],[93.233,24.895],[93.253,24.915],[93.244,24.94],[93.259,24.948],[93.263,24.963],[93.246,25.001],[93.248,25.015],[93.267,25.045],[93.296,25.044],[93.323,25.088],[93.335,25.092],[93.351,25.141],[93.353,25.178],[93.387,25.228],[93.403,25.259],[93.474,25.305],[93.456,25.321],[93.452,25.34],[93.478,25.376],[93.463,25.407],[93.457,25.438],[93.435,25.451],[93.417,25.449],[93.39,25.465],[93.39,25.482],[93.372,25.498],[93.358,25.524],[93.333,25.545],[93.346,25.558],[93.373,25.566],[93.39,25.591],[93.407,25.593],[93.418,25.617],[93.466,25.64],[93.483,25.642],[93.52,25.68],[93.544,25.698],[93.545,25.723],[93.566,25.737],[93.573,25.753],[93.622,25.776],[93.629,25.8],[93.649,25.82],[93.678,25.825],[93.683,25.837],[93.706,25.849],[93.691,25.885],[93.688,25.905],[93.75,25.933],[93.769,25.951],[93.785,25.954],[93.798,25.905],[93.78,25.842],[93.796,25.81],[93.819,25.822],[93.824,25.843],[93.852,25.859],[93.883,25.841],[93.893,25.86],[93.916,25.883],[93.96,25.901],[93.983,25.922],[93.969,25.956],[93.956,25.97],[93.955,26.003],[93.966,26.038],[93.991,26.068],[93.986,26.079],[94.007,26.143],[94,26.154],[94.013,26.182],[94.036,26.199],[94.042,26.229],[94.053,26.251],[94.071,26.256],[94.103,26.304],[94.108,26.322],[94.139,26.337],[94.165,26.335],[94.165,26.356],[94.179,26.384],[94.176,26.427],[94.187,26.456],[94.202,26.465],[94.212,26.485],[94.24,26.507],[94.263,26.539],[94.283,26.559],[94.294,26.476],[94.317,26.458],[94.324,26.475],[94.352,26.491],[94.351,26.504],[94.378,26.508],[94.397,26.525],[94.415,26.578],[94.406,26.597],[94.41,26.612],[94.455,26.634],[94.468,26.665],[94.499,26.669],[94.521,26.697],[94.546,26.706],[94.593,26.698],[94.594,26.721],[94.61,26.735],[94.623,26.714],[94.687,26.727],[94.732,26.759],[94.757,26.767],[94.773,26.79],[94.803,26.801],[94.822,26.849],[94.852,26.876],[94.87,26.91],[94.887,26.927],[94.914,26.937],[94.934,26.933],[94.958,26.938],[94.986,26.913],[95.022,26.92],[95.038,26.933],[95.087,26.947],[95.11,26.961],[95.117,26.978],[95.155,27],[95.196,27.037]]]},"properties":{"ST_NM":"Assam"}},
{"type":"Feature","geometry":{"type":"Polygon","coordinates":[[[88.112,26.539],[88.1,26.509],[88.109,26.465],[88.097,26.454],[88.098,26.434],[88.061,26.399],[88.033,26.377],[88.031,26.355],[88.01,26.355],[87.992,26.373],[87.991,26.393],[87.967,26.398],[87.92,26.432],[87.924,26.447],[87.902,26.477],[87.86,26.463],[87.851,26.436],[87.796,26.468],[87.777,26.451],[87.78,26.434],[87.767,26.409],[87.74,26.419],[87.725,26.412],[87.715,26.427],[87.679,26.436],[87.679,26.416],[87.652,26.406],[87.653,26.393],[87.587,26.394],[87.555,26.405],[87.55,26.419],[87.479,26.44],[87.444,26.433],[87.429,26.421],[87.389,26.419],[87.365,26.403],[87.356,26.386],[87.358,26.361],[87.341,26.348],[87.319,26.364],[87.291,26.374],[87.267,26.374],[87.266,26.408],[87.246,26.415],[87.188,26.414],[87.158,26.406],[87.092,26.452],[87.078,26.537],[87.072,26.586],[87.046,26.587],[87.046,26.573],[87.016,26.534],[86.964,26.522],[86.933,26.512],[86.932,26.488],[86.896,26.487],[86.897,26.462],[86.866,26.455],[86.843,26.44],[86.823,26.44],[86.773,26.458],[86.735,26.424],[86.699,26.442],[86.693,26.451],[86.635,26.467],[86.618,26.486],[86.573,26.498],[86.538,26.541],[86.501,26.542],[86.455,26.569],[86.398,26.586],[86.396,26.595],[86.359,26.604],[86.346,26.617],[86.311,26.62],[86.297,26.613],[86.256,26.613],[86.222,26.59],[86.201,26.594],[86.195,26.615],[86.162,26.614],[86.144,26.604],[86.139,26.629],[86.127,26.628],[86.077,26.65],[86.072,26.659],[86.03,26.666],[86.015,26.656],[85.976,26.659],[85.957,26.65],[85.944,26.616],[85.912,26.609],[85.888,26.586],[85.857,26.569],[85.852,26.608],[85.831,26.613],[85.818,26.603],[85.802,26.625],[85.769,26.632],[85.742,26.645],[85.724,26.681],[85.736,26.795],[85.726,26.817],[85.678,26.845],[85.643,26.853],[85.637,26.872],[85.624,26.874],[85.609,26.857],[85.567,26.841],[85.545,26.837],[85.523,26.813],[85.507,26.815],[85.496,26.797],[85.455,26.781],[85.438,26.789],[85.409,26.791],[85.372,26.758],[85.362,26.763],[85.337,26.741],[85.308,26.752],[85.258,26.756],[85.236,26.763],[85.209,26.76],[85.194,26.78],[85.179,26.815],[85.192,26.83],[85.196,26.869],[85.105,26.871],[85.087,26.854],[85.067,26.85],[85.027,26.856],[85.033,26.874],[85.054,26.889],[85.011,26.894],[85.002,26.916],[84.971,26.92],[84.979,26.945],[84.962,26.963],[84.932,26.972],[84.901,26.973],[84.855,26.996],[84.858,27.008],[84.829,27.021],[84.805,27.001],[84.778,27.018],[84.763,27],[84.702,27.029],[84.646,27.047],[84.651,27.073],[84.671,27.091],[84.688,27.155],[84.678,27.171],[84.686,27.181],[84.691,27.223],[84.676,27.256],[84.643,27.314],[84.626,27.337],[84.566,27.349],[84.527,27.352],[84.424,27.371],[84.393,27.369],[84.341,27.375],[84.304,27.391],[84.277,27.397],[84.272,27.429],[84.255,27.45],[84.213,27.449],[84.211,27.467],[84.19,27.47],[84.155,27.487],[84.15,27.501],[84.117,27.521],[84.102,27.514],[84.102,27.498],[84.07,27.481],[84.063,27.454],[84.026,27.435],[84,27.445],[83.984,27.438],[83.936,27.449],[83.915,27.44],[83.869,27.437],[83.845,27.442],[83.837,27.422],[83.886,27.376],[83.866,27.344],[83.839,27.324],[83.865,27.308],[83.898,27.323],[83.918,27.327],[83.934,27.313],[83.929,27.289],[83.906,27.274],[83.912,27.249],[83.958,27.235],[83.97,27.214],[83.989,27.197],[83.995,27.179],[83.978,27.162],[83.951,27.117],[83.951,27.087],[83.965,27.083],[84.021,27.102],[84.031,27.092],[84.005,27.058],[84.034,27.042],[84.051,27.042],[84.045,27.016],[84.059,26.988],[84.045,26.946],[84.057,26.929],[84.062,26.889],[84.086,26.876],[84.102,26.875],[84.111,26.891],[84.14,26.882],[84.141,26.853],[84.16,26.837],[84.178,26.832],[84.186,26.851],[84.219,26.868],[84.238,26.867],[84.262,26.842],[84.252,26.819],[84.262,26.806],[84.245,26.764],[84.234,26.754],[84.252,26.728],[84.288,26.749],[84.307,26.751],[84.328,26.714],[84.335,26.682],[84.411,26.669],[84.414,26.64],[84.424,26.625],[84.335,26.613],[84.306,26.613],[84.281,26.597],[84.211,26.622],[84.177,26.622],[84.161,26.636],[84.115,26.635],[84.09,26.638],[84.094,26.608],[84.059,26.559],[84.057,26.541],[84.01,26.522],[83.983,26.529],[83.975,26.509],[83.94,26.522],[83.911,26.515],[83.916,26.504],[83.911,26.448],[83.955,26.435],[83.993,26.432],[84,26.445],[84.025,26.439],[84.026,26.429],[84.045,26.405],[84.071,26.388],[84.126,26.383],[84.18,26.372],[84.176,26.336],[84.191,26.315],[84.18,26.301],[84.177,26.271],[84.166,26.259],[84.122,26.26],[84.119,26.239],[84.101,26.238],[84.083,26.222],[84.043,26.23],[84.011,26.188],[84.012,26.176],[84.037,26.161],[84.027,26.143],[84.051,26.129],[84.058,26.097],[84.1,26.094],[84.125,26.073],[84.145,26.045],[84.176,26.023],[84.181,25.997],[84.201,25.987],[84.21,25.998],[84.249,25.981],[84.3,25.946],[84.322,25.946],[84.36,25.957],[84.395,25.936],[84.417,25.929],[84.44,25.891],[84.494,25.887],[84.515,25.871],[84.537,25.876],[84.535,25.833],[84.555,25.84],[84.596,25.818],[84.629,25.791],[84.609,25.759],[84.635,25.74],[84.621,25.729],[84.604,25.738],[84.564,25.735],[84.567,25.699],[84.561,25.682],[84.54,25.691],[84.525,25.676],[84.498,25.689],[84.475,25.684],[84.457,25.713],[84.433,25.71],[84.432,25.693],[84.41,25.698],[84.402,25.727],[84.363,25.742],[84.334,25.735],[84.327,25.67],[84.298,25.661],[84.225,25.662],[84.208,25.671],[84.203,25.702],[84.176,25.72],[84.157,25.724],[84.116,25.722],[84.091,25.711],[84.078,25.694],[84.088,25.651],[84.085,25.636],[84.023,25.614],[83.953,25.565],[83.929,25.56],[83.901,25.524],[83.881,25.518],[83.88,25.501],[83.86,25.472],[83.842,25.461],[83.847,25.435],[83.811,25.431],[83.805,25.406],[83.791,25.397],[83.756,25.402],[83.718,25.393],[83.695,25.368],[83.665,25.362],[83.628,25.327],[83.619,25.331],[83.581,25.316],[83.553,25.311],[83.516,25.284],[83.489,25.28],[83.469,25.25],[83.451,25.257],[83.418,25.247],[83.397,25.205],[83.358,25.197],[83.352,25.157],[83.362,25.147],[83.362,25.108],[83.348,25.11],[83.34,25.081],[83.338,25.049],[83.325,25.036],[83.328,25.014],[83.352,25.009],[83.352,24.962],[83.365,24.954],[83.366,24.912],[83.36,24.901],[83.376,24.862],[83.398,24.831],[83.404,24.809],[83.395,24.783],[83.419,24.774],[83.442,24.755],[83.461,24.732],[83.47,24.734],[83.475,24.733],[83.491,24.73],[83.498,24.704],[83.521,24.678],[83.507,24.667],[83.505,24.65],[83.524,24.642],[83.542,24.614],[83.525,24.602],[83.533,24.584],[83.525,24.548],[83.501,24.541],[83.506,24.526],[83.55,24.525],[83.608,24.512],[83.69,24.515],[83.725,24.504],[83.756,24.51],[83.79,24.523],[83.807,24.529],[83.865,24.537],[83.876,24.532],[83.936,24.547],[83.965,24.575],[83.98,24.596],[84,24.637],[84.032,24.628],[84.054,24.611],[84.067,24.576],[84.08,24.569],[84.086,24.544],[84.097,24.533],[84.097,24.503],[84.117,24.481],[84.148,24.504],[84.144,24.529],[84.154,24.54],[84.172,24.533],[84.161,24.517],[84.187,24.51],[84.18,24.541],[84.228,24.55],[84.266,24.537],[84.277,24.541],[84.277,24.564],[84.301,24.565],[84.327,24.522],[84.334,24.502],[84.329,24.489],[84.302,24.48],[84.293,24.465],[84.301,24.45],[84.323,24.447],[84.338,24.431],[84.333,24.411],[84.343,24.395],[84.369,24.386],[84.39,24.389],[84.402,24.368],[84.43,24.359],[84.425,24.331],[84.462,24.338],[84.469,24.317],[84.501,24.287],[84.525,24.334],[84.529,24.376],[84.553,24.374],[84.573,24.384],[84.567,24.397],[84.58,24.412],[84.608,24.401],[84.627,24.402],[84.666,24.394],[84.675,24.413],[84.674,24.431],[84.686,24.456],[84.714,24.472],[84.732,24.473],[84.749,24.496],[84.787,24.505],[84.791,24.518],[84.827,24.525],[84.84,24.511],[84.835,24.47],[84.87,24.458],[84.887,24.463],[84.885,24.423],[84.905,24.394],[84.911,24.372],[84.933,24.378],[84.955,24.372],[84.976,24.376],[84.998,24.412],[85.039,24.425],[85.082,24.409],[85.073,24.387],[85.1,24.382],[85.122,24.409],[85.155,24.418],[85.176,24.43],[85.16,24.464],[85.21,24.473],[85.231,24.471],[85.262,24.498],[85.289,24.497],[85.286,24.519],[85.304,24.529],[85.326,24.525],[85.39,24.533],[85.41,24.545],[85.44,24.536],[85.501,24.551],[85.511,24.53],[85.541,24.533],[85.547,24.551],[85.575,24.565],[85.568,24.584],[85.584,24.603],[85.605,24.598],[85.615,24.585],[85.651,24.579],[85.672,24.582],[85.679,24.62],[85.668,24.651],[85.667,24.675],[85.656,24.687],[85.687,24.694],[85.712,24.729],[85.712,24.769],[85.728,24.787],[85.744,24.823],[85.772,24.813],[85.784,24.799],[85.818,24.795],[85.834,24.81],[85.885,24.801],[85.917,24.754],[85.957,24.732],[85.977,24.734],[85.984,24.748],[86.007,24.752],[86.013,24.766],[86.055,24.779],[86.07,24.752],[86.112,24.736],[86.131,24.706],[86.14,24.676],[86.125,24.642],[86.132,24.612],[86.159,24.6],[86.172,24.584],[86.222,24.592],[86.224,24.612],[86.255,24.586],[86.299,24.587],[86.326,24.575],[86.31,24.559],[86.308,24.533],[86.319,24.509],[86.3,24.477],[86.307,24.458],[86.326,24.441],[86.36,24.443],[86.38,24.417],[86.405,24.401],[86.422,24.38],[86.453,24.369],[86.468,24.378],[86.472,24.423],[86.495,24.426],[86.498,24.44],[86.496,24.485],[86.512,24.519],[86.53,24.537],[86.553,24.536],[86.561,24.56],[86.589,24.574],[86.59,24.586],[86.613,24.595],[86.675,24.562],[86.725,24.579],[86.738,24.577],[86.752,24.59],[86.76,24.616],[86.798,24.616],[86.812,24.595],[86.815,24.565],[86.843,24.569],[86.861,24.551],[86.882,24.568],[86.913,24.544],[86.904,24.587],[86.942,24.631],[86.972,24.633],[87.016,24.607],[87.056,24.608],[87.05,24.625],[87.061,24.672],[87.077,24.695],[87.088,24.725],[87.08,24.746],[87.092,24.759],[87.089,24.78],[87.102,24.798],[87.083,24.809],[87.112,24.848],[87.153,24.863],[87.164,24.886],[87.154,24.918],[87.16,24.992],[87.15,25.011],[87.183,25.065],[87.194,25.068],[87.217,25.09],[87.24,25.086],[87.246,25.1],[87.265,25.105],[87.297,25.09],[87.304,25.135],[87.314,25.151],[87.33,25.224],[87.374,25.207],[87.398,25.228],[87.461,25.198],[87.478,25.195],[87.479,25.241],[87.502,25.266],[87.488,25.296],[87.519,25.293],[87.531,25.281],[87.544,25.297],[87.553,25.331],[87.573,25.334],[87.613,25.312],[87.632,25.316],[87.658,25.308],[87.69,25.311],[87.699,25.304],[87.697,25.282],[87.714,25.272],[87.714,25.257],[87.789,25.247],[87.793,25.221],[87.835,25.205],[87.828,25.235],[87.855,25.254],[87.862,25.278],[87.856,25.298],[87.835,25.304],[87.787,25.339],[87.795,25.373],[87.772,25.378],[87.769,25.396],[87.792,25.449],[87.815,25.435],[87.832,25.446],[87.84,25.465],[87.869,25.466],[87.866,25.478],[87.876,25.503],[87.906,25.508],[87.909,25.519],[87.93,25.536],[87.961,25.538],[88.01,25.494],[88.021,25.501],[88.037,25.486],[88.067,25.486],[88.075,25.513],[88.033,25.554],[88.04,25.566],[88.028,25.583],[88.047,25.606],[88.042,25.641],[88.052,25.645],[88.049,25.674],[88.057,25.686],[87.986,25.719],[87.95,25.744],[87.944,25.759],[87.907,25.78],[87.909,25.814],[87.894,25.833],[87.917,25.852],[87.891,25.865],[87.878,25.86],[87.829,25.872],[87.822,25.886],[87.823,25.913],[87.813,25.93],[87.837,25.962],[87.833,25.984],[87.847,26.02],[87.849,26.044],[87.919,26.091],[87.929,26.072],[87.944,26.084],[87.966,26.084],[87.976,26.109],[87.976,26.154],[87.989,26.159],[88.005,26.14],[88.044,26.178],[88.059,26.172],[88.081,26.181],[88.126,26.228],[88.145,26.231],[88.151,26.253],[88.183,26.262],[88.231,26.289],[88.233,26.304],[88.251,26.316],[88.268,26.338],[88.279,26.33],[88.296,26.351],[88.28,26.377],[88.244,26.375],[88.236,26.39],[88.262,26.416],[88.25,26.449],[88.236,26.447],[88.228,26.467],[88.2,26.472],[88.186,26.494],[88.201,26.508],[88.24,26.532],[88.238,26.552],[88.214,26.535],[88.192,26.544],[88.175,26.537],[88.172,26.521],[88.139,26.512],[88.112,26.539]]]},"properties":{"ST_NM":"Bihar"}},
{"type":"Feature","geometry":{"type":"Polygon","coordinates":[[[76.841,30.76],[76.825,30.763],[76.809,30.782],[76.794,30.77],[76.773,30.795],[76.742,30.773],[76.704,30.756],[76.729,30.725],[76.728,30.71],[76.758,30.687],[76.807,30.665],[76.833,30.682],[76.85,30.71],[76.836,30.736],[76.841,30.76]]]},"properties":{"ST_NM":"Chandigarh"}},
{"type":"Feature","geometry":{"type":"Polygon","coordinates":[[[84.01,22.523],[84.006,22.541],[84.012,22.571],[84.028,22.589],[84.055,22.596],[84.087,22.638],[84.157,22.636],[84.204,22.666],[84.222,22.667],[84.239,22.691],[84.232,22.737],[84.267,22.767],[84.292,22.765],[84.297,22.789],[84.317,22.801],[84.325,22.819],[84.327,22.851],[84.336,22.861],[84.365,22.862],[84.383,22.875],[84.384,22.899],[84.396,22.94],[84.377,22.977],[84.339,22.981],[84.314,22.969],[84.286,22.963],[84.276,22.981],[84.258,22.973],[84.244,22.982],[84.224,22.978],[84.186,23.024],[84.176,22.996],[84.175,22.972],[84.155,22.965],[84.151,22.99],[84.132,23.032],[84.138,23.065],[84.134,23.086],[84.12,23.088],[84.095,23.111],[84.074,23.108],[84.041,23.14],[84.036,23.155],[84.051,23.186],[84.063,23.197],[84.058,23.242],[84.071,23.293],[84.067,23.309],[84.077,23.331],[84.057,23.353],[84.045,23.377],[84.028,23.376],[84.014,23.354],[83.99,23.36],[83.974,23.375],[83.975,23.394],[83.987,23.427],[83.977,23.448],[84.005,23.494],[84.016,23.5],[84.03,23.545],[84.032,23.566],[84.028,23.601],[84.009,23.621],[83.983,23.631],[83.956,23.625],[83.947,23.623],[83.937,23.594],[83.943,23.563],[83.829,23.585],[83.814,23.583],[83.782,23.6],[83.772,23.622],[83.755,23.627],[83.759,23.649],[83.722,23.683],[83.74,23.705],[83.737,23.755],[83.72,23.772],[83.718,23.789],[83.703,23.807],[83.703,23.821],[83.68,23.82],[83.666,23.828],[83.664,23.843],[83.608,23.853],[83.589,23.862],[83.578,23.89],[83.557,23.892],[83.545,23.914],[83.547,23.933],[83.52,23.967],[83.515,24.001],[83.517,24.025],[83.487,24.038],[83.455,24.042],[83.441,24.054],[83.433,24.083],[83.408,24.081],[83.391,24.099],[83.353,24.096],[83.331,24.101],[83.302,24.078],[83.286,24.046],[83.286,24.024],[83.224,23.989],[83.219,23.96],[83.197,23.92],[83.153,23.909],[83.135,23.889],[83.094,23.877],[83.069,23.874],[83.044,23.882],[82.992,23.879],[82.961,23.872],[82.933,23.89],[82.889,23.909],[82.871,23.925],[82.857,23.946],[82.829,23.964],[82.816,23.962],[82.805,23.96],[82.783,23.937],[82.762,23.935],[82.756,23.921],[82.71,23.924],[82.69,23.911],[82.662,23.905],[82.654,23.888],[82.668,23.869],[82.648,23.857],[82.637,23.838],[82.614,23.835],[82.594,23.822],[82.556,23.826],[82.547,23.811],[82.552,23.793],[82.524,23.783],[82.493,23.787],[82.471,23.81],[82.457,23.81],[82.396,23.8],[82.376,23.81],[82.355,23.802],[82.305,23.807],[82.263,23.821],[82.239,23.806],[82.207,23.83],[82.212,23.852],[82.18,23.836],[82.177,23.823],[82.142,23.817],[82.125,23.822],[82.086,23.816],[82.053,23.819],[82.043,23.841],[82.008,23.861],[81.97,23.855],[81.958,23.851],[81.924,23.871],[81.902,23.842],[81.87,23.833],[81.861,23.823],[81.839,23.82],[81.819,23.808],[81.78,23.812],[81.735,23.839],[81.729,23.859],[81.71,23.861],[81.705,23.884],[81.69,23.888],[81.687,23.906],[81.669,23.924],[81.637,23.906],[81.615,23.901],[81.608,23.881],[81.623,23.871],[81.606,23.852],[81.617,23.834],[81.633,23.834],[81.65,23.803],[81.647,23.769],[81.677,23.756],[81.68,23.738],[81.695,23.72],[81.681,23.692],[81.657,23.682],[81.651,23.659],[81.621,23.659],[81.61,23.598],[81.577,23.587],[81.585,23.553],[81.61,23.552],[81.613,23.509],[81.639,23.49],[81.655,23.501],[81.662,23.53],[81.701,23.522],[81.714,23.532],[81.737,23.564],[81.756,23.564],[81.764,23.551],[81.805,23.547],[81.818,23.521],[81.835,23.51],[81.887,23.517],[81.912,23.534],[81.924,23.531],[81.942,23.504],[81.957,23.496],[81.958,23.465],[81.979,23.446],[81.978,23.423],[82.007,23.412],[82.031,23.409],[82.022,23.392],[82.031,23.383],[82.057,23.378],[82.062,23.389],[82.106,23.397],[82.112,23.362],[82.122,23.353],[82.145,23.361],[82.168,23.331],[82.195,23.321],[82.197,23.284],[82.174,23.261],[82.15,23.227],[82.145,23.164],[82.159,23.16],[82.159,23.141],[82.14,23.131],[82.136,23.112],[82.123,23.103],[82.069,23.115],[82.036,23.081],[82.01,23.078],[81.987,23.085],[81.946,23.077],[81.926,23.04],[81.945,23.009],[81.948,22.957],[81.921,22.948],[81.882,22.913],[81.869,22.893],[81.839,22.882],[81.777,22.873],[81.777,22.851],[81.768,22.834],[81.783,22.8],[81.792,22.766],[81.754,22.726],[81.773,22.676],[81.756,22.646],[81.744,22.669],[81.73,22.676],[81.721,22.655],[81.706,22.646],[81.686,22.649],[81.649,22.607],[81.647,22.586],[81.657,22.576],[81.629,22.544],[81.616,22.536],[81.57,22.551],[81.564,22.532],[81.523,22.536],[81.501,22.519],[81.487,22.493],[81.454,22.496],[81.425,22.473],[81.421,22.448],[81.396,22.445],[81.386,22.505],[81.33,22.524],[81.322,22.515],[81.323,22.489],[81.311,22.481],[81.287,22.498],[81.268,22.493],[81.263,22.472],[81.231,22.451],[81.201,22.462],[81.2,22.482],[81.178,22.487],[81.155,22.455],[81.117,22.441],[81.112,22.432],[81.108,22.383],[81.123,22.344],[81.116,22.329],[81.121,22.294],[81.104,22.277],[81.092,22.246],[81.056,22.244],[81.027,22.229],[81.023,22.214],[81.033,22.197],[81.019,22.184],[81.026,22.165],[81.023,22.132],[80.994,22.131],[80.978,22.114],[80.997,22.109],[81.011,22.094],[81.006,22.061],[80.986,22.048],[80.97,22.058],[80.973,22.082],[80.958,22.113],[80.924,22.121],[80.905,22.101],[80.898,22.066],[80.886,22.06],[80.876,22.033],[80.876,22.011],[80.859,21.975],[80.84,21.947],[80.843,21.928],[80.832,21.908],[80.832,21.887],[80.847,21.875],[80.848,21.856],[80.839,21.846],[80.845,21.83],[80.839,21.805],[80.819,21.764],[80.818,21.748],[80.79,21.74],[80.769,21.758],[80.747,21.757],[80.733,21.731],[80.731,21.694],[80.714,21.672],[80.726,21.644],[80.729,21.617],[80.716,21.604],[80.716,21.585],[80.726,21.572],[80.72,21.556],[80.738,21.539],[80.729,21.496],[80.737,21.473],[80.725,21.446],[80.704,21.428],[80.706,21.415],[80.691,21.373],[80.663,21.331],[80.68,21.312],[80.68,21.299],[80.662,21.29],[80.646,21.256],[80.61,21.228],[80.579,21.218],[80.568,21.207],[80.542,21.2],[80.528,21.204],[80.516,21.184],[80.482,21.172],[80.464,21.173],[80.442,21.1],[80.455,21.05],[80.452,21.032],[80.431,21.01],[80.445,20.993],[80.446,20.973],[80.466,20.929],[80.542,20.932],[80.557,20.89],[80.557,20.847],[80.563,20.821],[80.55,20.793],[80.552,20.767],[80.561,20.749],[80.567,20.713],[80.582,20.7],[80.585,20.68],[80.526,20.663],[80.497,20.641],[80.488,20.619],[80.507,20.588],[80.526,20.586],[80.586,20.616],[80.629,20.606],[80.62,20.592],[80.627,20.569],[80.617,20.558],[80.617,20.534],[80.61,20.464],[80.602,20.448],[80.61,20.435],[80.597,20.415],[80.593,20.394],[80.609,20.379],[80.624,20.328],[80.549,20.309],[80.518,20.272],[80.501,20.277],[80.463,20.271],[80.427,20.254],[80.39,20.244],[80.405,20.215],[80.419,20.204],[80.42,20.19],[80.401,20.184],[80.391,20.161],[80.401,20.146],[80.434,20.133],[80.451,20.133],[80.458,20.147],[80.531,20.127],[80.547,20.112],[80.542,20.088],[80.553,20.068],[80.54,20.007],[80.551,19.984],[80.539,19.97],[80.527,19.934],[80.509,19.927],[80.477,19.936],[80.471,19.949],[80.451,19.955],[80.432,19.94],[80.413,19.935],[80.41,19.912],[80.451,19.896],[80.468,19.906],[80.497,19.896],[80.505,19.872],[80.482,19.86],[80.467,19.831],[80.439,19.813],[80.405,19.819],[80.407,19.796],[80.425,19.8],[80.459,19.796],[80.49,19.784],[80.482,19.806],[80.467,19.814],[80.483,19.831],[80.525,19.832],[80.551,19.814],[80.547,19.778],[80.578,19.758],[80.589,19.741],[80.641,19.722],[80.673,19.696],[80.663,19.629],[80.669,19.612],[80.728,19.612],[80.772,19.588],[80.774,19.572],[80.792,19.564],[80.827,19.569],[80.841,19.56],[80.848,19.537],[80.86,19.528],[80.886,19.523],[80.897,19.503],[80.899,19.47],[80.875,19.447],[80.842,19.446],[80.795,19.431],[80.816,19.401],[80.82,19.387],[80.85,19.37],[80.846,19.359],[80.774,19.312],[80.757,19.291],[80.708,19.286],[80.691,19.291],[80.693,19.317],[80.672,19.33],[80.625,19.309],[80.611,19.316],[80.593,19.357],[80.591,19.381],[80.58,19.402],[80.567,19.401],[80.539,19.378],[80.521,19.352],[80.488,19.341],[80.478,19.333],[80.453,19.274],[80.426,19.254],[80.396,19.247],[80.384,19.221],[80.393,19.199],[80.388,19.185],[80.353,19.167],[80.332,19.145],[80.328,19.128],[80.339,19.105],[80.327,19.092],[80.323,19.069],[80.296,19.05],[80.302,19.033],[80.275,18.991],[80.271,18.945],[80.278,18.929],[80.299,18.912],[80.343,18.86],[80.356,18.828],[80.354,18.815],[80.326,18.8],[80.307,18.798],[80.279,18.767],[80.262,18.77],[80.248,18.753],[80.275,18.722],[80.304,18.69],[80.327,18.626],[80.349,18.591],[80.374,18.609],[80.389,18.598],[80.41,18.612],[80.458,18.631],[80.496,18.632],[80.518,18.621],[80.54,18.591],[80.609,18.55],[80.622,18.531],[80.64,18.524],[80.645,18.499],[80.658,18.478],[80.688,18.459],[80.703,18.44],[80.699,18.425],[80.721,18.411],[80.731,18.367],[80.752,18.323],[80.752,18.308],[80.774,18.284],[80.792,18.249],[80.741,18.225],[80.743,18.178],[80.77,18.169],[80.806,18.172],[80.827,18.198],[80.825,18.231],[80.832,18.24],[80.867,18.232],[80.876,18.213],[80.857,18.206],[80.864,18.149],[80.87,18.139],[80.909,18.141],[80.952,18.163],[80.982,18.175],[80.981,18.15],[80.957,18.13],[80.957,18.098],[80.974,18.05],[80.97,18.038],[80.981,18],[80.993,17.93],[81.003,17.921],[81.013,17.845],[81.021,17.824],[81.041,17.797],[81.064,17.79],[81.082,17.794],[81.106,17.824],[81.168,17.86],[81.2,17.854],[81.263,17.82],[81.324,17.82],[81.394,17.814],[81.393,17.833],[81.407,17.854],[81.398,17.867],[81.404,17.895],[81.446,17.884],[81.457,17.911],[81.453,17.93],[81.463,17.954],[81.485,17.981],[81.487,18.011],[81.482,18.036],[81.49,18.057],[81.517,18.1],[81.52,18.136],[81.531,18.164],[81.513,18.191],[81.534,18.244],[81.536,18.266],[81.576,18.28],[81.602,18.308],[81.624,18.308],[81.669,18.323],[81.666,18.346],[81.753,18.353],[81.77,18.418],[81.806,18.447],[81.858,18.496],[81.871,18.524],[81.891,18.536],[81.905,18.535],[81.909,18.564],[81.955,18.566],[81.963,18.594],[81.938,18.603],[81.908,18.626],[81.897,18.628],[81.901,18.661],[81.924,18.643],[81.956,18.636],[81.956,18.663],[81.969,18.675],[81.963,18.687],[81.984,18.702],[82,18.704],[82.042,18.726],[82.087,18.719],[82.099,18.763],[82.154,18.78],[82.169,18.798],[82.164,18.807],[82.173,18.837],[82.166,18.859],[82.179,18.898],[82.222,18.919],[82.248,18.917],[82.23,19.028],[82.202,19.067],[82.217,19.085],[82.199,19.123],[82.176,19.14],[82.187,19.165],[82.181,19.19],[82.164,19.203],[82.16,19.23],[82.16,19.271],[82.176,19.297],[82.188,19.338],[82.15,19.354],[82.149,19.371],[82.174,19.372],[82.191,19.418],[82.178,19.435],[82.127,19.429],[82.105,19.467],[82.11,19.479],[82.099,19.499],[82.1,19.515],[82.079,19.521],[82.068,19.509],[82.03,19.507],[82.054,19.544],[82.052,19.57],[82.043,19.588],[82.059,19.63],[82.054,19.674],[82.045,19.709],[82.054,19.748],[82.065,19.758],[82.067,19.788],[82.06,19.796],[82.007,19.803],[81.988,19.8],[81.965,19.841],[81.968,19.859],[81.906,19.883],[81.866,19.904],[81.853,19.919],[81.856,19.943],[81.845,19.954],[81.854,19.975],[81.868,20.027],[81.881,20.05],[81.897,20.047],[81.941,20.103],[81.952,20.106],[81.981,20.08],[82,20.052],[82.02,20.045],[82.022,20.024],[82.057,20.04],[82.065,20.054],[82.124,20.015],[82.139,20.017],[82.174,20],[82.192,19.986],[82.212,19.985],[82.238,20.003],[82.269,19.976],[82.277,19.95],[82.303,19.904],[82.306,19.888],[82.326,19.864],[82.334,19.843],[82.347,19.835],[82.376,19.86],[82.396,19.887],[82.422,19.902],[82.45,19.908],[82.466,19.9],[82.483,19.906],[82.506,19.89],[82.538,19.887],[82.552,19.874],[82.574,19.877],[82.605,19.866],[82.579,19.833],[82.579,19.807],[82.586,19.781],[82.627,19.792],[82.653,19.831],[82.706,19.832],[82.719,19.854],[82.708,19.912],[82.717,19.952],[82.719,19.988],[82.708,19.998],[82.658,20.004],[82.631,20.003],[82.622,19.992],[82.59,19.995],[82.584,20.004],[82.551,20.017],[82.51,20.018],[82.483,20.035],[82.449,20.04],[82.403,20.054],[82.398,20.064],[82.402,20.094],[82.398,20.124],[82.386,20.149],[82.391,20.165],[82.413,20.183],[82.421,20.207],[82.412,20.244],[82.413,20.268],[82.436,20.283],[82.43,20.314],[82.401,20.34],[82.418,20.381],[82.417,20.407],[82.432,20.414],[82.437,20.43],[82.425,20.442],[82.427,20.461],[82.396,20.456],[82.388,20.514],[82.356,20.527],[82.331,20.558],[82.35,20.579],[82.346,20.598],[82.363,20.607],[82.375,20.633],[82.373,20.665],[82.351,20.702],[82.353,20.732],[82.343,20.762],[82.346,20.793],[82.341,20.844],[82.354,20.887],[82.375,20.867],[82.39,20.873],[82.409,20.866],[82.413,20.841],[82.423,20.83],[82.467,20.839],[82.485,20.85],[82.492,20.876],[82.491,20.903],[82.56,20.945],[82.589,20.99],[82.612,21.009],[82.63,21.04],[82.616,21.067],[82.633,21.08],[82.652,21.105],[82.641,21.139],[82.643,21.152],[82.692,21.161],[82.708,21.156],[82.728,21.162],[82.765,21.162],[82.789,21.144],[82.82,21.162],[82.847,21.167],[82.887,21.152],[82.91,21.166],[82.929,21.161],[82.95,21.166],[82.963,21.179],[82.972,21.159],[82.987,21.161],[83.018,21.149],[83.048,21.122],[83.079,21.112],[83.127,21.105],[83.141,21.109],[83.169,21.135],[83.2,21.143],[83.215,21.205],[83.226,21.227],[83.221,21.254],[83.232,21.27],[83.25,21.28],[83.275,21.272],[83.28,21.3],[83.266,21.305],[83.262,21.335],[83.273,21.349],[83.277,21.378],[83.317,21.368],[83.382,21.343],[83.41,21.352],[83.401,21.365],[83.401,21.403],[83.389,21.413],[83.377,21.439],[83.357,21.447],[83.349,21.488],[83.361,21.538],[83.373,21.553],[83.37,21.576],[83.375,21.6],[83.388,21.616],[83.421,21.639],[83.448,21.652],[83.448,21.621],[83.47,21.609],[83.477,21.63],[83.49,21.643],[83.448,21.658],[83.427,21.678],[83.439,21.697],[83.463,21.697],[83.491,21.744],[83.483,21.777],[83.498,21.811],[83.529,21.797],[83.544,21.797],[83.538,21.835],[83.581,21.832],[83.591,21.856],[83.579,21.875],[83.608,21.913],[83.595,21.929],[83.56,21.935],[83.565,21.946],[83.542,21.966],[83.542,21.979],[83.556,22.009],[83.541,22.025],[83.546,22.058],[83.591,22.057],[83.607,22.068],[83.564,22.102],[83.613,22.16],[83.626,22.199],[83.653,22.227],[83.665,22.227],[83.7,22.248],[83.753,22.243],[83.778,22.26],[83.786,22.277],[83.805,22.292],[83.828,22.298],[83.83,22.318],[83.868,22.346],[83.904,22.342],[83.923,22.362],[83.974,22.36],[84.008,22.372],[84.021,22.406],[84.047,22.435],[84.049,22.466],[84.029,22.474],[84.02,22.487],[83.983,22.504],[83.984,22.52],[84.01,22.523]]]},"properties":{"ST_NM":"Chhattisgarh"}},
{"type":"Feature","geometry":{"type":"Polygon","coordinates":[[[73.207,20.122],[73.191,20.13],[73.189,20.162],[73.208,20.168],[73.218,20.187],[73.2,20.197],[73.171,20.203],[73.132,20.202],[73.142,20.18],[73.11,20.159],[73.095,20.16],[73.083,20.174],[73.062,20.164],[73.064,20.193],[73.054,20.203],[73.06,20.222],[73.077,20.234],[73.092,20.229],[73.115,20.257],[73.127,20.261],[73.136,20.281],[73.151,20.292],[73.169,20.287],[73.167,20.312],[73.132,20.318],[73.124,20.306],[73.106,20.304],[73.112,20.333],[73.104,20.353],[73.091,20.356],[73.081,20.327],[73.045,20.326],[73.036,20.293],[72.98,20.292],[72.964,20.272],[72.935,20.294],[72.92,20.284],[72.913,20.269],[72.93,20.247],[72.959,20.234],[72.96,20.213],[72.965,20.18],[72.975,20.158],[72.962,20.131],[72.975,20.114],[72.994,20.118],[73.021,20.085],[73.049,20.068],[73.048,20.097],[73.088,20.094],[73.107,20.079],[73.153,20.073],[73.171,20.052],[73.189,20.062],[73.188,20.078],[73.209,20.098],[73.207,20.122]]]},"properties":{"ST_NM":"Dadara & Nagar Havelli"}},
{"type":"Feature","geometry":{"type":"MultiPolygon","coordinates":[[[[72.802,20.374],[72.823,20.369],[72.842,20.375],[72.881,20.37],[72.886,20.393],[72.9,20.405],[72.896,20.421],[72.869,20.416],[72.859,20.424],[72.882,20.463],[72.845,20.475],[72.826,20.451],[72.815,20.409],[72.802,20.374]]],[[[70.954,20.735],[70.949,20.735],[70.947,20.735],[70.924,20.739],[70.884,20.73],[70.873,20.71],[70.914,20.7],[70.925,20.712],[70.955,20.704],[70.979,20.705],[70.997,20.714],[70.954,20.735]]]]},"properties":{"ST_NM":"Daman & Diu"}},
{"type":"Feature","geometry":{"type":"Polygon","coordinates":[[[74.119,15.652],[74.073,15.628],[74.032,15.623],[74.02,15.607],[73.995,15.611],[73.968,15.631],[73.961,15.646],[73.968,15.662],[73.963,15.689],[73.949,15.699],[73.951,15.713],[73.937,15.744],[73.9,15.744],[73.872,15.755],[73.878,15.772],[73.857,15.8],[73.83,15.763],[73.824,15.74],[73.812,15.742],[73.777,15.725],[73.767,15.733],[73.74,15.733],[73.732,15.721],[73.676,15.728],[73.687,15.723],[73.702,15.691],[73.743,15.565],[73.759,15.531],[73.765,15.5],[73.806,15.494],[73.804,15.455],[73.84,15.448],[73.862,15.434],[73.908,15.417],[73.9,15.408],[73.873,15.4],[73.843,15.411],[73.804,15.393],[73.81,15.38],[73.843,15.36],[73.87,15.37],[73.892,15.338],[73.923,15.237],[73.947,15.146],[73.94,15.12],[73.914,15.09],[73.933,15.078],[73.963,15.069],[73.984,15.053],[73.984,15.026],[74.004,15.009],[74.018,15.008],[74.046,14.987],[74.042,14.915],[74.076,14.908],[74.088,14.896],[74.106,14.914],[74.142,14.921],[74.163,14.912],[74.159,14.939],[74.18,14.956],[74.198,14.94],[74.235,14.949],[74.256,14.96],[74.268,14.978],[74.255,14.993],[74.296,15.042],[74.281,15.072],[74.275,15.104],[74.287,15.123],[74.283,15.146],[74.305,15.165],[74.316,15.187],[74.296,15.231],[74.257,15.244],[74.27,15.277],[74.296,15.288],[74.328,15.285],[74.336,15.295],[74.317,15.332],[74.322,15.37],[74.299,15.383],[74.284,15.384],[74.269,15.426],[74.276,15.445],[74.25,15.492],[74.275,15.515],[74.281,15.528],[74.266,15.557],[74.248,15.568],[74.259,15.592],[74.261,15.619],[74.253,15.627],[74.249,15.656],[74.225,15.669],[74.217,15.653],[74.168,15.672],[74.166,15.654],[74.136,15.649],[74.119,15.652]]]},"properties":{"ST_NM":"Goa"}},
{"type":"Feature","geometry":{"type":"MultiPolygon","coordinates":[[[[72.7,21.122],[72.71,21.141],[72.677,21.156],[72.665,21.148],[72.676,21.105],[72.69,21.09],[72.697,21.12],[72.699,21.121],[72.7,21.122]]],[[[72.348,21.599],[72.365,21.591],[72.364,21.593],[72.348,21.6],[72.348,21.599],[72.348,21.6],[72.348,21.599]]],[[[72.617,21.637],[72.617,21.638],[72.616,21.638],[72.615,21.637],[72.617,21.637],[72.616,21.638],[72.617,21.637],[72.616,21.638],[72.617,21.637]]],[[[72.723,21.666],[72.716,21.645],[72.745,21.646],[72.748,21.658],[72.723,21.666]]],[[[69.312,22.304],[69.31,22.306],[69.312,22.303],[69.312,22.304],[69.312,22.303],[69.312,22.304]]],[[[69.142,22.454],[69.141,22.457],[69.141,22.453],[69.142,22.454],[69.141,22.453],[69.142,22.454]]],[[[69.628,22.459],[69.593,22.445],[69.592,22.428],[69.637,22.407],[69.648,22.422],[69.643,22.45],[69.628,22.459]]],[[[69.304,22.47],[69.3,22.454],[69.32,22.451],[69.328,22.464],[69.304,22.47]]],[[[69.324,22.527],[69.316,22.52],[69.35,22.504],[69.355,22.524],[69.324,22.527]]],[[[69.957,22.536],[69.954,22.536],[69.957,22.535],[69.957,22.536],[69.957,22.535],[69.957,22.536]]],[[[69.956,22.537],[69.955,22.538],[69.955,22.537],[69.954,22.536],[69.953,22.537],[69.954,22.536],[69.955,22.537],[69.956,22.537],[69.955,22.538],[69.956,22.537],[69.955,22.538],[69.956,22.537]]],[[[69.934,22.534],[69.919,22.553],[69.9,22.546],[69.899,22.525],[69.865,22.53],[69.897,22.512],[69.916,22.512],[69.937,22.53],[69.936,22.53],[69.937,22.53],[69.936,22.53],[69.934,22.534],[69.934,22.533],[69.934,22.534],[69.934,22.533],[69.934,22.534]]],[[[70.024,22.551],[70.02,22.548],[70.022,22.549],[70.022,22.55],[70.024,22.551]]],[[[69.995,22.551],[70.024,22.565],[70.025,22.586],[69.997,22.59],[69.963,22.576],[69.963,22.546],[69.994,22.55],[69.995,22.551],[69.994,22.55],[69.995,22.551]]],[[[70.217,22.64],[70.22,22.641],[70.217,22.645],[70.217,22.643],[70.217,22.64]]],[[[70.236,22.684],[70.235,22.683],[70.238,22.682],[70.236,22.684],[70.235,22.683],[70.236,22.684]]],[[[70.243,22.684],[70.239,22.683],[70.238,22.682],[70.239,22.683],[70.238,22.682],[70.241,22.682],[70.243,22.684],[70.243,22.682],[70.243,22.684]]],[[[70.246,22.692],[70.246,22.691],[70.246,22.692],[70.246,22.691],[70.242,22.688],[70.244,22.688],[70.242,22.688],[70.244,22.688],[70.248,22.69],[70.246,22.692]]],[[[69.643,22.765],[69.637,22.765],[69.636,22.764],[69.635,22.764],[69.635,22.765],[69.635,22.764],[69.633,22.763],[69.632,22.763],[69.645,22.758],[69.667,22.752],[69.667,22.753],[69.667,22.752],[69.667,22.753],[69.657,22.755],[69.643,22.765]]],[[[69.637,22.78],[69.634,22.779],[69.635,22.777],[69.636,22.777],[69.635,22.776],[69.636,22.777],[69.635,22.776],[69.636,22.775],[69.637,22.777],[69.637,22.78]]],[[[70.441,23.048],[70.429,23.046],[70.419,23.027],[70.42,23.028],[70.421,23.028],[70.43,23.035],[70.431,23.036],[70.432,23.037],[70.433,23.039],[70.434,23.04],[70.435,23.041],[70.435,23.042],[70.436,23.042],[70.437,23.043],[70.439,23.045],[70.44,23.047],[70.441,23.048]]],[[[70.419,23.027],[70.43,23.007],[70.441,23.048],[70.44,23.047],[70.439,23.045],[70.438,23.042],[70.437,23.043],[70.438,23.042],[70.437,23.042],[70.436,23.042],[70.437,23.042],[70.436,23.042],[70.437,23.042],[70.436,23.042],[70.435,23.042],[70.435,23.04],[70.435,23.041],[70.435,23.04],[70.435,23.039],[70.434,23.04],[70.435,23.039],[70.433,23.039],[70.433,23.038],[70.433,23.039],[70.433,23.038],[70.432,23.037],[70.431,23.036],[70.431,23.035],[70.431,23.036],[70.431,23.035],[70.43,23.035],[70.43,23.033],[70.43,23.035],[70.43,23.033],[70.422,23.028],[70.421,23.028],[70.422,23.028],[70.42,23.026],[70.42,23.028],[70.42,23.026],[70.419,23.027],[70.42,23.026],[70.419,23.027]]],[[[70.453,23.053],[70.452,23.053],[70.451,23.052],[70.451,23.051],[70.451,23.052],[70.452,23.052],[70.452,23.053],[70.453,23.052],[70.453,23.053]]],[[[70.45,23.044],[70.457,23.052],[70.46,23.056],[70.454,23.055],[70.452,23.053],[70.453,23.053],[70.454,23.055],[70.455,23.055],[70.453,23.052],[70.452,23.052],[70.452,23.05],[70.451,23.051],[70.452,23.05],[70.451,23.051],[70.452,23.05],[70.45,23.045],[70.45,23.044],[70.45,23.045],[70.45,23.044]]],[[[70.459,23.049],[70.469,23.058],[70.468,23.059],[70.469,23.058],[70.459,23.05],[70.459,23.049],[70.459,23.05],[70.459,23.049]]],[[[68.658,23.271],[68.659,23.27],[68.659,23.271],[68.659,23.27],[68.659,23.271],[68.658,23.271]]],[[[68.563,23.302],[68.544,23.286],[68.543,23.285],[68.544,23.286],[68.543,23.285],[68.54,23.267],[68.568,23.251],[68.572,23.261],[68.615,23.274],[68.612,23.291],[68.611,23.292],[68.612,23.291],[68.611,23.292],[68.607,23.298],[68.564,23.301],[68.563,23.302],[68.564,23.301],[68.563,23.302]]],[[[68.633,23.312],[68.645,23.308],[68.633,23.314],[68.633,23.312],[68.633,23.313],[68.633,23.312]]],[[[68.633,23.314],[68.63,23.314],[68.63,23.313],[68.63,23.314],[68.63,23.313],[68.633,23.313],[68.633,23.314]]],[[[68.605,23.313],[68.59,23.319],[68.583,23.315],[68.597,23.304],[68.597,23.305],[68.598,23.305],[68.597,23.305],[68.598,23.305],[68.597,23.304],[68.617,23.302],[68.608,23.317],[68.605,23.313],[68.606,23.313],[68.605,23.312],[68.606,23.313],[68.608,23.31],[68.605,23.312],[68.605,23.313]]],[[[68.627,23.322],[68.626,23.321],[68.628,23.312],[68.628,23.313],[68.628,23.312],[68.628,23.313],[68.63,23.314],[68.628,23.321],[68.627,23.322],[68.626,23.321],[68.627,23.322]]],[[[68.544,23.339],[68.541,23.34],[68.54,23.339],[68.541,23.34],[68.541,23.338],[68.54,23.339],[68.541,23.338],[68.544,23.339]]],[[[68.548,23.34],[68.55,23.34],[68.548,23.34],[68.546,23.34],[68.545,23.34],[68.546,23.34],[68.545,23.34],[68.544,23.339],[68.548,23.34]]],[[[68.535,23.322],[68.519,23.342],[68.505,23.334],[68.503,23.324],[68.519,23.317],[68.535,23.322],[68.536,23.323],[68.535,23.322],[68.536,23.323],[68.535,23.322]]],[[[68.633,23.348],[68.628,23.352],[68.632,23.346],[68.632,23.347],[68.632,23.346],[68.635,23.343],[68.634,23.347],[68.633,23.348],[68.632,23.347],[68.633,23.348]]],[[[68.589,23.373],[68.589,23.372],[68.589,23.373],[68.589,23.372],[68.58,23.353],[68.578,23.356],[68.577,23.355],[68.578,23.356],[68.577,23.355],[68.58,23.353],[68.606,23.332],[68.606,23.333],[68.606,23.332],[68.606,23.333],[68.606,23.332],[68.606,23.333],[68.61,23.335],[68.612,23.336],[68.611,23.335],[68.612,23.336],[68.611,23.335],[68.61,23.334],[68.611,23.335],[68.61,23.334],[68.61,23.335],[68.61,23.334],[68.616,23.334],[68.615,23.35],[68.616,23.35],[68.615,23.35],[68.616,23.35],[68.61,23.353],[68.61,23.352],[68.61,23.353],[68.61,23.352],[68.596,23.361],[68.597,23.361],[68.589,23.373]]],[[[68.504,23.38],[68.502,23.38],[68.503,23.378],[68.502,23.38],[68.503,23.378],[68.504,23.38]]],[[[68.505,23.381],[68.504,23.383],[68.504,23.382],[68.504,23.383],[68.504,23.382],[68.504,23.38],[68.505,23.381],[68.504,23.382],[68.505,23.381]]],[[[68.536,23.383],[68.534,23.386],[68.536,23.382],[68.535,23.381],[68.536,23.382],[68.535,23.381],[68.537,23.38],[68.538,23.38],[68.537,23.38],[68.538,23.38],[68.536,23.382],[68.536,23.383],[68.536,23.382],[68.536,23.383],[68.536,23.382],[68.536,23.383]]],[[[68.534,23.387],[68.532,23.385],[68.53,23.383],[68.533,23.372],[68.535,23.375],[68.534,23.375],[68.535,23.375],[68.535,23.377],[68.533,23.378],[68.534,23.38],[68.533,23.378],[68.534,23.38],[68.532,23.381],[68.532,23.385],[68.534,23.386],[68.534,23.387],[68.534,23.386],[68.534,23.387]]],[[[68.542,23.405],[68.539,23.401],[68.538,23.4],[68.535,23.401],[68.533,23.39],[68.533,23.391],[68.538,23.4],[68.54,23.4],[68.539,23.401],[68.54,23.4],[68.539,23.401],[68.543,23.4],[68.542,23.395],[68.542,23.393],[68.542,23.391],[68.542,23.393],[68.542,23.395],[68.552,23.386],[68.552,23.385],[68.552,23.386],[68.552,23.384],[68.552,23.385],[68.552,23.384],[68.556,23.36],[68.567,23.375],[68.542,23.405]]],[[[68.462,23.405],[68.46,23.404],[68.465,23.403],[68.467,23.403],[68.465,23.403],[68.462,23.405]]],[[[68.472,23.406],[68.471,23.407],[68.47,23.406],[68.471,23.404],[68.472,23.404],[68.474,23.403],[68.476,23.404],[68.474,23.404],[68.474,23.403],[68.474,23.404],[68.472,23.404],[68.471,23.404],[68.472,23.404],[68.472,23.406]]],[[[68.463,23.407],[68.462,23.405],[68.463,23.405],[68.463,23.407]]],[[[68.555,23.405],[68.556,23.407],[68.555,23.406],[68.553,23.406],[68.553,23.404],[68.553,23.406],[68.555,23.405],[68.555,23.406],[68.555,23.405]]],[[[68.42,23.407],[68.414,23.405],[68.415,23.406],[68.414,23.405],[68.415,23.406],[68.414,23.405],[68.421,23.402],[68.419,23.406],[68.42,23.407],[68.419,23.406],[68.42,23.407]]],[[[68.548,23.411],[68.549,23.413],[68.547,23.412],[68.547,23.411],[68.543,23.408],[68.543,23.407],[68.542,23.405],[68.543,23.407],[68.544,23.407],[68.543,23.408],[68.544,23.407],[68.547,23.41],[68.547,23.411],[68.547,23.41],[68.548,23.411],[68.547,23.412],[68.548,23.411]]],[[[68.402,23.42],[68.401,23.423],[68.4,23.421],[68.402,23.421],[68.401,23.42],[68.402,23.42],[68.402,23.421],[68.402,23.42]],[[68.4,23.421],[68.4,23.422],[68.401,23.42],[68.4,23.421]]],[[[68.511,23.437],[68.521,23.442],[68.51,23.453],[68.503,23.448],[68.504,23.431],[68.505,23.43],[68.504,23.431],[68.505,23.43],[68.511,23.436],[68.51,23.437],[68.511,23.437],[68.511,23.436],[68.511,23.437],[68.511,23.436],[68.511,23.437]]],[[[68.407,23.456],[68.407,23.457],[68.404,23.452],[68.405,23.453],[68.404,23.452],[68.405,23.453],[68.407,23.456],[68.407,23.457],[68.407,23.456]]],[[[68.475,23.48],[68.47,23.48],[68.469,23.478],[68.468,23.478],[68.463,23.48],[68.458,23.477],[68.456,23.47],[68.455,23.47],[68.436,23.452],[68.422,23.446],[68.421,23.445],[68.422,23.446],[68.421,23.445],[68.42,23.445],[68.415,23.43],[68.416,23.431],[68.415,23.43],[68.416,23.43],[68.416,23.431],[68.416,23.43],[68.421,23.421],[68.428,23.433],[68.42,23.435],[68.428,23.433],[68.429,23.433],[68.442,23.444],[68.443,23.444],[68.443,23.445],[68.443,23.444],[68.443,23.445],[68.462,23.454],[68.463,23.454],[68.465,23.455],[68.466,23.456],[68.467,23.457],[68.467,23.458],[68.468,23.457],[68.467,23.458],[68.468,23.457],[68.467,23.457],[68.467,23.456],[68.466,23.456],[68.467,23.456],[68.467,23.454],[68.468,23.454],[68.47,23.454],[68.47,23.453],[68.47,23.454],[68.471,23.453],[68.472,23.455],[68.472,23.458],[68.473,23.458],[68.474,23.459],[68.473,23.458],[68.472,23.458],[68.472,23.455],[68.471,23.453],[68.47,23.453],[68.468,23.454],[68.467,23.454],[68.465,23.455],[68.463,23.454],[68.462,23.454],[68.461,23.446],[68.461,23.43],[68.461,23.429],[68.461,23.43],[68.461,23.429],[68.466,23.412],[68.465,23.409],[68.464,23.408],[68.465,23.409],[68.464,23.408],[68.463,23.407],[68.47,23.406],[68.471,23.407],[68.472,23.406],[68.476,23.404],[68.484,23.403],[68.494,23.457],[68.486,23.473],[68.486,23.474],[68.485,23.476],[68.484,23.476],[68.483,23.477],[68.479,23.477],[68.478,23.478],[68.477,23.478],[68.477,23.479],[68.476,23.479],[68.475,23.48]]],[[[68.498,23.487],[68.498,23.489],[68.497,23.488],[68.488,23.487],[68.486,23.486],[68.487,23.485],[68.486,23.486],[68.487,23.485],[68.485,23.485],[68.486,23.483],[68.485,23.485],[68.486,23.483],[68.485,23.483],[68.485,23.482],[68.485,23.483],[68.485,23.482],[68.484,23.483],[68.484,23.482],[68.484,23.483],[68.484,23.482],[68.484,23.483],[68.484,23.482],[68.483,23.482],[68.483,23.48],[68.482,23.48],[68.483,23.48],[68.482,23.48],[68.483,23.479],[68.482,23.48],[68.483,23.479],[68.482,23.478],[68.481,23.478],[68.482,23.478],[68.483,23.478],[68.483,23.477],[68.483,23.478],[68.484,23.476],[68.485,23.477],[68.484,23.476],[68.485,23.477],[68.485,23.476],[68.486,23.474],[68.486,23.473],[68.498,23.487],[68.497,23.488],[68.498,23.487]]],[[[68.488,23.493],[68.485,23.494],[68.485,23.493],[68.485,23.491],[68.485,23.489],[68.487,23.488],[68.486,23.487],[68.487,23.488],[68.486,23.487],[68.487,23.487],[68.488,23.487],[68.487,23.487],[68.488,23.487],[68.487,23.487],[68.488,23.492],[68.488,23.493],[68.488,23.492],[68.488,23.493]]],[[[68.467,23.498],[68.466,23.497],[68.465,23.492],[68.465,23.491],[68.465,23.492],[68.465,23.491],[68.463,23.48],[68.468,23.48],[68.468,23.478],[68.468,23.48],[68.468,23.478],[68.469,23.478],[68.47,23.48],[68.467,23.498],[68.466,23.497],[68.467,23.498]]],[[[68.481,23.501],[68.48,23.5],[68.478,23.498],[68.478,23.497],[68.478,23.498],[68.478,23.497],[68.474,23.49],[68.474,23.488],[68.474,23.49],[68.474,23.488],[68.474,23.487],[68.475,23.487],[68.474,23.487],[68.475,23.487],[68.484,23.489],[68.485,23.488],[68.475,23.487],[68.475,23.482],[68.475,23.48],[68.476,23.48],[68.476,23.479],[68.476,23.48],[68.477,23.479],[68.478,23.479],[68.477,23.478],[68.478,23.479],[68.478,23.478],[68.479,23.477],[68.481,23.478],[68.482,23.48],[68.483,23.482],[68.484,23.483],[68.485,23.483],[68.485,23.485],[68.486,23.486],[68.486,23.487],[68.485,23.488],[68.485,23.489],[68.484,23.489],[68.485,23.491],[68.485,23.493],[68.485,23.494],[68.481,23.501],[68.48,23.5],[68.481,23.501]]],[[[68.468,23.524],[68.467,23.523],[68.463,23.518],[68.467,23.518],[68.47,23.522],[68.469,23.522],[68.468,23.523],[68.468,23.524],[68.467,23.523],[68.468,23.524]]],[[[68.473,23.522],[68.472,23.527],[68.469,23.524],[68.468,23.524],[68.469,23.524],[68.468,23.523],[68.469,23.524],[68.469,23.523],[68.469,23.522],[68.469,23.523],[68.47,23.522],[68.473,23.521],[68.473,23.522],[68.473,23.521],[68.473,23.522],[68.473,23.521],[68.473,23.522]]],[[[68.483,23.55],[68.481,23.549],[68.482,23.548],[68.481,23.549],[68.482,23.548],[68.483,23.55],[68.483,23.549],[68.483,23.55]]],[[[68.481,23.549],[68.46,23.536],[68.46,23.535],[68.46,23.536],[68.462,23.535],[68.461,23.534],[68.462,23.535],[68.461,23.534],[68.46,23.535],[68.46,23.533],[68.459,23.532],[68.46,23.533],[68.459,23.532],[68.457,23.532],[68.456,23.532],[68.456,23.53],[68.456,23.532],[68.462,23.533],[68.461,23.534],[68.462,23.533],[68.472,23.539],[68.481,23.549]]],[[[68.435,23.523],[68.446,23.54],[68.481,23.563],[68.485,23.576],[68.484,23.595],[68.48,23.594],[68.48,23.593],[68.48,23.592],[68.48,23.59],[68.478,23.591],[68.476,23.591],[68.475,23.592],[68.473,23.593],[68.472,23.594],[68.47,23.592],[68.469,23.593],[68.47,23.592],[68.468,23.592],[68.467,23.592],[68.467,23.591],[68.466,23.589],[68.466,23.588],[68.465,23.588],[68.466,23.588],[68.465,23.588],[68.465,23.587],[68.464,23.586],[68.463,23.584],[68.463,23.585],[68.463,23.584],[68.463,23.585],[68.463,23.584],[68.462,23.584],[68.462,23.583],[68.472,23.578],[68.462,23.577],[68.46,23.575],[68.439,23.56],[68.44,23.559],[68.439,23.56],[68.435,23.55],[68.43,23.535],[68.43,23.534],[68.43,23.535],[68.43,23.534],[68.43,23.533],[68.43,23.534],[68.43,23.533],[68.431,23.531],[68.432,23.53],[68.431,23.531],[68.432,23.53],[68.429,23.517],[68.429,23.515],[68.429,23.517],[68.429,23.515],[68.434,23.522],[68.435,23.523],[68.434,23.522],[68.435,23.523],[68.434,23.522],[68.435,23.523]]],[[[68.466,23.595],[68.454,23.599],[68.453,23.578],[68.46,23.575],[68.462,23.577],[68.462,23.583],[68.462,23.584],[68.463,23.585],[68.464,23.586],[68.465,23.587],[68.465,23.588],[68.466,23.589],[68.467,23.591],[68.467,23.592],[68.467,23.593],[68.466,23.595]]],[[[68.48,23.606],[68.48,23.607],[68.48,23.606],[68.478,23.6],[68.484,23.605],[68.482,23.607],[68.48,23.606]]],[[[68.466,23.602],[68.465,23.623],[68.435,23.616],[68.448,23.598],[68.466,23.602]]],[[[68.487,23.628],[68.47,23.616],[68.466,23.595],[68.467,23.593],[68.468,23.593],[68.468,23.592],[68.468,23.593],[68.469,23.593],[68.472,23.594],[68.473,23.594],[68.473,23.593],[68.473,23.594],[68.473,23.593],[68.475,23.592],[68.476,23.591],[68.477,23.592],[68.476,23.591],[68.477,23.592],[68.478,23.591],[68.48,23.59],[68.48,23.592],[68.48,23.593],[68.48,23.594],[68.478,23.6],[68.48,23.607],[68.483,23.607],[68.482,23.607],[68.483,23.607],[68.484,23.605],[68.489,23.627],[68.486,23.624],[68.485,23.625],[68.486,23.624],[68.485,23.623],[68.484,23.623],[68.484,23.622],[68.484,23.623],[68.484,23.622],[68.484,23.623],[68.484,23.622],[68.484,23.623],[68.485,23.623],[68.485,23.625],[68.487,23.627],[68.487,23.628],[68.487,23.627],[68.487,23.628]]],[[[68.417,23.761],[68.425,23.796],[68.397,23.785],[68.364,23.803],[68.35,23.792],[68.335,23.759],[68.339,23.734],[68.33,23.722],[68.33,23.721],[68.331,23.721],[68.33,23.72],[68.331,23.721],[68.33,23.72],[68.331,23.72],[68.331,23.719],[68.331,23.72],[68.332,23.718],[68.332,23.717],[68.333,23.717],[68.333,23.715],[68.333,23.717],[68.333,23.715],[68.333,23.713],[68.333,23.712],[68.333,23.713],[68.333,23.715],[68.332,23.717],[68.332,23.718],[68.331,23.719],[68.33,23.72],[68.33,23.721],[68.33,23.722],[68.315,23.714],[68.299,23.68],[68.3,23.68],[68.299,23.68],[68.3,23.68],[68.3,23.679],[68.302,23.679],[68.303,23.68],[68.304,23.68],[68.305,23.681],[68.305,23.682],[68.305,23.68],[68.305,23.681],[68.305,23.68],[68.304,23.68],[68.304,23.679],[68.304,23.68],[68.304,23.679],[68.303,23.68],[68.302,23.679],[68.3,23.679],[68.299,23.68],[68.28,23.668],[68.269,23.65],[68.268,23.65],[68.269,23.65],[68.268,23.65],[68.263,23.65],[68.262,23.648],[68.263,23.65],[68.262,23.648],[68.252,23.646],[68.255,23.646],[68.289,23.648],[68.299,23.648],[68.31,23.651],[68.311,23.652],[68.31,23.651],[68.311,23.652],[68.299,23.648],[68.289,23.648],[68.257,23.642],[68.258,23.64],[68.257,23.642],[68.255,23.646],[68.252,23.646],[68.24,23.642],[68.203,23.647],[68.186,23.624],[68.202,23.595],[68.217,23.606],[68.233,23.59],[68.244,23.592],[68.244,23.591],[68.244,23.592],[68.244,23.591],[68.242,23.605],[68.243,23.606],[68.242,23.605],[68.242,23.606],[68.242,23.605],[68.242,23.606],[68.243,23.606],[68.268,23.607],[68.268,23.621],[68.292,23.628],[68.293,23.628],[68.295,23.629],[68.298,23.63],[68.301,23.631],[68.304,23.631],[68.306,23.63],[68.307,23.629],[68.307,23.628],[68.307,23.629],[68.307,23.628],[68.308,23.628],[68.308,23.627],[68.308,23.628],[68.308,23.627],[68.308,23.628],[68.308,23.627],[68.309,23.627],[68.308,23.626],[68.309,23.627],[68.308,23.626],[68.309,23.625],[68.31,23.626],[68.309,23.625],[68.31,23.626],[68.311,23.625],[68.312,23.624],[68.311,23.625],[68.309,23.625],[68.308,23.626],[68.308,23.627],[68.307,23.628],[68.306,23.63],[68.304,23.631],[68.301,23.631],[68.298,23.63],[68.295,23.629],[68.293,23.628],[68.292,23.628],[68.273,23.619],[68.286,23.605],[68.282,23.583],[68.283,23.584],[68.282,23.583],[68.283,23.584],[68.303,23.596],[68.304,23.597],[68.303,23.596],[68.304,23.597],[68.306,23.587],[68.309,23.584],[68.347,23.598],[68.359,23.627],[68.36,23.628],[68.359,23.627],[68.36,23.628],[68.375,23.644],[68.375,23.647],[68.375,23.648],[68.376,23.651],[68.376,23.652],[68.379,23.655],[68.379,23.657],[68.38,23.658],[68.381,23.66],[68.382,23.661],[68.382,23.662],[68.383,23.663],[68.385,23.671],[68.386,23.672],[68.386,23.674],[68.386,23.675],[68.387,23.677],[68.387,23.678],[68.388,23.679],[68.388,23.68],[68.388,23.682],[68.388,23.684],[68.389,23.685],[68.39,23.686],[68.389,23.685],[68.39,23.686],[68.39,23.684],[68.389,23.685],[68.39,23.684],[68.388,23.684],[68.388,23.682],[68.388,23.68],[68.388,23.679],[68.387,23.678],[68.387,23.677],[68.387,23.675],[68.387,23.677],[68.387,23.675],[68.386,23.675],[68.386,23.674],[68.386,23.672],[68.385,23.671],[68.383,23.662],[68.383,23.663],[68.383,23.662],[68.382,23.662],[68.382,23.661],[68.382,23.659],[68.382,23.661],[68.382,23.659],[68.381,23.66],[68.382,23.658],[68.381,23.66],[68.382,23.658],[68.38,23.658],[68.38,23.657],[68.38,23.658],[68.38,23.657],[68.379,23.657],[68.38,23.655],[68.379,23.657],[68.38,23.655],[68.379,23.655],[68.376,23.652],[68.376,23.651],[68.375,23.648],[68.375,23.647],[68.375,23.644],[68.394,23.661],[68.418,23.724],[68.417,23.761],[68.411,23.761],[68.411,23.76],[68.411,23.761],[68.411,23.76],[68.41,23.76],[68.41,23.759],[68.41,23.76],[68.41,23.759],[68.409,23.759],[68.408,23.758],[68.407,23.758],[68.407,23.757],[68.406,23.756],[68.405,23.757],[68.406,23.756],[68.405,23.756],[68.402,23.752],[68.405,23.756],[68.405,23.757],[68.407,23.757],[68.407,23.758],[68.408,23.758],[68.409,23.759],[68.41,23.76],[68.411,23.761],[68.417,23.761]]],[[[68.287,23.753],[68.295,23.726],[68.324,23.734],[68.314,23.787],[68.322,23.803],[68.298,23.805],[68.277,23.796],[68.264,23.76],[68.268,23.744],[68.267,23.742],[68.268,23.744],[68.267,23.742],[68.266,23.73],[68.257,23.716],[68.27,23.704],[68.272,23.703],[68.273,23.702],[68.273,23.704],[68.272,23.703],[68.273,23.704],[68.272,23.705],[68.273,23.705],[68.273,23.706],[68.273,23.705],[68.274,23.707],[68.273,23.706],[68.272,23.705],[68.272,23.706],[68.272,23.705],[68.272,23.706],[68.274,23.708],[68.274,23.707],[68.274,23.708],[68.277,23.709],[68.277,23.708],[68.277,23.709],[68.277,23.708],[68.282,23.71],[68.283,23.71],[68.282,23.71],[68.283,23.71],[68.293,23.725],[68.287,23.754],[68.287,23.753],[68.287,23.754],[68.287,23.753]]],[[[68.496,23.757],[68.512,23.751],[68.522,23.771],[68.512,23.789],[68.523,23.804],[68.507,23.827],[68.49,23.83],[68.454,23.81],[68.454,23.809],[68.454,23.81],[68.454,23.808],[68.455,23.808],[68.454,23.808],[68.455,23.808],[68.455,23.807],[68.454,23.808],[68.455,23.807],[68.454,23.808],[68.454,23.809],[68.457,23.775],[68.437,23.743],[68.495,23.737],[68.496,23.757],[68.492,23.758],[68.49,23.758],[68.492,23.759],[68.492,23.758],[68.492,23.759],[68.496,23.757]]],[[[68.392,23.81],[68.411,23.796],[68.426,23.81],[68.439,23.839],[68.429,23.848],[68.42,23.869],[68.394,23.878],[68.377,23.873],[68.376,23.859],[68.357,23.849],[68.356,23.85],[68.357,23.849],[68.355,23.848],[68.343,23.837],[68.35,23.81],[68.391,23.809],[68.392,23.81],[68.391,23.809],[68.392,23.81]]],[[[68.248,23.88],[68.217,23.868],[68.216,23.848],[68.233,23.842],[68.251,23.862],[68.248,23.88]]],[[[68.451,23.938],[68.45,23.939],[68.449,23.939],[68.447,23.938],[68.427,23.933],[68.42,23.922],[68.39,23.907],[68.353,23.901],[68.35,23.891],[68.355,23.884],[68.355,23.886],[68.354,23.888],[68.355,23.89],[68.355,23.891],[68.356,23.892],[68.357,23.893],[68.36,23.894],[68.361,23.893],[68.366,23.893],[68.366,23.892],[68.361,23.893],[68.36,23.894],[68.358,23.893],[68.357,23.893],[68.358,23.893],[68.357,23.893],[68.357,23.892],[68.357,23.893],[68.357,23.892],[68.357,23.893],[68.357,23.892],[68.356,23.892],[68.355,23.891],[68.356,23.889],[68.355,23.891],[68.356,23.889],[68.355,23.89],[68.355,23.888],[68.354,23.888],[68.355,23.888],[68.355,23.886],[68.355,23.884],[68.355,23.883],[68.355,23.884],[68.355,23.883],[68.355,23.884],[68.355,23.883],[68.355,23.848],[68.356,23.85],[68.372,23.859],[68.376,23.875],[68.396,23.88],[68.417,23.872],[68.426,23.865],[68.441,23.87],[68.443,23.878],[68.452,23.882],[68.447,23.898],[68.448,23.898],[68.447,23.898],[68.448,23.898],[68.45,23.905],[68.447,23.905],[68.444,23.907],[68.444,23.909],[68.444,23.908],[68.444,23.909],[68.444,23.908],[68.444,23.907],[68.444,23.908],[68.444,23.907],[68.444,23.908],[68.445,23.907],[68.444,23.908],[68.445,23.907],[68.445,23.908],[68.445,23.907],[68.445,23.908],[68.447,23.905],[68.45,23.905],[68.451,23.914],[68.446,23.913],[68.446,23.914],[68.446,23.913],[68.446,23.914],[68.451,23.914],[68.451,23.917],[68.449,23.92],[68.454,23.927],[68.456,23.93],[68.457,23.93],[68.456,23.934],[68.455,23.935],[68.454,23.936],[68.453,23.938],[68.452,23.937],[68.451,23.938]]],[[[68.559,23.93],[68.525,23.941],[68.533,23.922],[68.515,23.903],[68.515,23.902],[68.515,23.903],[68.515,23.902],[68.486,23.89],[68.49,23.867],[68.523,23.86],[68.539,23.869],[68.564,23.893],[68.585,23.922],[68.584,23.922],[68.583,23.923],[68.581,23.924],[68.58,23.923],[68.572,23.924],[68.571,23.923],[68.565,23.924],[68.562,23.923],[68.56,23.923],[68.558,23.924],[68.558,23.928],[68.559,23.928],[68.559,23.93]]],[[[68.451,23.917],[68.453,23.916],[68.457,23.911],[68.45,23.893],[68.453,23.885],[68.451,23.878],[68.431,23.853],[68.444,23.848],[68.472,23.862],[68.486,23.899],[68.518,23.924],[68.518,23.941],[68.5,23.948],[68.494,23.968],[68.444,23.968],[68.428,23.938],[68.447,23.938],[68.449,23.939],[68.45,23.939],[68.451,23.938],[68.452,23.938],[68.452,23.937],[68.452,23.938],[68.453,23.938],[68.454,23.936],[68.455,23.936],[68.455,23.935],[68.455,23.936],[68.455,23.935],[68.455,23.936],[68.455,23.935],[68.456,23.934],[68.457,23.93],[68.456,23.93],[68.454,23.927],[68.451,23.917]]],[[[68.376,23.915],[68.408,23.924],[68.419,23.935],[68.434,23.967],[68.375,23.968],[68.358,23.975],[68.346,23.96],[68.346,23.932],[68.322,23.915],[68.295,23.921],[68.278,23.913],[68.262,23.887],[68.257,23.865],[68.235,23.836],[68.213,23.835],[68.209,23.813],[68.225,23.761],[68.21,23.761],[68.193,23.731],[68.207,23.708],[68.238,23.682],[68.256,23.68],[68.267,23.692],[68.254,23.719],[68.262,23.729],[68.265,23.747],[68.262,23.76],[68.27,23.786],[68.273,23.797],[68.295,23.804],[68.291,23.819],[68.311,23.824],[68.323,23.807],[68.337,23.819],[68.336,23.839],[68.348,23.865],[68.342,23.89],[68.351,23.909],[68.375,23.915],[68.376,23.915],[68.375,23.915],[68.375,23.917],[68.375,23.919],[68.376,23.92],[68.377,23.919],[68.376,23.92],[68.377,23.919],[68.375,23.919],[68.375,23.917],[68.376,23.915]]],[[[72.736,21.555],[72.742,21.547],[72.741,21.542],[72.731,21.536],[72.696,21.527],[72.694,21.527],[72.675,21.521],[72.665,21.478],[72.654,21.466],[72.653,21.466],[72.654,21.466],[72.65,21.448],[72.664,21.443],[72.678,21.447],[72.696,21.465],[72.696,21.464],[72.696,21.465],[72.696,21.464],[72.695,21.464],[72.696,21.464],[72.695,21.464],[72.68,21.434],[72.665,21.427],[72.648,21.405],[72.647,21.404],[72.648,21.405],[72.647,21.404],[72.625,21.382],[72.624,21.368],[72.631,21.365],[72.631,21.366],[72.631,21.365],[72.631,21.366],[72.642,21.374],[72.643,21.374],[72.645,21.362],[72.645,21.361],[72.644,21.358],[72.643,21.359],[72.644,21.358],[72.643,21.359],[72.645,21.361],[72.645,21.362],[72.643,21.374],[72.642,21.374],[72.622,21.345],[72.593,21.309],[72.593,21.308],[72.593,21.309],[72.593,21.308],[72.593,21.309],[72.593,21.308],[72.591,21.283],[72.596,21.282],[72.596,21.281],[72.596,21.282],[72.591,21.283],[72.603,21.277],[72.598,21.267],[72.598,21.266],[72.598,21.267],[72.598,21.266],[72.597,21.25],[72.612,21.228],[72.652,21.225],[72.639,21.217],[72.62,21.22],[72.62,21.147],[72.626,21.127],[72.625,21.092],[72.634,21.083],[72.633,21.082],[72.634,21.083],[72.633,21.082],[72.659,21.088],[72.66,21.139],[72.665,21.153],[72.681,21.158],[72.707,21.147],[72.72,21.143],[72.71,21.134],[72.709,21.133],[72.71,21.134],[72.709,21.133],[72.7,21.101],[72.7,21.061],[72.729,21.066],[72.723,21.034],[72.737,20.974],[72.756,20.931],[72.807,20.953],[72.802,20.936],[72.784,20.932],[72.783,20.9],[72.805,20.855],[72.817,20.819],[72.826,20.78],[72.838,20.761],[72.85,20.71],[72.86,20.687],[72.883,20.61],[72.886,20.571],[72.871,20.536],[72.873,20.506],[72.845,20.475],[72.882,20.463],[72.859,20.424],[72.869,20.416],[72.896,20.421],[72.9,20.405],[72.886,20.393],[72.881,20.37],[72.842,20.375],[72.823,20.369],[72.802,20.374],[72.776,20.358],[72.759,20.331],[72.761,20.317],[72.749,20.273],[72.738,20.246],[72.746,20.202],[72.738,20.19],[72.729,20.137],[72.776,20.131],[72.791,20.149],[72.817,20.157],[72.822,20.184],[72.839,20.209],[72.861,20.209],[72.873,20.227],[72.918,20.224],[72.96,20.213],[72.959,20.234],[72.93,20.247],[72.913,20.269],[72.92,20.284],[72.935,20.294],[72.964,20.272],[72.98,20.292],[73.036,20.293],[73.045,20.326],[73.081,20.327],[73.091,20.356],[73.104,20.353],[73.112,20.333],[73.106,20.304],[73.124,20.306],[73.132,20.318],[73.167,20.312],[73.169,20.287],[73.151,20.292],[73.136,20.281],[73.127,20.261],[73.115,20.257],[73.092,20.229],[73.077,20.234],[73.06,20.222],[73.054,20.203],[73.064,20.193],[73.062,20.164],[73.083,20.174],[73.095,20.16],[73.11,20.159],[73.142,20.18],[73.132,20.202],[73.171,20.203],[73.2,20.197],[73.218,20.187],[73.208,20.168],[73.189,20.162],[73.191,20.13],[73.207,20.122],[73.227,20.13],[73.253,20.128],[73.259,20.139],[73.284,20.154],[73.286,20.196],[73.302,20.207],[73.367,20.195],[73.418,20.201],[73.412,20.257],[73.416,20.277],[73.428,20.282],[73.417,20.321],[73.417,20.337],[73.406,20.381],[73.383,20.373],[73.389,20.399],[73.414,20.414],[73.441,20.466],[73.468,20.495],[73.464,20.514],[73.493,20.54],[73.474,20.543],[73.478,20.564],[73.473,20.583],[73.432,20.595],[73.419,20.624],[73.394,20.642],[73.395,20.652],[73.432,20.665],[73.448,20.693],[73.451,20.714],[73.475,20.717],[73.489,20.686],[73.479,20.675],[73.49,20.653],[73.523,20.673],[73.537,20.669],[73.555,20.647],[73.584,20.645],[73.615,20.625],[73.629,20.579],[73.658,20.562],[73.694,20.578],[73.73,20.573],[73.741,20.567],[73.78,20.602],[73.799,20.601],[73.84,20.623],[73.84,20.656],[73.835,20.674],[73.819,20.673],[73.816,20.693],[73.836,20.701],[73.857,20.693],[73.871,20.72],[73.882,20.73],[73.915,20.723],[73.943,20.741],[73.934,20.768],[73.934,20.808],[73.939,20.839],[73.925,20.847],[73.925,20.885],[73.911,20.914],[73.89,20.932],[73.9,20.982],[73.873,20.986],[73.847,20.998],[73.814,21.025],[73.796,21.045],[73.812,21.06],[73.792,21.067],[73.764,21.067],[73.737,21.081],[73.729,21.102],[73.702,21.112],[73.687,21.1],[73.651,21.12],[73.622,21.119],[73.604,21.154],[73.582,21.153],[73.581,21.167],[73.6,21.178],[73.613,21.157],[73.63,21.152],[73.629,21.132],[73.674,21.151],[73.707,21.15],[73.73,21.137],[73.741,21.151],[73.735,21.166],[73.773,21.164],[73.79,21.181],[73.816,21.171],[73.814,21.221],[73.83,21.241],[73.826,21.266],[73.852,21.269],[73.886,21.261],[73.928,21.284],[73.943,21.296],[73.951,21.343],[73.95,21.373],[73.956,21.392],[73.976,21.396],[74.004,21.412],[74.042,21.417],[74.052,21.454],[74.065,21.478],[74.075,21.456],[74.116,21.448],[74.136,21.461],[74.156,21.452],[74.181,21.466],[74.218,21.457],[74.259,21.464],[74.268,21.474],[74.302,21.478],[74.323,21.494],[74.331,21.539],[74.311,21.543],[74.309,21.558],[74.288,21.557],[74.268,21.535],[74.251,21.535],[74.236,21.548],[74.201,21.528],[74.176,21.56],[74.15,21.55],[74.129,21.556],[74.064,21.558],[74.042,21.548],[74.02,21.551],[74,21.539],[73.978,21.541],[73.969,21.523],[73.934,21.509],[73.932,21.519],[73.855,21.495],[73.844,21.51],[73.828,21.552],[73.819,21.597],[73.801,21.601],[73.782,21.624],[73.794,21.634],[73.823,21.639],[73.84,21.632],[73.855,21.641],[73.88,21.644],[73.893,21.666],[73.891,21.699],[73.885,21.709],[73.841,21.741],[73.826,21.762],[73.837,21.771],[73.822,21.811],[73.805,21.822],[73.836,21.837],[73.874,21.837],[73.894,21.853],[73.917,21.855],[73.975,21.886],[74.018,21.904],[74.042,21.921],[74.142,21.952],[74.139,21.968],[74.15,21.985],[74.096,22],[74.097,22.017],[74.121,22.034],[74.134,22.052],[74.159,22.059],[74.166,22.1],[74.151,22.104],[74.128,22.095],[74.122,22.13],[74.131,22.16],[74.122,22.165],[74.119,22.211],[74.11,22.217],[74.072,22.22],[74.074,22.267],[74.055,22.284],[74.068,22.359],[74.091,22.361],[74.108,22.37],[74.125,22.351],[74.13,22.331],[74.187,22.32],[74.195,22.341],[74.223,22.357],[74.237,22.375],[74.271,22.391],[74.261,22.423],[74.234,22.437],[74.201,22.435],[74.201,22.465],[74.179,22.463],[74.183,22.442],[74.152,22.438],[74.137,22.452],[74.119,22.419],[74.101,22.432],[74.096,22.467],[74.074,22.464],[74.081,22.507],[74.04,22.515],[74.041,22.54],[74.063,22.549],[74.08,22.548],[74.124,22.523],[74.15,22.516],[74.154,22.53],[74.188,22.551],[74.196,22.568],[74.21,22.565],[74.223,22.583],[74.233,22.612],[74.254,22.622],[74.253,22.634],[74.275,22.646],[74.292,22.639],[74.325,22.642],[74.361,22.634],[74.381,22.641],[74.382,22.667],[74.394,22.69],[74.4,22.729],[74.437,22.783],[74.437,22.807],[74.463,22.813],[74.477,22.856],[74.461,22.911],[74.449,22.922],[74.416,22.916],[74.398,22.897],[74.379,22.908],[74.339,22.962],[74.368,22.978],[74.353,23.001],[74.347,23.028],[74.325,23.04],[74.32,23.06],[74.308,23.077],[74.28,23.093],[74.286,23.117],[74.269,23.154],[74.247,23.176],[74.205,23.19],[74.187,23.17],[74.18,23.15],[74.152,23.156],[74.143,23.173],[74.124,23.177],[74.122,23.205],[74.137,23.225],[74.133,23.263],[74.111,23.275],[74.104,23.292],[74.087,23.296],[74.046,23.293],[74.021,23.331],[74.001,23.334],[73.984,23.339],[73.981,23.358],[73.959,23.38],[73.944,23.372],[73.936,23.34],[73.891,23.335],[73.892,23.351],[73.876,23.366],[73.864,23.394],[73.824,23.445],[73.78,23.433],[73.761,23.457],[73.73,23.423],[73.714,23.417],[73.701,23.454],[73.665,23.451],[73.649,23.439],[73.629,23.451],[73.64,23.495],[73.655,23.513],[73.633,23.53],[73.635,23.561],[73.646,23.574],[73.646,23.606],[73.657,23.622],[73.639,23.63],[73.615,23.65],[73.567,23.652],[73.549,23.63],[73.523,23.61],[73.497,23.634],[73.507,23.696],[73.498,23.706],[73.475,23.708],[73.469,23.725],[73.447,23.752],[73.428,23.761],[73.417,23.778],[73.396,23.783],[73.372,23.766],[73.357,23.791],[73.369,23.821],[73.356,23.854],[73.383,23.905],[73.392,23.916],[73.416,23.922],[73.418,23.974],[73.407,23.997],[73.41,24.05],[73.393,24.072],[73.366,24.087],[73.366,24.112],[73.332,24.114],[73.331,24.082],[73.323,24.062],[73.303,24.051],[73.287,24.027],[73.271,24.027],[73.249,24.011],[73.197,24.045],[73.22,24.098],[73.196,24.108],[73.168,24.111],[73.143,24.122],[73.119,24.14],[73.112,24.153],[73.079,24.185],[73.088,24.221],[73.112,24.262],[73.135,24.28],[73.141,24.308],[73.17,24.301],[73.181,24.309],[73.183,24.335],[73.208,24.334],[73.228,24.364],[73.208,24.375],[73.187,24.355],[73.166,24.35],[73.124,24.369],[73.107,24.387],[73.081,24.394],[73.103,24.42],[73.104,24.457],[73.091,24.495],[73.047,24.465],[73.018,24.465],[73.009,24.482],[72.977,24.451],[72.987,24.421],[72.96,24.392],[72.983,24.375],[72.973,24.359],[72.92,24.327],[72.896,24.352],[72.864,24.366],[72.825,24.365],[72.811,24.359],[72.728,24.362],[72.702,24.392],[72.689,24.42],[72.688,24.461],[72.654,24.457],[72.583,24.474],[72.569,24.489],[72.537,24.506],[72.495,24.452],[72.505,24.42],[72.482,24.407],[72.459,24.409],[72.451,24.44],[72.431,24.462],[72.443,24.495],[72.437,24.506],[72.416,24.51],[72.381,24.502],[72.352,24.554],[72.328,24.558],[72.327,24.544],[72.289,24.54],[72.284,24.56],[72.266,24.552],[72.245,24.582],[72.271,24.601],[72.295,24.602],[72.308,24.587],[72.337,24.595],[72.348,24.62],[72.335,24.625],[72.309,24.611],[72.268,24.624],[72.243,24.623],[72.224,24.635],[72.211,24.622],[72.18,24.612],[72.156,24.618],[72.145,24.636],[72.11,24.636],[72.079,24.655],[72.086,24.677],[72.079,24.7],[72.046,24.708],[72.035,24.698],[71.988,24.68],[71.987,24.66],[71.961,24.641],[71.928,24.63],[71.912,24.649],[71.919,24.665],[71.905,24.673],[71.887,24.669],[71.864,24.675],[71.856,24.653],[71.862,24.627],[71.84,24.618],[71.805,24.625],[71.81,24.649],[71.806,24.664],[71.777,24.672],[71.738,24.658],[71.709,24.658],[71.654,24.637],[71.637,24.657],[71.609,24.675],[71.59,24.668],[71.575,24.681],[71.544,24.675],[71.529,24.683],[71.48,24.678],[71.466,24.668],[71.443,24.663],[71.414,24.643],[71.372,24.626],[71.359,24.632],[71.348,24.659],[71.318,24.648],[71.289,24.613],[71.188,24.648],[71.162,24.655],[71.11,24.675],[71.098,24.687],[71.076,24.667],[71.036,24.645],[71.011,24.637],[70.991,24.605],[70.993,24.573],[70.988,24.548],[71.005,24.529],[70.997,24.473],[71,24.446],[71.028,24.436],[71.109,24.437],[71.124,24.419],[71.111,24.396],[71.078,24.387],[71.056,24.362],[71.037,24.353],[71.002,24.353],[70.988,24.367],[70.949,24.353],[70.914,24.324],[70.874,24.297],[70.878,24.275],[70.9,24.265],[70.879,24.246],[70.86,24.246],[70.834,24.229],[70.783,24.221],[70.722,24.217],[70.645,24.225],[70.574,24.255],[70.582,24.272],[70.577,24.304],[70.56,24.352],[70.58,24.366],[70.6,24.409],[70.574,24.422],[70.542,24.41],[70.463,24.387],[70.43,24.382],[70.372,24.354],[70.304,24.348],[70.246,24.325],[70.22,24.322],[70.183,24.309],[70.108,24.294],[70.089,24.247],[70.064,24.197],[70.038,24.178],[70.016,24.17],[69.73,24.172],[69.604,24.281],[69.588,24.291],[69.563,24.283],[69.484,24.268],[69.437,24.28],[69.375,24.27],[69.309,24.281],[69.193,24.238],[69.098,24.272],[69.04,24.245],[69.005,24.223],[68.982,24.233],[68.969,24.272],[68.943,24.302],[68.914,24.284],[68.895,24.261],[68.878,24.215],[68.851,24.221],[68.842,24.257],[68.842,24.281],[68.828,24.317],[68.806,24.313],[68.763,24.294],[68.77,24.273],[68.763,24.129],[68.754,23.986],[68.748,23.968],[68.551,23.968],[68.537,23.947],[68.552,23.934],[68.553,23.933],[68.552,23.934],[68.553,23.933],[68.559,23.93],[68.559,23.928],[68.558,23.928],[68.558,23.924],[68.56,23.923],[68.562,23.923],[68.565,23.924],[68.571,23.923],[68.572,23.924],[68.58,23.923],[68.581,23.924],[68.583,23.923],[68.584,23.923],[68.584,23.922],[68.584,23.923],[68.585,23.922],[68.587,23.941],[68.606,23.937],[68.618,23.908],[68.636,23.897],[68.638,23.895],[68.636,23.897],[68.616,23.903],[68.572,23.88],[68.551,23.841],[68.519,23.827],[68.532,23.803],[68.532,23.805],[68.534,23.807],[68.534,23.808],[68.533,23.81],[68.533,23.812],[68.534,23.812],[68.535,23.813],[68.535,23.814],[68.536,23.815],[68.536,23.813],[68.535,23.814],[68.536,23.813],[68.535,23.813],[68.535,23.812],[68.535,23.813],[68.535,23.812],[68.534,23.812],[68.535,23.811],[68.534,23.812],[68.535,23.811],[68.533,23.812],[68.533,23.81],[68.534,23.808],[68.534,23.807],[68.533,23.803],[68.532,23.805],[68.533,23.803],[68.532,23.803],[68.517,23.794],[68.525,23.759],[68.535,23.757],[68.565,23.798],[68.575,23.821],[68.6,23.844],[68.6,23.845],[68.602,23.847],[68.603,23.849],[68.603,23.85],[68.604,23.849],[68.603,23.85],[68.604,23.849],[68.603,23.849],[68.602,23.847],[68.6,23.845],[68.601,23.845],[68.6,23.844],[68.601,23.845],[68.6,23.844],[68.601,23.845],[68.6,23.844],[68.632,23.835],[68.647,23.843],[68.648,23.845],[68.649,23.844],[68.65,23.845],[68.649,23.844],[68.65,23.845],[68.649,23.844],[68.65,23.845],[68.649,23.844],[68.648,23.846],[68.648,23.845],[68.648,23.846],[68.664,23.857],[68.664,23.858],[68.664,23.857],[68.664,23.858],[68.702,23.857],[68.748,23.863],[68.729,23.854],[68.735,23.837],[68.732,23.839],[68.732,23.838],[68.732,23.839],[68.732,23.838],[68.732,23.839],[68.731,23.839],[68.731,23.84],[68.731,23.839],[68.731,23.84],[68.731,23.839],[68.732,23.838],[68.728,23.831],[68.735,23.837],[68.742,23.843],[68.743,23.843],[68.742,23.843],[68.743,23.843],[68.728,23.831],[68.687,23.822],[68.659,23.803],[68.632,23.762],[68.601,23.746],[68.595,23.732],[68.577,23.721],[68.559,23.72],[68.547,23.698],[68.528,23.689],[68.518,23.665],[68.519,23.66],[68.519,23.658],[68.525,23.654],[68.525,23.655],[68.526,23.653],[68.525,23.654],[68.526,23.653],[68.519,23.658],[68.519,23.66],[68.497,23.653],[68.489,23.627],[68.493,23.606],[68.487,23.578],[68.495,23.56],[68.483,23.549],[68.499,23.515],[68.5,23.498],[68.501,23.499],[68.502,23.5],[68.502,23.501],[68.502,23.5],[68.502,23.501],[68.501,23.499],[68.5,23.497],[68.5,23.498],[68.5,23.497],[68.512,23.489],[68.513,23.49],[68.512,23.489],[68.513,23.49],[68.514,23.488],[68.512,23.489],[68.514,23.488],[68.507,23.464],[68.506,23.463],[68.507,23.464],[68.506,23.463],[68.512,23.455],[68.512,23.457],[68.513,23.456],[68.512,23.457],[68.513,23.456],[68.512,23.457],[68.512,23.455],[68.512,23.453],[68.513,23.453],[68.512,23.453],[68.513,23.453],[68.519,23.453],[68.518,23.452],[68.519,23.453],[68.52,23.451],[68.519,23.45],[68.518,23.452],[68.519,23.45],[68.524,23.455],[68.523,23.456],[68.522,23.457],[68.522,23.458],[68.517,23.457],[68.517,23.463],[68.518,23.462],[68.518,23.461],[68.519,23.462],[68.518,23.461],[68.519,23.462],[68.518,23.461],[68.518,23.462],[68.517,23.463],[68.515,23.468],[68.516,23.467],[68.515,23.468],[68.516,23.467],[68.512,23.471],[68.513,23.472],[68.512,23.471],[68.513,23.472],[68.515,23.468],[68.516,23.474],[68.516,23.475],[68.516,23.474],[68.516,23.475],[68.516,23.474],[68.522,23.46],[68.522,23.458],[68.522,23.46],[68.522,23.457],[68.523,23.456],[68.525,23.457],[68.524,23.455],[68.525,23.457],[68.524,23.455],[68.537,23.427],[68.536,23.428],[68.537,23.427],[68.536,23.428],[68.534,23.43],[68.533,23.431],[68.533,23.432],[68.533,23.431],[68.534,23.43],[68.536,23.422],[68.55,23.423],[68.55,23.422],[68.55,23.423],[68.55,23.422],[68.549,23.422],[68.548,23.421],[68.549,23.422],[68.548,23.421],[68.545,23.42],[68.56,23.419],[68.57,23.376],[68.571,23.375],[68.57,23.376],[68.571,23.375],[68.578,23.382],[68.572,23.387],[68.572,23.385],[68.572,23.387],[68.571,23.385],[68.572,23.385],[68.571,23.385],[68.572,23.392],[68.578,23.387],[68.578,23.386],[68.578,23.387],[68.584,23.387],[68.583,23.386],[68.584,23.387],[68.583,23.386],[68.584,23.384],[68.583,23.383],[68.584,23.384],[68.583,23.383],[68.603,23.361],[68.616,23.366],[68.619,23.365],[68.619,23.364],[68.619,23.365],[68.619,23.364],[68.616,23.366],[68.614,23.362],[68.623,23.35],[68.625,23.353],[68.626,23.354],[68.625,23.353],[68.626,23.354],[68.628,23.352],[68.633,23.348],[68.634,23.347],[68.635,23.343],[68.634,23.341],[68.633,23.34],[68.634,23.341],[68.634,23.34],[68.633,23.34],[68.629,23.343],[68.629,23.344],[68.629,23.343],[68.629,23.344],[68.627,23.345],[68.627,23.347],[68.627,23.345],[68.632,23.319],[68.639,23.319],[68.649,23.305],[68.675,23.307],[68.629,23.291],[68.629,23.29],[68.629,23.291],[68.638,23.268],[68.658,23.271],[68.646,23.253],[68.647,23.252],[68.646,23.253],[68.647,23.252],[68.63,23.246],[68.628,23.245],[68.63,23.246],[68.628,23.245],[68.604,23.243],[68.622,23.225],[68.623,23.226],[68.624,23.226],[68.624,23.225],[68.624,23.226],[68.624,23.225],[68.624,23.226],[68.624,23.225],[68.623,23.225],[68.623,23.226],[68.623,23.225],[68.622,23.225],[68.623,23.225],[68.623,23.223],[68.623,23.225],[68.623,23.223],[68.635,23.22],[68.631,23.213],[68.63,23.214],[68.631,23.213],[68.63,23.214],[68.609,23.221],[68.601,23.219],[68.599,23.24],[68.585,23.23],[68.585,23.229],[68.585,23.23],[68.585,23.229],[68.592,23.214],[68.626,23.187],[68.627,23.186],[68.626,23.187],[68.627,23.186],[68.637,23.184],[68.655,23.156],[68.654,23.155],[68.655,23.156],[68.655,23.155],[68.656,23.155],[68.655,23.155],[68.656,23.155],[68.671,23.146],[68.681,23.143],[68.68,23.142],[68.681,23.143],[68.68,23.142],[68.671,23.146],[68.662,23.152],[68.661,23.151],[68.662,23.152],[68.661,23.151],[68.657,23.152],[68.656,23.153],[68.655,23.153],[68.656,23.153],[68.655,23.153],[68.655,23.155],[68.654,23.155],[68.653,23.155],[68.654,23.155],[68.653,23.155],[68.655,23.153],[68.657,23.152],[68.72,23.114],[68.762,23.079],[68.808,23.061],[68.815,23.065],[68.82,23.056],[68.821,23.055],[68.822,23.055],[68.821,23.054],[68.822,23.055],[68.821,23.054],[68.821,23.055],[68.82,23.056],[68.821,23.054],[68.902,23.006],[68.903,23.007],[68.902,23.006],[68.903,23.007],[68.902,23.007],[68.901,23.008],[68.902,23.008],[68.902,23.007],[68.902,23.008],[68.975,22.962],[69.044,22.93],[69.1,22.897],[69.132,22.873],[69.157,22.862],[69.197,22.838],[69.228,22.842],[69.231,22.835],[69.273,22.825],[69.319,22.832],[69.343,22.822],[69.361,22.823],[69.42,22.799],[69.446,22.778],[69.474,22.773],[69.485,22.787],[69.533,22.786],[69.561,22.776],[69.58,22.762],[69.616,22.757],[69.632,22.763],[69.633,22.763],[69.635,22.765],[69.636,22.764],[69.637,22.765],[69.636,22.775],[69.635,22.776],[69.635,22.777],[69.634,22.779],[69.636,22.789],[69.636,22.79],[69.634,22.793],[69.633,22.794],[69.634,22.793],[69.636,22.79],[69.636,22.789],[69.637,22.78],[69.637,22.777],[69.643,22.765],[69.659,22.757],[69.667,22.776],[69.673,22.757],[69.706,22.736],[69.706,22.735],[69.706,22.733],[69.706,22.732],[69.708,22.729],[69.708,22.73],[69.708,22.729],[69.708,22.73],[69.706,22.732],[69.706,22.733],[69.706,22.735],[69.707,22.735],[69.706,22.736],[69.707,22.735],[69.715,22.752],[69.747,22.795],[69.752,22.819],[69.776,22.83],[69.801,22.85],[69.815,22.852],[69.817,22.852],[69.82,22.854],[69.821,22.854],[69.856,22.868],[69.86,22.861],[69.86,22.86],[69.861,22.859],[69.862,22.86],[69.861,22.859],[69.862,22.86],[69.861,22.861],[69.86,22.86],[69.861,22.861],[69.86,22.86],[69.86,22.862],[69.86,22.861],[69.86,22.862],[69.877,22.872],[69.902,22.865],[69.928,22.88],[69.937,22.893],[69.955,22.895],[70.01,22.902],[70.011,22.901],[70.01,22.902],[70.011,22.901],[70.015,22.901],[70.02,22.9],[70.021,22.901],[70.02,22.9],[70.021,22.901],[70.031,22.897],[70.082,22.907],[70.082,22.908],[70.082,22.907],[70.082,22.908],[70.106,22.909],[70.132,22.924],[70.139,22.941],[70.111,22.95],[70.098,22.942],[70.097,22.943],[70.096,22.943],[70.093,22.951],[70.092,22.951],[70.093,22.952],[70.092,22.951],[70.093,22.952],[70.093,22.951],[70.096,22.943],[70.097,22.943],[70.098,22.942],[70.12,22.965],[70.164,22.943],[70.173,22.95],[70.213,22.955],[70.214,22.955],[70.213,22.955],[70.214,22.955],[70.238,22.98],[70.268,22.957],[70.268,22.956],[70.268,22.957],[70.268,22.956],[70.269,22.956],[70.268,22.956],[70.269,22.956],[70.274,22.953],[70.275,22.952],[70.274,22.953],[70.276,22.952],[70.275,22.952],[70.276,22.952],[70.279,22.95],[70.279,22.949],[70.279,22.95],[70.279,22.949],[70.351,22.931],[70.382,22.943],[70.393,22.963],[70.388,22.999],[70.387,22.998],[70.385,22.998],[70.387,22.998],[70.388,22.999],[70.401,23.03],[70.402,23.031],[70.401,23.03],[70.402,23.031],[70.433,23.06],[70.479,23.071],[70.484,23.077],[70.491,23.063],[70.473,23.015],[70.454,22.985],[70.441,22.975],[70.423,22.932],[70.413,22.923],[70.412,22.922],[70.413,22.923],[70.412,22.922],[70.412,22.919],[70.413,22.92],[70.412,22.919],[70.413,22.92],[70.413,22.919],[70.412,22.918],[70.413,22.919],[70.412,22.918],[70.412,22.919],[70.385,22.91],[70.34,22.847],[70.338,22.828],[70.321,22.807],[70.318,22.799],[70.318,22.797],[70.317,22.797],[70.318,22.797],[70.317,22.797],[70.311,22.793],[70.312,22.787],[70.302,22.779],[70.302,22.778],[70.303,22.778],[70.302,22.779],[70.303,22.778],[70.303,22.758],[70.301,22.758],[70.3,22.758],[70.301,22.758],[70.3,22.758],[70.299,22.757],[70.298,22.757],[70.299,22.757],[70.298,22.757],[70.297,22.753],[70.296,22.752],[70.297,22.753],[70.296,22.752],[70.293,22.749],[70.292,22.749],[70.293,22.749],[70.292,22.749],[70.29,22.749],[70.289,22.748],[70.29,22.749],[70.289,22.748],[70.284,22.748],[70.283,22.748],[70.284,22.748],[70.283,22.748],[70.287,22.745],[70.286,22.744],[70.287,22.745],[70.286,22.744],[70.28,22.74],[70.275,22.732],[70.272,22.733],[70.271,22.733],[70.272,22.733],[70.271,22.733],[70.26,22.731],[70.254,22.733],[70.254,22.729],[70.255,22.723],[70.255,22.722],[70.255,22.723],[70.255,22.722],[70.241,22.706],[70.242,22.705],[70.241,22.706],[70.242,22.705],[70.246,22.697],[70.247,22.696],[70.246,22.697],[70.247,22.696],[70.25,22.695],[70.252,22.695],[70.25,22.695],[70.252,22.693],[70.252,22.695],[70.252,22.693],[70.251,22.692],[70.249,22.691],[70.248,22.689],[70.248,22.69],[70.248,22.689],[70.243,22.681],[70.242,22.68],[70.243,22.681],[70.243,22.682],[70.241,22.682],[70.242,22.68],[70.243,22.676],[70.244,22.675],[70.243,22.676],[70.244,22.675],[70.243,22.676],[70.244,22.675],[70.245,22.674],[70.244,22.675],[70.245,22.674],[70.246,22.672],[70.241,22.669],[70.241,22.668],[70.241,22.669],[70.241,22.668],[70.234,22.651],[70.232,22.65],[70.231,22.65],[70.232,22.65],[70.231,22.65],[70.225,22.641],[70.225,22.64],[70.225,22.641],[70.225,22.64],[70.219,22.638],[70.217,22.64],[70.217,22.639],[70.217,22.64],[70.217,22.639],[70.217,22.638],[70.217,22.639],[70.217,22.638],[70.218,22.634],[70.218,22.633],[70.218,22.634],[70.218,22.633],[70.198,22.615],[70.199,22.61],[70.198,22.606],[70.201,22.604],[70.198,22.606],[70.195,22.605],[70.188,22.585],[70.187,22.584],[70.188,22.585],[70.187,22.584],[70.183,22.581],[70.162,22.552],[70.106,22.546],[70.065,22.547],[70.044,22.557],[70.024,22.55],[70.024,22.551],[70.024,22.55],[70.024,22.551],[70.024,22.55],[70.022,22.55],[70.022,22.548],[70.022,22.549],[70.022,22.548],[70.02,22.548],[70.02,22.547],[70.02,22.548],[70.02,22.547],[70.02,22.548],[70.02,22.547],[69.982,22.543],[69.976,22.541],[69.982,22.542],[69.982,22.543],[69.984,22.543],[69.983,22.542],[69.984,22.543],[69.985,22.542],[69.984,22.542],[69.985,22.542],[69.984,22.542],[69.985,22.542],[69.985,22.54],[69.984,22.538],[69.984,22.537],[69.984,22.538],[69.984,22.537],[69.984,22.538],[69.984,22.537],[69.983,22.537],[69.984,22.538],[69.985,22.54],[69.984,22.542],[69.983,22.542],[69.982,22.542],[69.982,22.541],[69.982,22.542],[69.982,22.541],[69.976,22.541],[69.946,22.528],[69.955,22.504],[69.957,22.503],[69.956,22.502],[69.957,22.503],[69.956,22.502],[69.955,22.504],[69.941,22.513],[69.913,22.488],[69.91,22.467],[69.86,22.447],[69.836,22.455],[69.837,22.46],[69.836,22.463],[69.837,22.46],[69.835,22.46],[69.836,22.463],[69.835,22.472],[69.834,22.454],[69.819,22.423],[69.818,22.423],[69.819,22.423],[69.818,22.423],[69.803,22.405],[69.779,22.412],[69.762,22.433],[69.751,22.427],[69.725,22.465],[69.679,22.444],[69.673,22.443],[69.672,22.444],[69.672,22.445],[69.672,22.444],[69.673,22.443],[69.673,22.441],[69.672,22.44],[69.672,22.439],[69.672,22.44],[69.672,22.439],[69.673,22.441],[69.679,22.444],[69.702,22.434],[69.693,22.418],[69.694,22.416],[69.693,22.418],[69.694,22.416],[69.699,22.396],[69.671,22.395],[69.66,22.388],[69.655,22.359],[69.619,22.357],[69.611,22.337],[69.611,22.336],[69.611,22.337],[69.611,22.336],[69.61,22.336],[69.61,22.335],[69.61,22.332],[69.609,22.331],[69.609,22.329],[69.608,22.33],[69.609,22.329],[69.608,22.328],[69.608,22.329],[69.608,22.328],[69.608,22.329],[69.608,22.328],[69.607,22.328],[69.608,22.329],[69.608,22.33],[69.609,22.331],[69.61,22.332],[69.61,22.335],[69.61,22.336],[69.611,22.337],[69.606,22.344],[69.606,22.342],[69.606,22.34],[69.606,22.342],[69.606,22.344],[69.602,22.351],[69.601,22.35],[69.602,22.351],[69.601,22.35],[69.595,22.352],[69.594,22.352],[69.595,22.352],[69.594,22.352],[69.577,22.337],[69.589,22.362],[69.56,22.367],[69.551,22.404],[69.523,22.427],[69.506,22.423],[69.517,22.412],[69.521,22.379],[69.49,22.356],[69.489,22.339],[69.466,22.33],[69.451,22.333],[69.419,22.316],[69.353,22.327],[69.331,22.327],[69.337,22.312],[69.325,22.302],[69.313,22.288],[69.283,22.272],[69.251,22.265],[69.223,22.258],[69.207,22.264],[69.17,22.294],[69.158,22.316],[69.168,22.327],[69.168,22.345],[69.179,22.376],[69.2,22.39],[69.191,22.422],[69.156,22.412],[69.148,22.403],[69.11,22.41],[69.09,22.394],[69.069,22.396],[69.055,22.41],[69.045,22.437],[69.067,22.452],[69.085,22.474],[69.066,22.477],[69.063,22.471],[69.018,22.447],[69.004,22.434],[69.003,22.433],[69.004,22.434],[69.003,22.433],[68.995,22.425],[68.988,22.417],[68.987,22.416],[68.988,22.417],[68.987,22.416],[68.957,22.367],[68.953,22.333],[68.943,22.333],[68.936,22.31],[68.958,22.257],[68.957,22.239],[68.957,22.238],[68.957,22.239],[68.957,22.238],[69.016,22.175],[69.057,22.126],[69.088,22.1],[69.108,22.073],[69.169,22.009],[69.17,22.008],[69.169,22.009],[69.17,22.008],[69.232,21.943],[69.283,21.895],[69.352,21.839],[69.377,21.826],[69.4,21.797],[69.44,21.761],[69.472,21.74],[69.56,21.655],[69.573,21.647],[69.574,21.646],[69.573,21.647],[69.574,21.646],[69.592,21.633],[69.589,21.627],[69.592,21.632],[69.592,21.633],[69.592,21.632],[69.613,21.628],[69.688,21.55],[69.711,21.531],[69.774,21.461],[69.779,21.46],[69.779,21.458],[69.779,21.46],[69.779,21.458],[69.781,21.458],[69.78,21.458],[69.781,21.458],[69.799,21.455],[69.8,21.455],[69.8,21.458],[69.801,21.458],[69.801,21.46],[69.803,21.463],[69.804,21.463],[69.804,21.464],[69.805,21.463],[69.804,21.464],[69.805,21.463],[69.804,21.463],[69.803,21.462],[69.803,21.463],[69.803,21.462],[69.803,21.463],[69.802,21.459],[69.801,21.46],[69.802,21.459],[69.801,21.458],[69.8,21.458],[69.801,21.456],[69.803,21.455],[69.802,21.455],[69.801,21.456],[69.802,21.455],[69.801,21.456],[69.802,21.455],[69.8,21.455],[69.8,21.454],[69.799,21.455],[69.8,21.454],[69.78,21.457],[69.78,21.458],[69.78,21.457],[69.78,21.458],[69.779,21.457],[69.779,21.458],[69.778,21.458],[69.779,21.458],[69.778,21.458],[69.779,21.457],[69.78,21.457],[69.779,21.455],[69.78,21.457],[69.779,21.455],[69.923,21.292],[70.007,21.199],[70.033,21.179],[70.035,21.18],[70.035,21.181],[70.036,21.18],[70.035,21.181],[70.036,21.18],[70.035,21.179],[70.035,21.18],[70.035,21.179],[70.033,21.179],[70.05,21.153],[70.098,21.108],[70.133,21.08],[70.137,21.086],[70.147,21.079],[70.141,21.082],[70.141,21.081],[70.141,21.082],[70.141,21.081],[70.138,21.077],[70.163,21.052],[70.222,21.003],[70.223,21.003],[70.222,21.003],[70.223,21.003],[70.236,20.996],[70.236,20.997],[70.238,20.998],[70.239,20.999],[70.24,20.998],[70.239,20.999],[70.24,20.998],[70.239,20.999],[70.238,20.998],[70.236,20.997],[70.236,20.996],[70.243,20.997],[70.244,20.998],[70.245,20.999],[70.246,20.999],[70.246,21],[70.247,20.999],[70.246,21],[70.247,20.999],[70.246,20.999],[70.245,20.998],[70.245,20.999],[70.245,20.998],[70.244,20.998],[70.243,20.997],[70.252,20.979],[70.325,20.927],[70.346,20.916],[70.347,20.92],[70.349,20.918],[70.35,20.92],[70.351,20.92],[70.35,20.92],[70.351,20.92],[70.35,20.92],[70.349,20.918],[70.346,20.916],[70.373,20.896],[70.374,20.897],[70.373,20.896],[70.374,20.897],[70.417,20.883],[70.417,20.885],[70.418,20.882],[70.417,20.883],[70.425,20.863],[70.489,20.828],[70.508,20.822],[70.541,20.802],[70.549,20.805],[70.585,20.782],[70.627,20.768],[70.663,20.761],[70.673,20.762],[70.673,20.763],[70.673,20.762],[70.687,20.749],[70.743,20.72],[70.744,20.72],[70.743,20.72],[70.744,20.72],[70.757,20.722],[70.792,20.712],[70.822,20.692],[70.843,20.707],[70.869,20.706],[70.872,20.725],[70.857,20.752],[70.853,20.753],[70.857,20.752],[70.87,20.73],[70.924,20.739],[70.947,20.735],[70.949,20.735],[70.954,20.735],[70.991,20.746],[70.99,20.731],[71.013,20.74],[71.066,20.735],[71.094,20.758],[71.146,20.757],[71.151,20.772],[71.156,20.779],[71.197,20.787],[71.209,20.802],[71.228,20.804],[71.276,20.825],[71.277,20.825],[71.276,20.825],[71.277,20.825],[71.319,20.845],[71.372,20.854],[71.385,20.86],[71.385,20.859],[71.385,20.86],[71.385,20.859],[71.387,20.86],[71.386,20.86],[71.387,20.86],[71.386,20.86],[71.385,20.86],[71.382,20.862],[71.382,20.864],[71.382,20.862],[71.382,20.864],[71.387,20.864],[71.387,20.865],[71.387,20.864],[71.387,20.865],[71.422,20.867],[71.463,20.881],[71.482,20.9],[71.515,20.948],[71.534,20.943],[71.561,20.95],[71.563,20.95],[71.561,20.95],[71.563,20.95],[71.638,20.975],[71.64,20.991],[71.661,20.999],[71.679,20.997],[71.689,21.008],[71.721,21.022],[71.727,21.015],[71.728,21.015],[71.727,21.015],[71.728,21.015],[71.728,21.014],[71.728,21.015],[71.728,21.014],[71.76,21.02],[71.785,21.039],[71.786,21.04],[71.787,21.039],[71.786,21.04],[71.787,21.039],[71.785,21.039],[71.787,21.038],[71.789,21.04],[71.795,21.038],[71.802,21.038],[71.802,21.046],[71.803,21.063],[71.842,21.077],[71.885,21.094],[71.903,21.108],[71.932,21.115],[71.932,21.116],[71.932,21.115],[71.932,21.116],[71.942,21.117],[71.942,21.118],[71.942,21.117],[71.942,21.118],[71.955,21.123],[71.956,21.122],[71.955,21.123],[71.956,21.122],[71.955,21.123],[71.956,21.122],[71.965,21.123],[71.965,21.122],[71.965,21.123],[71.966,21.122],[71.965,21.122],[71.966,21.122],[71.965,21.122],[71.966,21.122],[71.97,21.122],[71.97,21.121],[71.976,21.129],[71.975,21.128],[71.976,21.129],[72.042,21.162],[72.058,21.175],[72.108,21.197],[72.108,21.196],[72.109,21.196],[72.108,21.197],[72.109,21.196],[72.113,21.212],[72.089,21.229],[72.082,21.246],[72.098,21.263],[72.097,21.265],[72.098,21.263],[72.097,21.265],[72.098,21.263],[72.097,21.265],[72.101,21.279],[72.102,21.278],[72.101,21.279],[72.102,21.278],[72.108,21.283],[72.109,21.302],[72.134,21.341],[72.167,21.376],[72.177,21.397],[72.2,21.413],[72.201,21.414],[72.2,21.413],[72.201,21.414],[72.235,21.457],[72.254,21.503],[72.273,21.581],[72.302,21.62],[72.302,21.644],[72.285,21.665],[72.285,21.679],[72.257,21.73],[72.241,21.787],[72.211,21.807],[72.207,21.82],[72.206,21.821],[72.205,21.822],[72.205,21.823],[72.201,21.824],[72.2,21.825],[72.196,21.828],[72.186,21.827],[72.185,21.826],[72.186,21.827],[72.196,21.828],[72.2,21.825],[72.201,21.824],[72.205,21.823],[72.206,21.823],[72.205,21.822],[72.206,21.823],[72.206,21.821],[72.207,21.82],[72.218,21.802],[72.247,21.791],[72.254,21.76],[72.254,21.759],[72.255,21.758],[72.255,21.757],[72.258,21.752],[72.258,21.751],[72.26,21.747],[72.261,21.744],[72.262,21.743],[72.27,21.755],[72.26,21.784],[72.258,21.88],[72.247,21.91],[72.22,21.948],[72.213,21.948],[72.21,21.946],[72.21,21.945],[72.21,21.946],[72.21,21.945],[72.193,21.937],[72.16,21.957],[72.149,21.955],[72.148,21.956],[72.149,21.955],[72.148,21.956],[72.157,21.969],[72.157,21.97],[72.157,21.972],[72.153,21.977],[72.152,21.977],[72.151,21.978],[72.15,21.979],[72.15,21.98],[72.149,21.981],[72.15,21.98],[72.15,21.979],[72.151,21.978],[72.152,21.978],[72.152,21.977],[72.152,21.978],[72.152,21.977],[72.152,21.978],[72.152,21.977],[72.153,21.977],[72.157,21.972],[72.157,21.97],[72.157,21.969],[72.191,21.942],[72.221,21.968],[72.23,21.995],[72.211,21.999],[72.18,22.018],[72.181,22.029],[72.181,22.031],[72.181,22.029],[72.181,22.031],[72.207,22.012],[72.233,22.018],[72.231,22.049],[72.238,22.059],[72.277,22.079],[72.271,22.099],[72.268,22.1],[72.269,22.101],[72.268,22.1],[72.269,22.101],[72.271,22.099],[72.287,22.095],[72.286,22.096],[72.287,22.095],[72.286,22.096],[72.297,22.081],[72.242,22.051],[72.244,22.035],[72.26,22.02],[72.252,21.987],[72.261,21.982],[72.26,21.96],[72.279,21.964],[72.307,22.077],[72.314,22.115],[72.322,22.123],[72.31,22.149],[72.342,22.136],[72.357,22.15],[72.353,22.165],[72.371,22.173],[72.389,22.168],[72.39,22.167],[72.389,22.168],[72.39,22.167],[72.389,22.168],[72.39,22.167],[72.391,22.168],[72.391,22.169],[72.391,22.168],[72.391,22.169],[72.383,22.193],[72.365,22.201],[72.36,22.225],[72.371,22.244],[72.358,22.268],[72.359,22.267],[72.358,22.268],[72.359,22.267],[72.377,22.261],[72.382,22.218],[72.405,22.214],[72.416,22.228],[72.413,22.254],[72.416,22.28],[72.411,22.299],[72.387,22.299],[72.372,22.317],[72.378,22.335],[72.403,22.349],[72.382,22.375],[72.382,22.376],[72.382,22.375],[72.382,22.376],[72.411,22.36],[72.402,22.327],[72.39,22.317],[72.432,22.302],[72.475,22.239],[72.49,22.238],[72.478,22.234],[72.49,22.238],[72.485,22.223],[72.485,22.222],[72.485,22.223],[72.485,22.222],[72.508,22.231],[72.536,22.251],[72.57,22.258],[72.608,22.279],[72.635,22.285],[72.658,22.27],[72.691,22.237],[72.759,22.232],[72.81,22.265],[72.842,22.282],[72.853,22.281],[72.86,22.252],[72.899,22.232],[72.87,22.223],[72.817,22.248],[72.8,22.238],[72.774,22.194],[72.748,22.173],[72.715,22.185],[72.7,22.185],[72.659,22.212],[72.642,22.217],[72.614,22.217],[72.613,22.217],[72.614,22.217],[72.613,22.217],[72.581,22.2],[72.567,22.185],[72.566,22.184],[72.567,22.185],[72.566,22.184],[72.547,22.15],[72.527,22.078],[72.518,22.03],[72.505,21.981],[72.503,21.938],[72.502,21.937],[72.503,21.938],[72.502,21.937],[72.508,21.898],[72.517,21.879],[72.547,21.878],[72.582,21.886],[72.586,21.919],[72.606,21.937],[72.607,21.938],[72.606,21.937],[72.607,21.938],[72.608,21.928],[72.629,21.909],[72.622,21.9],[72.617,21.868],[72.565,21.814],[72.56,21.806],[72.559,21.805],[72.558,21.804],[72.556,21.802],[72.556,21.8],[72.556,21.802],[72.556,21.8],[72.555,21.799],[72.555,21.798],[72.555,21.799],[72.555,21.798],[72.544,21.757],[72.543,21.75],[72.521,21.714],[72.52,21.713],[72.521,21.714],[72.52,21.712],[72.519,21.711],[72.52,21.712],[72.519,21.711],[72.52,21.713],[72.518,21.706],[72.523,21.688],[72.547,21.659],[72.564,21.662],[72.565,21.663],[72.564,21.662],[72.565,21.663],[72.602,21.681],[72.603,21.681],[72.602,21.681],[72.603,21.681],[72.655,21.677],[72.67,21.683],[72.715,21.68],[72.735,21.689],[72.774,21.665],[72.821,21.659],[72.82,21.659],[72.819,21.658],[72.79,21.646],[72.75,21.647],[72.749,21.644],[72.748,21.643],[72.726,21.639],[72.706,21.652],[72.705,21.652],[72.666,21.627],[72.665,21.628],[72.666,21.627],[72.665,21.628],[72.653,21.624],[72.652,21.623],[72.653,21.624],[72.652,21.623],[72.628,21.617],[72.608,21.583],[72.613,21.557],[72.631,21.539],[72.66,21.527],[72.681,21.54],[72.706,21.532],[72.737,21.54],[72.74,21.55],[72.736,21.556],[72.736,21.555],[72.736,21.556],[72.736,21.555]],[[69.951,22.605],[69.948,22.606],[69.952,22.605],[69.951,22.605],[69.952,22.605],[69.951,22.605]]]]},"properties":{"ST_NM":"Gujarat"}},
{"type":"Feature","geometry":{"type":"Polygon","coordinates":[[[77.588,30.38],[77.556,30.392],[77.539,30.412],[77.523,30.444],[77.506,30.428],[77.504,30.413],[77.474,30.401],[77.448,30.399],[77.453,30.42],[77.466,30.436],[77.459,30.461],[77.439,30.436],[77.409,30.416],[77.393,30.441],[77.37,30.437],[77.359,30.457],[77.335,30.458],[77.323,30.449],[77.277,30.462],[77.265,30.48],[77.24,30.484],[77.212,30.48],[77.213,30.495],[77.213,30.502],[77.198,30.521],[77.151,30.534],[77.125,30.563],[77.153,30.579],[77.171,30.595],[77.176,30.634],[77.166,30.65],[77.167,30.684],[77.138,30.703],[77.116,30.727],[77.09,30.741],[77.06,30.745],[77.026,30.738],[77.018,30.762],[77.002,30.773],[77.013,30.785],[77.011,30.81],[76.982,30.804],[76.967,30.807],[76.941,30.833],[76.94,30.851],[76.916,30.893],[76.866,30.867],[76.836,30.884],[76.823,30.903],[76.824,30.927],[76.783,30.903],[76.776,30.89],[76.782,30.873],[76.815,30.839],[76.841,30.829],[76.847,30.801],[76.86,30.789],[76.841,30.76],[76.836,30.736],[76.85,30.71],[76.833,30.682],[76.832,30.657],[76.876,30.668],[76.872,30.637],[76.89,30.633],[76.913,30.616],[76.926,30.596],[76.912,30.563],[76.915,30.547],[76.898,30.536],[76.933,30.521],[76.931,30.503],[76.929,30.495],[76.907,30.486],[76.908,30.451],[76.903,30.433],[76.914,30.424],[76.922,30.399],[76.94,30.384],[76.91,30.358],[76.889,30.359],[76.893,30.379],[76.877,30.405],[76.852,30.417],[76.845,30.43],[76.821,30.408],[76.793,30.411],[76.761,30.423],[76.738,30.416],[76.739,30.401],[76.713,30.39],[76.751,30.356],[76.71,30.321],[76.683,30.315],[76.664,30.295],[76.627,30.271],[76.593,30.266],[76.558,30.255],[76.56,30.231],[76.588,30.252],[76.603,30.25],[76.624,30.222],[76.616,30.211],[76.651,30.202],[76.651,30.181],[76.635,30.166],[76.64,30.151],[76.545,30.079],[76.513,30.073],[76.503,30.093],[76.464,30.097],[76.456,30.119],[76.438,30.144],[76.441,30.176],[76.432,30.194],[76.411,30.195],[76.393,30.18],[76.414,30.154],[76.396,30.142],[76.402,30.124],[76.361,30.124],[76.34,30.106],[76.305,30.115],[76.292,30.11],[76.263,30.115],[76.222,30.153],[76.216,30.124],[76.242,30.105],[76.265,30.102],[76.244,30.08],[76.21,30.034],[76.201,30.001],[76.215,29.94],[76.19,29.943],[76.178,29.925],[76.193,29.92],[76.194,29.89],[76.209,29.88],[76.237,29.881],[76.253,29.865],[76.221,29.839],[76.213,29.842],[76.178,29.815],[76.15,29.813],[76.127,29.793],[76.105,29.808],[76.089,29.802],[76.085,29.778],[76.069,29.77],[76.052,29.745],[76.035,29.752],[76.015,29.747],[75.983,29.729],[75.945,29.729],[75.925,29.735],[75.908,29.752],[75.89,29.744],[75.874,29.749],[75.854,29.773],[75.831,29.812],[75.807,29.804],[75.782,29.822],[75.759,29.809],[75.717,29.806],[75.708,29.752],[75.689,29.754],[75.677,29.77],[75.636,29.77],[75.633,29.751],[75.573,29.741],[75.567,29.763],[75.517,29.771],[75.455,29.805],[75.454,29.784],[75.407,29.759],[75.389,29.709],[75.372,29.71],[75.344,29.686],[75.356,29.669],[75.328,29.668],[75.317,29.63],[75.298,29.617],[75.29,29.601],[75.314,29.586],[75.3,29.559],[75.248,29.549],[75.221,29.58],[75.231,29.604],[75.209,29.621],[75.183,29.628],[75.183,29.647],[75.169,29.667],[75.199,29.679],[75.208,29.694],[75.197,29.71],[75.208,29.729],[75.231,29.731],[75.241,29.75],[75.222,29.784],[75.208,29.794],[75.211,29.828],[75.193,29.837],[75.166,29.818],[75.16,29.79],[75.141,29.783],[75.135,29.804],[75.112,29.801],[75.103,29.818],[75.114,29.836],[75.096,29.843],[75.095,29.857],[75.111,29.866],[75.113,29.895],[75.088,29.911],[75.076,29.877],[75.048,29.88],[75.024,29.863],[75,29.855],[74.98,29.879],[74.98,29.888],[74.953,29.901],[74.934,29.94],[74.882,29.958],[74.86,29.958],[74.831,29.972],[74.811,29.992],[74.786,29.973],[74.747,29.968],[74.734,29.961],[74.705,29.971],[74.691,29.948],[74.65,29.922],[74.649,29.903],[74.595,29.914],[74.583,29.925],[74.529,29.943],[74.515,29.907],[74.543,29.902],[74.563,29.865],[74.542,29.839],[74.501,29.826],[74.475,29.787],[74.481,29.744],[74.535,29.741],[74.547,29.753],[74.581,29.753],[74.602,29.766],[74.615,29.752],[74.613,29.721],[74.588,29.654],[74.595,29.634],[74.584,29.627],[74.579,29.585],[74.581,29.555],[74.62,29.531],[74.621,29.519],[74.602,29.491],[74.588,29.458],[74.543,29.464],[74.54,29.424],[74.561,29.421],[74.579,29.405],[74.582,29.385],[74.609,29.353],[74.604,29.327],[74.65,29.33],[74.659,29.371],[74.697,29.364],[74.72,29.368],[74.74,29.352],[74.785,29.359],[74.818,29.397],[74.859,29.401],[74.88,29.383],[74.897,29.385],[74.936,29.363],[74.945,29.336],[74.959,29.317],[74.949,29.303],[74.962,29.28],[74.986,29.279],[75,29.27],[75.033,29.289],[75.049,29.285],[75.06,29.262],[75.087,29.23],[75.117,29.224],[75.123,29.241],[75.157,29.243],[75.173,29.262],[75.189,29.266],[75.204,29.242],[75.233,29.232],[75.244,29.249],[75.281,29.252],[75.286,29.271],[75.329,29.291],[75.335,29.276],[75.332,29.249],[75.324,29.233],[75.355,29.223],[75.359,29.245],[75.389,29.261],[75.405,29.259],[75.409,29.237],[75.397,29.226],[75.41,29.186],[75.398,29.168],[75.378,29.167],[75.37,29.14],[75.405,29.126],[75.39,29.108],[75.39,29.067],[75.439,29.062],[75.45,29.038],[75.444,29.014],[75.482,29.017],[75.52,29.008],[75.525,28.972],[75.512,28.958],[75.506,28.938],[75.478,28.935],[75.476,28.923],[75.497,28.895],[75.497,28.856],[75.522,28.833],[75.507,28.784],[75.525,28.769],[75.539,28.729],[75.548,28.645],[75.557,28.64],[75.564,28.611],[75.585,28.613],[75.593,28.603],[75.618,28.602],[75.627,28.585],[75.637,28.542],[75.674,28.53],[75.672,28.517],[75.698,28.495],[75.745,28.483],[75.743,28.469],[75.787,28.454],[75.793,28.435],[75.774,28.417],[75.796,28.401],[75.811,28.41],[75.837,28.405],[75.843,28.394],[75.88,28.387],[75.931,28.365],[75.936,28.341],[75.976,28.32],[75.995,28.292],[76.027,28.276],[76.016,28.249],[76.019,28.237],[76.061,28.22],[76.053,28.199],[76.074,28.195],[76.083,28.168],[76.101,28.151],[76.091,28.138],[76.073,28.14],[76.075,28.163],[76.036,28.168],[76.003,28.146],[75.999,28.124],[75.985,28.123],[75.95,28.101],[75.944,28.089],[75.985,28.08],[76.01,28.056],[76.023,28.077],[76.041,28.064],[76.025,28.052],[76.018,28.032],[75.982,28.033],[75.981,28.014],[75.963,27.984],[75.995,27.98],[75.976,27.958],[75.971,27.933],[75.952,27.936],[75.931,27.929],[75.936,27.912],[75.964,27.915],[75.985,27.905],[75.983,27.86],[76.017,27.858],[76.057,27.843],[76.068,27.853],[76.088,27.847],[76.096,27.864],[76.13,27.85],[76.135,27.829],[76.181,27.803],[76.214,27.843],[76.198,27.877],[76.207,27.894],[76.178,27.905],[76.187,27.968],[76.162,27.988],[76.182,28.017],[76.212,28.026],[76.185,28.044],[76.185,28.055],[76.242,28.052],[76.259,28.066],[76.28,28.062],[76.298,28.044],[76.298,28.025],[76.325,28.016],[76.345,28.025],[76.362,28.061],[76.346,28.068],[76.316,28.107],[76.34,28.102],[76.364,28.124],[76.331,28.145],[76.287,28.164],[76.287,28.174],[76.316,28.179],[76.344,28.173],[76.362,28.161],[76.368,28.139],[76.385,28.133],[76.406,28.143],[76.436,28.141],[76.446,28.147],[76.481,28.145],[76.498,28.129],[76.506,28.102],[76.465,28.106],[76.457,28.088],[76.478,28.081],[76.506,28.06],[76.492,28.053],[76.466,28.057],[76.464,28.042],[76.501,28.042],[76.52,28.03],[76.547,28.034],[76.539,27.974],[76.555,27.966],[76.607,28.005],[76.645,28.006],[76.669,28.014],[76.66,28.039],[76.657,28.087],[76.691,28.093],[76.719,28.127],[76.748,28.124],[76.764,28.141],[76.8,28.152],[76.805,28.165],[76.799,28.189],[76.815,28.195],[76.842,28.22],[76.873,28.219],[76.875,28.206],[76.909,28.2],[76.893,28.186],[76.93,28.157],[76.971,28.139],[76.955,28.066],[76.941,28.037],[76.927,27.992],[76.934,27.973],[76.928,27.92],[76.948,27.914],[76.947,27.891],[76.935,27.889],[76.938,27.85],[76.935,27.829],[76.916,27.831],[76.915,27.802],[76.904,27.781],[76.897,27.714],[76.923,27.695],[76.9,27.675],[76.918,27.651],[76.943,27.67],[76.979,27.652],[76.991,27.713],[77.002,27.736],[77.04,27.743],[77.062,27.722],[77.087,27.732],[77.079,27.753],[77.059,27.756],[77.032,27.782],[77.047,27.815],[77.081,27.804],[77.11,27.78],[77.156,27.781],[77.158,27.807],[77.181,27.811],[77.198,27.793],[77.231,27.792],[77.243,27.78],[77.285,27.801],[77.322,27.824],[77.348,27.854],[77.383,27.858],[77.421,27.853],[77.411,27.876],[77.431,27.889],[77.451,27.873],[77.479,27.889],[77.484,27.906],[77.478,27.927],[77.528,27.926],[77.545,27.944],[77.545,27.96],[77.519,27.968],[77.545,27.988],[77.521,28.005],[77.516,28.017],[77.487,28.043],[77.492,28.055],[77.478,28.08],[77.482,28.098],[77.509,28.117],[77.508,28.157],[77.541,28.165],[77.548,28.185],[77.533,28.201],[77.525,28.224],[77.545,28.235],[77.548,28.249],[77.521,28.249],[77.477,28.264],[77.502,28.275],[77.506,28.301],[77.476,28.336],[77.504,28.353],[77.496,28.374],[77.479,28.389],[77.484,28.408],[77.446,28.426],[77.436,28.449],[77.408,28.453],[77.408,28.466],[77.386,28.471],[77.37,28.492],[77.348,28.503],[77.317,28.485],[77.288,28.493],[77.252,28.479],[77.237,28.464],[77.25,28.448],[77.25,28.423],[77.216,28.408],[77.175,28.403],[77.152,28.43],[77.128,28.437],[77.111,28.471],[77.117,28.489],[77.082,28.515],[77.067,28.509],[77.025,28.528],[77.015,28.509],[76.978,28.522],[76.954,28.508],[76.907,28.513],[76.889,28.519],[76.866,28.543],[76.847,28.552],[76.843,28.577],[76.871,28.597],[76.888,28.633],[76.92,28.633],[76.933,28.664],[76.956,28.678],[76.965,28.7],[76.951,28.712],[76.96,28.742],[76.948,28.755],[76.957,28.769],[76.948,28.798],[76.952,28.816],[76.984,28.821],[76.99,28.832],[77.042,28.832],[77.06,28.868],[77.094,28.869],[77.139,28.86],[77.149,28.836],[77.175,28.855],[77.197,28.862],[77.192,28.885],[77.227,28.895],[77.207,28.916],[77.216,28.931],[77.201,28.942],[77.201,28.956],[77.225,29.001],[77.202,29.016],[77.173,29.043],[77.168,29.072],[77.135,29.096],[77.149,29.13],[77.137,29.149],[77.151,29.177],[77.138,29.223],[77.154,29.233],[77.14,29.268],[77.165,29.312],[77.158,29.34],[77.131,29.345],[77.128,29.372],[77.15,29.379],[77.136,29.417],[77.151,29.437],[77.129,29.451],[77.135,29.481],[77.126,29.498],[77.109,29.507],[77.096,29.529],[77.121,29.548],[77.113,29.572],[77.097,29.596],[77.121,29.642],[77.141,29.654],[77.132,29.675],[77.137,29.692],[77.154,29.697],[77.152,29.712],[77.125,29.744],[77.13,29.771],[77.164,29.788],[77.168,29.812],[77.181,29.825],[77.18,29.842],[77.194,29.868],[77.192,29.897],[77.263,29.984],[77.285,30.029],[77.283,30.044],[77.31,30.055],[77.344,30.06],[77.386,30.088],[77.421,30.098],[77.413,30.108],[77.43,30.136],[77.436,30.164],[77.46,30.164],[77.486,30.184],[77.509,30.229],[77.533,30.255],[77.545,30.282],[77.583,30.306],[77.583,30.332],[77.605,30.366],[77.588,30.38]]]},"properties":{"ST_NM":"Haryana"}},
{"type":"Feature","geometry":{"type":"Polygon","coordinates":[[[78.4,32.526],[78.328,32.472],[78.296,32.504],[78.317,32.526],[78.314,32.574],[78.349,32.581],[78.407,32.62],[78.389,32.635],[78.381,32.668],[78.385,32.696],[78.396,32.716],[78.389,32.73],[78.391,32.757],[78.363,32.76],[78.306,32.734],[78.314,32.709],[78.254,32.691],[78.243,32.672],[78.202,32.661],[78.188,32.674],[78.154,32.667],[78.134,32.639],[78.111,32.659],[78.091,32.641],[78.085,32.622],[78.062,32.626],[78.052,32.612],[78.053,32.589],[78.035,32.584],[77.994,32.589],[77.938,32.676],[77.921,32.69],[77.936,32.754],[77.917,32.772],[77.899,32.772],[77.885,32.787],[77.879,32.813],[77.843,32.837],[77.817,32.843],[77.779,32.862],[77.791,32.888],[77.808,32.903],[77.778,32.925],[77.731,32.969],[77.683,32.984],[77.671,32.957],[77.631,32.939],[77.599,32.937],[77.588,32.919],[77.563,32.909],[77.537,32.885],[77.502,32.884],[77.473,32.859],[77.454,32.864],[77.443,32.881],[77.413,32.885],[77.397,32.879],[77.376,32.854],[77.374,32.823],[77.339,32.82],[77.323,32.852],[77.306,32.85],[77.276,32.874],[77.265,32.863],[77.242,32.881],[77.246,32.894],[77.199,32.914],[77.175,32.911],[77.154,32.956],[77.154,32.979],[77.121,32.985],[77.093,32.972],[77.053,32.998],[77.016,32.988],[76.98,33.012],[76.935,33.032],[76.909,33.08],[76.895,33.113],[76.87,33.11],[76.852,33.119],[76.847,33.137],[76.821,33.155],[76.816,33.172],[76.84,33.247],[76.815,33.24],[76.804,33.253],[76.782,33.254],[76.778,33.224],[76.748,33.179],[76.715,33.181],[76.703,33.173],[76.669,33.171],[76.645,33.162],[76.617,33.173],[76.604,33.204],[76.565,33.209],[76.552,33.199],[76.514,33.196],[76.487,33.18],[76.439,33.181],[76.425,33.188],[76.402,33.183],[76.376,33.157],[76.333,33.13],[76.309,33.12],[76.292,33.104],[76.273,33.052],[76.255,33.032],[76.169,33.023],[76.145,33.01],[76.111,33.005],[76.099,32.969],[76.06,32.94],[76.045,32.938],[76.034,32.918],[75.963,32.885],[75.951,32.884],[75.917,32.916],[75.884,32.931],[75.851,32.935],[75.825,32.93],[75.817,32.904],[75.804,32.894],[75.811,32.871],[75.838,32.843],[75.89,32.814],[75.917,32.77],[75.929,32.757],[75.926,32.721],[75.915,32.7],[75.915,32.681],[75.94,32.658],[75.94,32.644],[75.924,32.619],[75.889,32.576],[75.886,32.559],[75.867,32.521],[75.871,32.499],[75.931,32.448],[75.95,32.424],[75.942,32.411],[75.888,32.398],[75.86,32.379],[75.779,32.302],[75.752,32.273],[75.691,32.264],[75.668,32.255],[75.638,32.235],[75.635,32.185],[75.671,32.176],[75.671,32.146],[75.626,32.099],[75.594,32.081],[75.613,32.066],[75.664,32.077],[75.707,32.059],[75.725,32.035],[75.749,32.037],[75.789,32],[75.81,31.988],[75.851,31.981],[75.881,31.968],[75.909,31.949],[75.964,31.847],[75.968,31.823],[75.936,31.816],[75.951,31.783],[75.96,31.78],[75.992,31.703],[76.019,31.661],[76.017,31.645],[76.037,31.614],[76.058,31.601],[76.057,31.59],[76.098,31.535],[76.122,31.493],[76.142,31.442],[76.158,31.43],[76.171,31.402],[76.148,31.38],[76.153,31.351],[76.18,31.339],[76.187,31.304],[76.22,31.303],[76.237,31.311],[76.27,31.312],[76.275,31.303],[76.304,31.313],[76.316,31.324],[76.31,31.34],[76.344,31.343],[76.344,31.377],[76.33,31.4],[76.361,31.403],[76.373,31.413],[76.377,31.439],[76.405,31.395],[76.405,31.376],[76.442,31.322],[76.462,31.303],[76.481,31.307],[76.503,31.271],[76.525,31.28],[76.56,31.253],[76.585,31.277],[76.616,31.248],[76.59,31.223],[76.601,31.213],[76.63,31.226],[76.649,31.21],[76.626,31.199],[76.604,31.18],[76.604,31.154],[76.613,31.148],[76.603,31.125],[76.64,31.107],[76.619,31.075],[76.613,31.05],[76.627,31.019],[76.624,31.001],[76.682,30.966],[76.708,30.969],[76.726,30.96],[76.74,30.936],[76.762,30.926],[76.783,30.903],[76.824,30.927],[76.823,30.903],[76.836,30.884],[76.866,30.867],[76.916,30.893],[76.94,30.851],[76.941,30.833],[76.967,30.807],[76.982,30.804],[77.011,30.81],[77.013,30.785],[77.002,30.773],[77.018,30.762],[77.026,30.738],[77.06,30.745],[77.09,30.741],[77.116,30.727],[77.138,30.703],[77.167,30.684],[77.166,30.65],[77.176,30.634],[77.171,30.595],[77.153,30.579],[77.125,30.563],[77.151,30.534],[77.198,30.521],[77.213,30.502],[77.213,30.495],[77.212,30.48],[77.24,30.484],[77.265,30.48],[77.277,30.462],[77.323,30.449],[77.335,30.458],[77.359,30.457],[77.37,30.437],[77.393,30.441],[77.409,30.416],[77.439,30.436],[77.459,30.461],[77.466,30.436],[77.453,30.42],[77.448,30.399],[77.474,30.401],[77.504,30.413],[77.506,30.428],[77.523,30.444],[77.539,30.412],[77.556,30.392],[77.588,30.38],[77.576,30.4],[77.576,30.412],[77.617,30.433],[77.644,30.431],[77.654,30.447],[77.675,30.444],[77.725,30.472],[77.735,30.473],[77.781,30.499],[77.813,30.506],[77.826,30.533],[77.819,30.556],[77.792,30.552],[77.767,30.565],[77.746,30.602],[77.771,30.6],[77.77,30.615],[77.789,30.636],[77.78,30.66],[77.747,30.681],[77.755,30.706],[77.721,30.741],[77.708,30.741],[77.702,30.764],[77.718,30.774],[77.733,30.804],[77.758,30.832],[77.746,30.846],[77.759,30.876],[77.779,30.86],[77.798,30.867],[77.801,30.891],[77.815,30.908],[77.808,30.921],[77.76,30.918],[77.747,30.945],[77.751,30.959],[77.768,30.972],[77.811,30.965],[77.822,30.989],[77.839,31.001],[77.819,31.049],[77.839,31.07],[77.857,31.077],[77.866,31.106],[77.893,31.12],[77.895,31.133],[77.917,31.154],[77.929,31.152],[77.97,31.174],[77.984,31.16],[78.007,31.162],[78.022,31.152],[78.045,31.181],[78.069,31.188],[78.107,31.188],[78.134,31.209],[78.15,31.211],[78.163,31.227],[78.186,31.227],[78.2,31.219],[78.222,31.232],[78.248,31.23],[78.284,31.267],[78.309,31.261],[78.314,31.283],[78.332,31.28],[78.371,31.286],[78.384,31.283],[78.408,31.257],[78.435,31.255],[78.459,31.239],[78.482,31.216],[78.485,31.199],[78.552,31.202],[78.582,31.229],[78.616,31.231],[78.651,31.215],[78.666,31.193],[78.691,31.198],[78.711,31.191],[78.765,31.189],[78.81,31.2],[78.816,31.173],[78.834,31.142],[78.877,31.107],[78.895,31.099],[78.919,31.11],[78.957,31.1],[78.981,31.11],[79.012,31.112],[78.993,31.14],[78.987,31.177],[78.961,31.188],[78.95,31.217],[78.925,31.229],[78.922,31.254],[78.895,31.266],[78.883,31.296],[78.864,31.317],[78.845,31.325],[78.856,31.349],[78.85,31.367],[78.824,31.387],[78.792,31.397],[78.808,31.413],[78.811,31.448],[78.77,31.476],[78.764,31.486],[78.732,31.482],[78.723,31.516],[78.737,31.536],[78.766,31.544],[78.784,31.56],[78.813,31.571],[78.839,31.596],[78.843,31.623],[78.8,31.656],[78.796,31.685],[78.764,31.68],[78.75,31.687],[78.738,31.726],[78.728,31.74],[78.741,31.759],[78.72,31.766],[78.708,31.789],[78.709,31.81],[78.736,31.83],[78.741,31.88],[78.749,31.909],[78.762,31.921],[78.788,31.995],[78.754,32],[78.707,32.041],[78.703,32.053],[78.669,32.084],[78.665,32.103],[78.613,32.119],[78.605,32.143],[78.591,32.154],[78.611,32.184],[78.61,32.215],[78.56,32.245],[78.541,32.246],[78.5,32.239],[78.456,32.242],[78.481,32.274],[78.484,32.288],[78.478,32.333],[78.485,32.354],[78.511,32.373],[78.519,32.396],[78.536,32.415],[78.495,32.423],[78.484,32.441],[78.456,32.453],[78.466,32.485],[78.449,32.507],[78.423,32.511],[78.4,32.526]]]},"properties":{"ST_NM":"Himachal Pradesh"}},
{"type":"Feature","geometry":{"type":"Polygon","coordinates":[[[78.4,32.526],[78.427,32.531],[78.444,32.57],[78.472,32.584],[78.496,32.581],[78.532,32.606],[78.571,32.617],[78.588,32.616],[78.619,32.596],[78.639,32.61],[78.662,32.654],[78.723,32.661],[78.75,32.682],[78.769,32.686],[78.763,32.655],[78.779,32.628],[78.793,32.618],[78.794,32.589],[78.776,32.573],[78.807,32.482],[78.827,32.439],[78.859,32.441],[78.875,32.417],[78.903,32.393],[78.96,32.367],[78.979,32.339],[78.994,32.345],[79.015,32.377],[79.061,32.391],[79.102,32.386],[79.119,32.389],[79.126,32.414],[79.143,32.42],[79.147,32.437],[79.132,32.471],[79.148,32.481],[79.195,32.483],[79.241,32.509],[79.251,32.534],[79.277,32.534],[79.311,32.572],[79.318,32.59],[79.34,32.592],[79.395,32.572],[79.399,32.537],[79.424,32.527],[79.448,32.533],[79.47,32.576],[79.516,32.608],[79.567,32.673],[79.578,32.679],[79.627,32.738],[79.603,32.777],[79.573,32.782],[79.506,32.867],[79.482,32.891],[79.464,32.92],[79.415,32.967],[79.383,32.972],[79.341,33.018],[79.382,33.028],[79.394,33.054],[79.377,33.085],[79.393,33.124],[79.438,33.19],[79.451,33.217],[79.456,33.25],[79.447,33.265],[79.366,33.283],[79.328,33.273],[79.31,33.275],[79.241,33.298],[79.209,33.292],[79.134,33.29],[79.097,33.295],[79.026,33.329],[78.993,33.331],[78.97,33.374],[78.954,33.381],[78.95,33.408],[78.933,33.433],[78.931,33.465],[78.943,33.509],[78.925,33.565],[78.916,33.573],[78.919,33.634],[78.99,33.611],[79.028,33.625],[79.065,33.627],[79.1,33.614],[79.105,33.622],[79.09,33.657],[79.092,33.68],[79.054,33.678],[79.029,33.692],[79.021,33.706],[79.043,33.75],[79.069,33.758],[79.054,33.778],[79.02,33.776],[79.001,33.803],[78.954,33.889],[78.949,33.917],[78.937,33.927],[78.906,33.976],[78.927,33.999],[78.941,34.024],[79.015,34.05],[79.084,34.022],[79.113,34.02],[79.144,34.035],[79.149,34.063],[79.179,34.072],[79.198,34.051],[79.26,34.048],[79.274,34.039],[79.306,34.043],[79.356,34.037],[79.399,34.027],[79.42,34.014],[79.436,34.035],[79.414,34.056],[79.42,34.078],[79.434,34.093],[79.461,34.102],[79.495,34.136],[79.489,34.149],[79.495,34.18],[79.511,34.21],[79.537,34.206],[79.569,34.22],[79.584,34.238],[79.592,34.282],[79.56,34.332],[79.562,34.358],[79.554,34.388],[79.56,34.411],[79.528,34.418],[79.527,34.446],[79.509,34.474],[79.543,34.479],[79.58,34.49],[79.593,34.501],[79.609,34.492],[79.652,34.488],[79.661,34.48],[79.733,34.478],[79.797,34.487],[79.812,34.497],[79.81,34.531],[79.758,34.555],[79.771,34.582],[79.792,34.589],[79.772,34.622],[79.804,34.643],[79.85,34.683],[79.878,34.691],[79.928,34.687],[79.945,34.681],[80.044,34.704],[80.069,34.715],[80.073,34.746],[80.067,34.791],[80.073,34.828],[80.084,34.849],[80.106,34.868],[80.124,34.893],[80.171,34.989],[80.184,35.041],[80.186,35.063],[80.178,35.137],[80.184,35.167],[80.215,35.204],[80.229,35.228],[80.236,35.277],[80.271,35.344],[80.284,35.388],[80.281,35.441],[80.298,35.461],[80.329,35.473],[80.311,35.554],[80.295,35.602],[80.274,35.623],[80.237,35.642],[80.115,35.677],[80.106,35.683],[80.085,35.728],[80.058,35.75],[80.038,35.8],[79.999,35.838],[79.954,35.837],[79.919,35.822],[79.869,35.783],[79.796,35.797],[79.727,35.805],[79.716,35.817],[79.666,35.835],[79.562,35.861],[79.518,35.884],[79.426,35.895],[79.403,35.919],[79.387,35.99],[79.29,35.99],[79.242,35.987],[79.215,35.979],[79.19,35.947],[79.188,35.927],[79.198,35.899],[79.194,35.887],[79.157,35.85],[79.131,35.836],[79.082,35.844],[79.022,35.849],[79.009,35.854],[78.958,35.892],[78.94,35.88],[78.863,35.862],[78.804,35.856],[78.769,35.87],[78.719,35.868],[78.691,35.856],[78.658,35.854],[78.635,35.828],[78.611,35.814],[78.581,35.808],[78.521,35.764],[78.506,35.773],[78.465,35.774],[78.423,35.785],[78.391,35.738],[78.339,35.721],[78.273,35.722],[78.267,35.711],[78.272,35.669],[78.255,35.646],[78.225,35.655],[78.207,35.667],[78.186,35.624],[78.166,35.613],[78.152,35.578],[78.157,35.552],[78.137,35.539],[78.093,35.556],[78.078,35.549],[78.046,35.585],[78.024,35.588],[77.991,35.582],[77.965,35.604],[77.967,35.575],[77.938,35.532],[77.934,35.512],[77.965,35.496],[77.972,35.458],[77.921,35.494],[77.906,35.469],[77.88,35.486],[77.869,35.48],[77.826,35.51],[77.808,35.511],[77.778,35.495],[77.758,35.502],[77.737,35.523],[77.724,35.515],[77.725,35.477],[77.666,35.473],[77.651,35.487],[77.624,35.472],[77.582,35.475],[77.561,35.486],[77.54,35.481],[77.512,35.489],[77.445,35.461],[77.415,35.473],[77.378,35.478],[77.366,35.494],[77.349,35.494],[77.343,35.511],[77.322,35.537],[77.345,35.547],[77.378,35.55],[77.407,35.53],[77.44,35.518],[77.472,35.521],[77.484,35.536],[77.461,35.548],[77.466,35.573],[77.457,35.594],[77.427,35.611],[77.438,35.641],[77.427,35.659],[77.403,35.661],[77.383,35.693],[77.371,35.695],[77.358,35.718],[77.327,35.719],[77.317,35.7],[77.285,35.711],[77.225,35.715],[77.222,35.727],[77.175,35.732],[77.163,35.741],[77.166,35.759],[77.142,35.771],[77.12,35.796],[77.082,35.798],[77.061,35.785],[77.021,35.775],[76.968,35.783],[76.935,35.784],[76.895,35.8],[76.865,35.827],[76.829,35.837],[76.804,35.85],[76.786,35.89],[76.723,35.953],[76.754,35.983],[76.768,36.008],[76.805,36.017],[76.801,36.049],[76.726,36.078],[76.717,36.087],[76.697,36.136],[76.665,36.158],[76.636,36.184],[76.601,36.166],[76.563,36.173],[76.545,36.193],[76.482,36.211],[76.456,36.241],[76.432,36.252],[76.45,36.269],[76.432,36.308],[76.401,36.322],[76.352,36.36],[76.324,36.362],[76.297,36.35],[76.255,36.348],[76.239,36.356],[76.199,36.387],[76.173,36.39],[76.125,36.437],[76.069,36.478],[76.026,36.486],[75.997,36.484],[75.923,36.502],[75.891,36.518],[75.849,36.544],[75.806,36.554],[75.748,36.588],[75.675,36.696],[75.616,36.762],[75.528,36.788],[75.479,36.807],[75.463,36.825],[75.448,36.88],[75.422,36.887],[75.409,36.917],[75.426,36.936],[75.428,36.952],[75.414,36.968],[75.374,36.961],[75.355,36.978],[75.345,37.003],[75.345,37.051],[75.333,37.055],[75.279,37.047],[75.259,37.051],[75.226,37.037],[75.202,37.021],[75.173,36.986],[75.136,36.957],[75.087,36.943],[75.063,36.96],[75.019,36.976],[74.941,36.935],[74.927,36.909],[74.914,36.909],[74.862,36.976],[74.846,36.99],[74.834,37.025],[74.763,37.025],[74.753,37.012],[74.728,37.026],[74.709,37.078],[74.685,37.075],[74.659,37.058],[74.606,37.051],[74.582,37.043],[74.589,37.029],[74.579,36.95],[74.554,36.954],[74.534,36.986],[74.477,36.992],[74.429,36.99],[74.406,36.97],[74.365,36.957],[74.313,36.916],[74.283,36.903],[74.261,36.887],[74.219,36.899],[74.18,36.904],[74.159,36.892],[74.146,36.847],[74.121,36.832],[74.093,36.839],[74.052,36.807],[74.021,36.828],[74,36.824],[73.971,36.84],[73.938,36.874],[73.903,36.876],[73.879,36.894],[73.852,36.9],[73.836,36.887],[73.81,36.896],[73.76,36.904],[73.749,36.897],[73.718,36.91],[73.69,36.912],[73.681,36.886],[73.718,36.858],[73.727,36.833],[73.744,36.833],[73.771,36.818],[73.809,36.813],[73.821,36.793],[73.864,36.788],[73.9,36.75],[73.905,36.726],[73.901,36.707],[73.866,36.701],[73.809,36.717],[73.791,36.705],[73.724,36.71],[73.701,36.685],[73.655,36.696],[73.639,36.69],[73.607,36.699],[73.606,36.716],[73.56,36.716],[73.544,36.709],[73.53,36.721],[73.511,36.715],[73.483,36.734],[73.463,36.732],[73.436,36.745],[73.415,36.735],[73.369,36.733],[73.361,36.715],[73.33,36.715],[73.315,36.706],[73.253,36.709],[73.234,36.7],[73.21,36.702],[73.194,36.721],[73.145,36.7],[73.126,36.687],[73.085,36.682],[73.094,36.667],[73.091,36.643],[73.112,36.61],[73.093,36.587],[73.091,36.572],[73.074,36.562],[73.062,36.538],[73.022,36.525],[72.994,36.499],[72.994,36.46],[72.959,36.467],[72.946,36.459],[72.922,36.463],[72.877,36.438],[72.89,36.425],[72.887,36.391],[72.865,36.373],[72.837,36.366],[72.815,36.338],[72.779,36.31],[72.75,36.305],[72.723,36.284],[72.664,36.264],[72.635,36.277],[72.597,36.264],[72.585,36.231],[72.564,36.217],[72.552,36.181],[72.574,36.151],[72.537,36.115],[72.532,36.072],[72.55,36.057],[72.586,36.05],[72.596,36.026],[72.584,36.02],[72.573,35.996],[72.556,35.996],[72.549,35.963],[72.531,35.953],[72.534,35.917],[72.569,35.907],[72.595,35.876],[72.646,35.866],[72.66,35.849],[72.691,35.833],[72.738,35.859],[72.776,35.844],[72.798,35.856],[72.799,35.867],[72.823,35.873],[72.83,35.887],[72.852,35.878],[72.896,35.883],[72.904,35.855],[72.929,35.846],[72.958,35.848],[72.988,35.861],[73.038,35.855],[73.056,35.864],[73.076,35.885],[73.1,35.878],[73.12,35.859],[73.153,35.843],[73.135,35.785],[73.133,35.738],[73.139,35.719],[73.186,35.687],[73.216,35.675],[73.273,35.63],[73.314,35.616],[73.37,35.604],[73.407,35.564],[73.422,35.57],[73.482,35.577],[73.502,35.566],[73.532,35.571],[73.558,35.556],[73.616,35.563],[73.635,35.572],[73.673,35.551],[73.721,35.553],[73.735,35.537],[73.786,35.524],[73.796,35.462],[73.755,35.442],[73.739,35.428],[73.71,35.383],[73.7,35.358],[73.7,35.323],[73.727,35.278],[73.715,35.228],[73.732,35.217],[73.778,35.244],[73.796,35.246],[73.847,35.23],[73.865,35.211],[73.917,35.212],[73.964,35.174],[73.992,35.185],[74.031,35.151],[74.045,35.146],[74.074,35.154],[74.102,35.146],[74.111,35.13],[74.134,35.113],[74.095,35.097],[74.066,35.049],[74.098,35.034],[74.108,35.02],[74.06,34.992],[74.074,34.941],[74.044,34.922],[74.03,34.878],[73.973,34.863],[73.955,34.835],[73.936,34.834],[73.918,34.814],[73.897,34.822],[73.867,34.811],[73.844,34.816],[73.821,34.796],[73.774,34.797],[73.731,34.771],[73.707,34.725],[73.692,34.717],[73.67,34.69],[73.667,34.666],[73.694,34.658],[73.69,34.644],[73.66,34.61],[73.661,34.589],[73.639,34.566],[73.618,34.586],[73.554,34.593],[73.523,34.575],[73.497,34.58],[73.448,34.574],[73.441,34.538],[73.431,34.526],[73.437,34.504],[73.422,34.471],[73.425,34.442],[73.409,34.386],[73.394,34.381],[73.4,34.359],[73.426,34.351],[73.444,34.309],[73.47,34.264],[73.478,34.235],[73.493,34.22],[73.489,34.176],[73.515,34.007],[73.537,33.952],[73.55,33.932],[73.586,33.899],[73.586,33.865],[73.573,33.846],[73.558,33.784],[73.566,33.769],[73.591,33.754],[73.597,33.728],[73.592,33.7],[73.565,33.679],[73.568,33.648],[73.561,33.621],[73.573,33.618],[73.62,33.578],[73.618,33.546],[73.631,33.538],[73.606,33.515],[73.596,33.493],[73.614,33.479],[73.625,33.458],[73.59,33.444],[73.582,33.415],[73.568,33.398],[73.559,33.368],[73.571,33.356],[73.566,33.343],[73.583,33.329],[73.606,33.252],[73.625,33.237],[73.625,33.223],[73.658,33.205],[73.656,33.169],[73.63,33.13],[73.625,33.1],[73.632,33.087],[73.689,33.088],[73.735,33.067],[73.749,33.033],[73.789,32.998],[73.78,32.975],[73.806,32.971],[73.823,33.006],[73.841,33.008],[73.893,33.003],[73.926,32.986],[73.958,32.987],[73.969,32.969],[73.997,32.961],[73.993,32.934],[74.052,32.931],[74.055,32.912],[74.113,32.895],[74.178,32.883],[74.202,32.871],[74.217,32.845],[74.244,32.842],[74.263,32.831],[74.303,32.822],[74.312,32.791],[74.355,32.763],[74.384,32.758],[74.403,32.78],[74.455,32.784],[74.461,32.773],[74.501,32.76],[74.507,32.744],[74.544,32.743],[74.554,32.756],[74.572,32.746],[74.617,32.755],[74.634,32.777],[74.635,32.812],[74.649,32.825],[74.664,32.822],[74.701,32.835],[74.7,32.811],[74.682,32.782],[74.65,32.698],[74.662,32.673],[74.693,32.655],[74.652,32.63],[74.638,32.595],[74.65,32.591],[74.652,32.559],[74.67,32.553],[74.663,32.536],[74.688,32.526],[74.681,32.486],[74.709,32.482],[74.716,32.471],[74.752,32.47],[74.768,32.475],[74.796,32.469],[74.816,32.488],[74.86,32.484],[74.896,32.461],[74.936,32.463],[74.947,32.443],[74.963,32.45],[74.992,32.447],[75.018,32.466],[75.033,32.493],[75.054,32.476],[75.09,32.464],[75.108,32.473],[75.12,32.451],[75.13,32.406],[75.167,32.419],[75.19,32.42],[75.213,32.395],[75.259,32.365],[75.285,32.367],[75.289,32.352],[75.318,32.334],[75.34,32.342],[75.347,32.345],[75.394,32.329],[75.43,32.325],[75.489,32.34],[75.483,32.318],[75.506,32.31],[75.505,32.288],[75.52,32.28],[75.531,32.298],[75.54,32.34],[75.561,32.361],[75.608,32.382],[75.664,32.389],[75.701,32.401],[75.727,32.418],[75.762,32.476],[75.795,32.475],[75.82,32.487],[75.841,32.509],[75.854,32.537],[75.889,32.576],[75.924,32.619],[75.94,32.644],[75.94,32.658],[75.915,32.681],[75.915,32.7],[75.926,32.721],[75.929,32.757],[75.917,32.77],[75.89,32.814],[75.838,32.843],[75.811,32.871],[75.804,32.894],[75.817,32.904],[75.825,32.93],[75.851,32.935],[75.884,32.931],[75.917,32.916],[75.951,32.884],[75.963,32.885],[76.034,32.918],[76.045,32.938],[76.06,32.94],[76.099,32.969],[76.111,33.005],[76.145,33.01],[76.169,33.023],[76.255,33.032],[76.273,33.052],[76.292,33.104],[76.309,33.12],[76.333,33.13],[76.376,33.157],[76.402,33.183],[76.425,33.188],[76.439,33.181],[76.487,33.18],[76.514,33.196],[76.552,33.199],[76.565,33.209],[76.604,33.204],[76.617,33.173],[76.645,33.162],[76.669,33.171],[76.703,33.173],[76.715,33.181],[76.748,33.179],[76.778,33.224],[76.782,33.254],[76.804,33.253],[76.815,33.24],[76.84,33.247],[76.816,33.172],[76.821,33.155],[76.847,33.137],[76.852,33.119],[76.87,33.11],[76.895,33.113],[76.909,33.08],[76.935,33.032],[76.98,33.012],[77.016,32.988],[77.053,32.998],[77.093,32.972],[77.121,32.985],[77.154,32.979],[77.154,32.956],[77.175,32.911],[77.199,32.914],[77.246,32.894],[77.242,32.881],[77.265,32.863],[77.276,32.874],[77.306,32.85],[77.323,32.852],[77.339,32.82],[77.374,32.823],[77.376,32.854],[77.397,32.879],[77.413,32.885],[77.443,32.881],[77.454,32.864],[77.473,32.859],[77.502,32.884],[77.537,32.885],[77.563,32.909],[77.588,32.919],[77.599,32.937],[77.631,32.939],[77.671,32.957],[77.683,32.984],[77.731,32.969],[77.778,32.925],[77.808,32.903],[77.791,32.888],[77.779,32.862],[77.817,32.843],[77.843,32.837],[77.879,32.813],[77.885,32.787],[77.899,32.772],[77.917,32.772],[77.936,32.754],[77.921,32.69],[77.938,32.676],[77.994,32.589],[78.035,32.584],[78.053,32.589],[78.052,32.612],[78.062,32.626],[78.085,32.622],[78.091,32.641],[78.111,32.659],[78.134,32.639],[78.154,32.667],[78.188,32.674],[78.202,32.661],[78.243,32.672],[78.254,32.691],[78.314,32.709],[78.306,32.734],[78.363,32.76],[78.391,32.757],[78.389,32.73],[78.396,32.716],[78.385,32.696],[78.381,32.668],[78.389,32.635],[78.407,32.62],[78.349,32.581],[78.314,32.574],[78.317,32.526],[78.296,32.504],[78.328,32.472],[78.4,32.526]]]},"properties":{"ST_NM":"Jammu & Kashmir"}},
{"type":"Feature","geometry":{"type":"Polygon","coordinates":[[[87.793,25.221],[87.789,25.247],[87.714,25.257],[87.714,25.272],[87.697,25.282],[87.699,25.304],[87.69,25.311],[87.658,25.308],[87.632,25.316],[87.613,25.312],[87.573,25.334],[87.553,25.331],[87.544,25.297],[87.531,25.281],[87.519,25.293],[87.488,25.296],[87.502,25.266],[87.479,25.241],[87.478,25.195],[87.461,25.198],[87.398,25.228],[87.374,25.207],[87.33,25.224],[87.314,25.151],[87.304,25.135],[87.297,25.09],[87.265,25.105],[87.246,25.1],[87.24,25.086],[87.217,25.09],[87.194,25.068],[87.183,25.065],[87.15,25.011],[87.16,24.992],[87.154,24.918],[87.164,24.886],[87.153,24.863],[87.112,24.848],[87.083,24.809],[87.102,24.798],[87.089,24.78],[87.092,24.759],[87.08,24.746],[87.088,24.725],[87.077,24.695],[87.061,24.672],[87.05,24.625],[87.056,24.608],[87.016,24.607],[86.972,24.633],[86.942,24.631],[86.904,24.587],[86.913,24.544],[86.882,24.568],[86.861,24.551],[86.843,24.569],[86.815,24.565],[86.812,24.595],[86.798,24.616],[86.76,24.616],[86.752,24.59],[86.738,24.577],[86.725,24.579],[86.675,24.562],[86.613,24.595],[86.59,24.586],[86.589,24.574],[86.561,24.56],[86.553,24.536],[86.53,24.537],[86.512,24.519],[86.496,24.485],[86.498,24.44],[86.495,24.426],[86.472,24.423],[86.468,24.378],[86.453,24.369],[86.422,24.38],[86.405,24.401],[86.38,24.417],[86.36,24.443],[86.326,24.441],[86.307,24.458],[86.3,24.477],[86.319,24.509],[86.308,24.533],[86.31,24.559],[86.326,24.575],[86.299,24.587],[86.255,24.586],[86.224,24.612],[86.222,24.592],[86.172,24.584],[86.159,24.6],[86.132,24.612],[86.125,24.642],[86.14,24.676],[86.131,24.706],[86.112,24.736],[86.07,24.752],[86.055,24.779],[86.013,24.766],[86.007,24.752],[85.984,24.748],[85.977,24.734],[85.957,24.732],[85.917,24.754],[85.885,24.801],[85.834,24.81],[85.818,24.795],[85.784,24.799],[85.772,24.813],[85.744,24.823],[85.728,24.787],[85.712,24.769],[85.712,24.729],[85.687,24.694],[85.656,24.687],[85.667,24.675],[85.668,24.651],[85.679,24.62],[85.672,24.582],[85.651,24.579],[85.615,24.585],[85.605,24.598],[85.584,24.603],[85.568,24.584],[85.575,24.565],[85.547,24.551],[85.541,24.533],[85.511,24.53],[85.501,24.551],[85.44,24.536],[85.41,24.545],[85.39,24.533],[85.326,24.525],[85.304,24.529],[85.286,24.519],[85.289,24.497],[85.262,24.498],[85.231,24.471],[85.21,24.473],[85.16,24.464],[85.176,24.43],[85.155,24.418],[85.122,24.409],[85.1,24.382],[85.073,24.387],[85.082,24.409],[85.039,24.425],[84.998,24.412],[84.976,24.376],[84.955,24.372],[84.933,24.378],[84.911,24.372],[84.905,24.394],[84.885,24.423],[84.887,24.463],[84.87,24.458],[84.835,24.47],[84.84,24.511],[84.827,24.525],[84.791,24.518],[84.787,24.505],[84.749,24.496],[84.732,24.473],[84.714,24.472],[84.686,24.456],[84.674,24.431],[84.675,24.413],[84.666,24.394],[84.627,24.402],[84.608,24.401],[84.58,24.412],[84.567,24.397],[84.573,24.384],[84.553,24.374],[84.529,24.376],[84.525,24.334],[84.501,24.287],[84.469,24.317],[84.462,24.338],[84.425,24.331],[84.43,24.359],[84.402,24.368],[84.39,24.389],[84.369,24.386],[84.343,24.395],[84.333,24.411],[84.338,24.431],[84.323,24.447],[84.301,24.45],[84.293,24.465],[84.302,24.48],[84.329,24.489],[84.334,24.502],[84.327,24.522],[84.301,24.565],[84.277,24.564],[84.277,24.541],[84.266,24.537],[84.228,24.55],[84.18,24.541],[84.187,24.51],[84.161,24.517],[84.172,24.533],[84.154,24.54],[84.144,24.529],[84.148,24.504],[84.117,24.481],[84.097,24.503],[84.097,24.533],[84.086,24.544],[84.08,24.569],[84.067,24.576],[84.054,24.611],[84.032,24.628],[84,24.637],[83.98,24.596],[83.965,24.575],[83.936,24.547],[83.876,24.532],[83.865,24.537],[83.807,24.529],[83.79,24.523],[83.756,24.51],[83.725,24.504],[83.69,24.515],[83.608,24.512],[83.55,24.525],[83.506,24.526],[83.434,24.512],[83.401,24.5],[83.4,24.479],[83.389,24.454],[83.409,24.436],[83.407,24.411],[83.438,24.403],[83.451,24.372],[83.442,24.346],[83.411,24.336],[83.383,24.312],[83.404,24.292],[83.41,24.265],[83.385,24.23],[83.386,24.2],[83.365,24.156],[83.357,24.126],[83.331,24.101],[83.353,24.096],[83.391,24.099],[83.408,24.081],[83.433,24.083],[83.441,24.054],[83.455,24.042],[83.487,24.038],[83.517,24.025],[83.515,24.001],[83.52,23.967],[83.547,23.933],[83.545,23.914],[83.557,23.892],[83.578,23.89],[83.589,23.862],[83.608,23.853],[83.664,23.843],[83.666,23.828],[83.68,23.82],[83.703,23.821],[83.703,23.807],[83.718,23.789],[83.72,23.772],[83.737,23.755],[83.74,23.705],[83.722,23.683],[83.759,23.649],[83.755,23.627],[83.772,23.622],[83.782,23.6],[83.814,23.583],[83.829,23.585],[83.943,23.563],[83.937,23.594],[83.947,23.623],[83.956,23.625],[83.983,23.631],[84.009,23.621],[84.028,23.601],[84.032,23.566],[84.03,23.545],[84.016,23.5],[84.005,23.494],[83.977,23.448],[83.987,23.427],[83.975,23.394],[83.974,23.375],[83.99,23.36],[84.014,23.354],[84.028,23.376],[84.045,23.377],[84.057,23.353],[84.077,23.331],[84.067,23.309],[84.071,23.293],[84.058,23.242],[84.063,23.197],[84.051,23.186],[84.036,23.155],[84.041,23.14],[84.074,23.108],[84.095,23.111],[84.12,23.088],[84.134,23.086],[84.138,23.065],[84.132,23.032],[84.151,22.99],[84.155,22.965],[84.175,22.972],[84.176,22.996],[84.186,23.024],[84.224,22.978],[84.244,22.982],[84.258,22.973],[84.276,22.981],[84.286,22.963],[84.314,22.969],[84.339,22.981],[84.377,22.977],[84.396,22.94],[84.384,22.899],[84.383,22.875],[84.365,22.862],[84.336,22.861],[84.327,22.851],[84.325,22.819],[84.317,22.801],[84.297,22.789],[84.292,22.765],[84.267,22.767],[84.232,22.737],[84.239,22.691],[84.222,22.667],[84.204,22.666],[84.157,22.636],[84.087,22.638],[84.055,22.596],[84.028,22.589],[84.012,22.571],[84.006,22.541],[84.01,22.523],[84.065,22.512],[84.086,22.491],[84.113,22.476],[84.144,22.469],[84.143,22.423],[84.159,22.403],[84.19,22.386],[84.201,22.374],[84.253,22.376],[84.273,22.35],[84.296,22.34],[84.331,22.341],[84.379,22.352],[84.401,22.346],[84.433,22.355],[84.434,22.367],[84.455,22.382],[84.48,22.385],[84.481,22.404],[84.509,22.418],[84.55,22.42],[84.579,22.426],[84.639,22.431],[84.668,22.417],[84.75,22.417],[84.759,22.445],[84.808,22.446],[84.819,22.434],[84.842,22.43],[84.884,22.445],[84.887,22.42],[84.914,22.422],[84.924,22.437],[84.959,22.456],[84.967,22.447],[85.058,22.482],[85.08,22.476],[85.078,22.459],[85.063,22.448],[85.081,22.416],[85.09,22.381],[85.08,22.352],[85.099,22.344],[85.092,22.32],[85.12,22.317],[85.112,22.294],[85.077,22.275],[85.081,22.254],[85.076,22.234],[85.053,22.189],[85.054,22.178],[85.032,22.157],[85.038,22.141],[85.03,22.115],[84.987,22.095],[85.009,22.083],[85.026,22.107],[85.05,22.114],[85.076,22.111],[85.105,22.1],[85.106,22.088],[85.125,22.07],[85.147,22.077],[85.217,22.047],[85.221,22.014],[85.237,22.004],[85.247,22.016],[85.28,22.084],[85.329,22.129],[85.368,22.128],[85.369,22.158],[85.416,22.16],[85.463,22.139],[85.492,22.12],[85.512,22.115],[85.542,22.098],[85.588,22.085],[85.597,22.078],[85.637,22.085],[85.651,22.094],[85.687,22.053],[85.694,22.06],[85.728,22.062],[85.752,22.074],[85.764,22.089],[85.797,22.104],[85.808,22.115],[85.837,22.081],[85.82,22.074],[85.794,22.081],[85.776,22.055],[85.785,22.04],[85.762,22.012],[85.767,21.994],[85.79,21.983],[85.846,21.981],[85.9,21.982],[85.918,22.009],[85.935,22.023],[85.948,22.023],[86.008,22.117],[86,22.136],[86.032,22.189],[86.023,22.203],[85.999,22.219],[85.976,22.247],[85.991,22.271],[86.024,22.308],[86.012,22.32],[86.026,22.333],[85.999,22.342],[86.023,22.366],[86.027,22.385],[86.015,22.428],[85.999,22.426],[85.959,22.459],[85.975,22.503],[86.002,22.512],[86.034,22.538],[86.024,22.547],[86.044,22.567],[86.075,22.546],[86.107,22.494],[86.152,22.483],[86.208,22.474],[86.226,22.453],[86.271,22.443],[86.285,22.449],[86.293,22.429],[86.323,22.394],[86.331,22.377],[86.345,22.37],[86.358,22.349],[86.381,22.341],[86.43,22.31],[86.444,22.327],[86.464,22.326],[86.505,22.345],[86.513,22.328],[86.529,22.322],[86.53,22.307],[86.557,22.299],[86.584,22.302],[86.595,22.286],[86.621,22.28],[86.651,22.265],[86.653,22.24],[86.675,22.241],[86.687,22.224],[86.728,22.219],[86.753,22.212],[86.796,22.222],[86.815,22.242],[86.801,22.254],[86.825,22.265],[86.891,22.256],[86.893,22.285],[86.878,22.303],[86.834,22.328],[86.834,22.345],[86.846,22.373],[86.849,22.4],[86.81,22.42],[86.769,22.427],[86.75,22.474],[86.758,22.484],[86.794,22.478],[86.795,22.524],[86.789,22.548],[86.77,22.554],[86.761,22.578],[86.711,22.584],[86.678,22.576],[86.657,22.579],[86.64,22.601],[86.642,22.658],[86.623,22.677],[86.586,22.692],[86.555,22.714],[86.484,22.726],[86.459,22.763],[86.422,22.78],[86.427,22.812],[86.439,22.832],[86.438,22.863],[86.452,22.862],[86.457,22.886],[86.469,22.9],[86.438,22.919],[86.443,22.93],[86.464,22.936],[86.476,22.949],[86.492,22.938],[86.504,22.951],[86.524,22.947],[86.544,22.965],[86.54,22.984],[86.518,22.969],[86.503,22.993],[86.469,22.988],[86.422,22.998],[86.399,22.977],[86.386,22.994],[86.366,22.999],[86.338,22.992],[86.285,23.013],[86.267,22.998],[86.218,22.995],[86.207,23.018],[86.181,23.016],[86.166,23.042],[86.14,23.065],[86.144,23.083],[86.122,23.096],[86.098,23.093],[86.05,23.114],[86.054,23.132],[86.043,23.146],[85.988,23.148],[85.958,23.141],[85.95,23.132],[85.921,23.132],[85.906,23.15],[85.883,23.161],[85.883,23.175],[85.864,23.197],[85.841,23.194],[85.832,23.265],[85.84,23.283],[85.868,23.305],[85.878,23.332],[85.872,23.367],[85.902,23.379],[85.885,23.41],[85.869,23.412],[85.866,23.453],[85.88,23.478],[85.913,23.474],[85.944,23.457],[86.026,23.49],[86.047,23.492],[86.039,23.52],[86.017,23.553],[86.017,23.563],[86.043,23.585],[86.145,23.572],[86.159,23.553],[86.149,23.529],[86.161,23.506],[86.149,23.479],[86.185,23.477],[86.209,23.461],[86.227,23.458],[86.231,23.438],[86.253,23.436],[86.306,23.446],[86.332,23.46],[86.358,23.466],[86.363,23.515],[86.373,23.525],[86.364,23.545],[86.389,23.574],[86.387,23.586],[86.412,23.59],[86.451,23.633],[86.487,23.637],[86.534,23.631],[86.596,23.664],[86.655,23.685],[86.717,23.699],[86.737,23.696],[86.744,23.68],[86.798,23.689],[86.796,23.7],[86.81,23.742],[86.822,23.747],[86.822,23.778],[86.803,23.8],[86.807,23.815],[86.826,23.813],[86.85,23.824],[86.866,23.844],[86.886,23.844],[86.881,23.864],[86.901,23.882],[86.93,23.868],[86.931,23.856],[86.949,23.845],[86.969,23.867],[87.008,23.854],[87.04,23.839],[87.062,23.818],[87.111,23.801],[87.154,23.796],[87.172,23.821],[87.136,23.853],[87.141,23.87],[87.193,23.859],[87.2,23.844],[87.228,23.859],[87.225,23.829],[87.251,23.83],[87.26,23.841],[87.251,23.858],[87.25,23.902],[87.265,23.904],[87.27,23.877],[87.298,23.892],[87.29,23.936],[87.297,23.957],[87.265,23.972],[87.273,23.986],[87.251,23.999],[87.238,24.026],[87.249,24.044],[87.288,24.029],[87.338,24.033],[87.321,24.006],[87.343,23.997],[87.362,24.011],[87.395,24.004],[87.444,23.98],[87.463,23.995],[87.447,24.005],[87.454,24.018],[87.477,24.013],[87.506,24.024],[87.513,24.047],[87.496,24.054],[87.511,24.084],[87.495,24.087],[87.502,24.117],[87.526,24.106],[87.544,24.089],[87.575,24.089],[87.574,24.108],[87.587,24.125],[87.61,24.134],[87.585,24.163],[87.633,24.165],[87.646,24.157],[87.695,24.151],[87.702,24.177],[87.676,24.207],[87.643,24.213],[87.652,24.25],[87.686,24.248],[87.711,24.269],[87.715,24.294],[87.741,24.29],[87.769,24.324],[87.766,24.335],[87.803,24.384],[87.803,24.401],[87.793,24.413],[87.793,24.433],[87.823,24.47],[87.804,24.493],[87.806,24.519],[87.801,24.564],[87.814,24.577],[87.83,24.561],[87.853,24.552],[87.892,24.564],[87.897,24.581],[87.915,24.595],[87.907,24.614],[87.917,24.663],[87.891,24.679],[87.902,24.692],[87.906,24.723],[87.845,24.739],[87.823,24.767],[87.855,24.762],[87.871,24.775],[87.903,24.844],[87.917,24.857],[87.972,24.882],[87.979,24.897],[87.975,24.924],[87.967,24.937],[87.912,24.987],[87.909,24.999],[87.87,25.041],[87.84,25.058],[87.805,25.072],[87.778,25.1],[87.777,25.153],[87.793,25.221]]]},"properties":{"ST_NM":"Jharkhand"}},
{"type":"Feature","geometry":{"type":"MultiPolygon","coordinates":[[[[74.309,15.799],[74.29,15.831],[74.266,15.821],[74.265,15.797],[74.287,15.788],[74.309,15.799]]],[[[77.554,18.293],[77.523,18.309],[77.512,18.304],[77.516,18.284],[77.496,18.268],[77.469,18.262],[77.44,18.284],[77.44,18.308],[77.411,18.301],[77.366,18.31],[77.37,18.324],[77.396,18.342],[77.395,18.368],[77.411,18.38],[77.404,18.399],[77.373,18.402],[77.367,18.431],[77.345,18.432],[77.329,18.457],[77.316,18.441],[77.243,18.41],[77.236,18.388],[77.23,18.346],[77.213,18.315],[77.198,18.314],[77.209,18.279],[77.181,18.283],[77.16,18.255],[77.142,18.209],[77.124,18.208],[77.098,18.197],[77.119,18.169],[77.111,18.154],[77.06,18.154],[77.052,18.175],[77.035,18.185],[77.026,18.164],[77,18.168],[76.994,18.188],[76.956,18.186],[76.946,18.156],[76.925,18.118],[76.956,18.112],[76.971,18.099],[76.952,18.084],[76.954,18.039],[76.92,18.035],[76.922,17.987],[76.915,17.939],[76.919,17.917],[76.902,17.916],[76.883,17.895],[76.856,17.9],[76.81,17.885],[76.805,17.87],[76.776,17.879],[76.768,17.9],[76.742,17.9],[76.739,17.859],[76.768,17.852],[76.79,17.828],[76.778,17.801],[76.765,17.789],[76.741,17.781],[76.721,17.787],[76.72,17.75],[76.694,17.707],[76.692,17.682],[76.665,17.69],[76.652,17.723],[76.632,17.731],[76.628,17.758],[76.605,17.757],[76.6,17.73],[76.588,17.71],[76.571,17.705],[76.569,17.741],[76.561,17.765],[76.525,17.76],[76.525,17.717],[76.487,17.715],[76.486,17.671],[76.49,17.662],[76.453,17.657],[76.43,17.646],[76.417,17.606],[76.332,17.596],[76.341,17.544],[76.362,17.538],[76.367,17.518],[76.347,17.513],[76.351,17.474],[76.332,17.471],[76.334,17.434],[76.374,17.436],[76.363,17.377],[76.409,17.371],[76.412,17.35],[76.394,17.338],[76.383,17.314],[76.353,17.313],[76.344,17.352],[76.314,17.345],[76.318,17.331],[76.276,17.332],[76.271,17.358],[76.229,17.365],[76.183,17.358],[76.173,17.35],[76.179,17.316],[76.164,17.302],[76.163,17.343],[76.121,17.368],[76.102,17.364],[76.079,17.332],[76.063,17.354],[76.015,17.352],[76,17.339],[75.971,17.338],[75.931,17.326],[75.91,17.347],[75.893,17.355],[75.894,17.407],[75.858,17.39],[75.855,17.409],[75.838,17.422],[75.821,17.421],[75.81,17.371],[75.781,17.38],[75.769,17.408],[75.736,17.423],[75.707,17.41],[75.69,17.414],[75.679,17.438],[75.679,17.455],[75.661,17.461],[75.634,17.479],[75.624,17.459],[75.614,17.423],[75.614,17.393],[75.577,17.384],[75.582,17.353],[75.612,17.344],[75.614,17.33],[75.604,17.305],[75.623,17.295],[75.631,17.274],[75.656,17.272],[75.663,17.215],[75.629,17.188],[75.63,17.162],[75.651,17.134],[75.652,17.115],[75.673,17.115],[75.68,17.073],[75.646,17.048],[75.653,17.032],[75.671,17.037],[75.667,16.985],[75.677,16.966],[75.644,16.953],[75.635,16.968],[75.609,16.971],[75.608,17.005],[75.568,17.008],[75.569,16.965],[75.528,16.968],[75.515,16.954],[75.491,16.947],[75.488,16.967],[75.466,16.987],[75.442,16.981],[75.429,16.965],[75.392,16.978],[75.369,16.97],[75.343,16.954],[75.282,16.955],[75.283,16.911],[75.289,16.903],[75.28,16.876],[75.266,16.863],[75.238,16.865],[75.227,16.843],[75.18,16.844],[75.19,16.871],[75.169,16.866],[75.138,16.875],[75.135,16.894],[75.104,16.911],[75.091,16.923],[75.091,16.949],[75.045,16.94],[75,16.947],[74.982,16.93],[74.963,16.937],[74.951,16.931],[74.934,16.942],[74.923,16.927],[74.949,16.908],[74.963,16.907],[74.96,16.879],[74.945,16.882],[74.908,16.857],[74.912,16.787],[74.92,16.772],[74.851,16.772],[74.846,16.762],[74.774,16.75],[74.732,16.717],[74.693,16.717],[74.691,16.677],[74.667,16.665],[74.655,16.639],[74.689,16.617],[74.659,16.603],[74.636,16.606],[74.635,16.584],[74.612,16.57],[74.569,16.554],[74.554,16.561],[74.56,16.592],[74.544,16.594],[74.546,16.635],[74.49,16.629],[74.471,16.662],[74.459,16.655],[74.467,16.606],[74.427,16.596],[74.423,16.584],[74.397,16.58],[74.389,16.561],[74.389,16.537],[74.379,16.529],[74.326,16.555],[74.3,16.531],[74.27,16.546],[74.27,16.522],[74.28,16.508],[74.256,16.501],[74.262,16.478],[74.282,16.505],[74.293,16.504],[74.288,16.476],[74.315,16.452],[74.332,16.454],[74.336,16.402],[74.358,16.405],[74.362,16.393],[74.345,16.368],[74.339,16.391],[74.329,16.39],[74.317,16.355],[74.328,16.342],[74.342,16.293],[74.322,16.281],[74.331,16.268],[74.356,16.289],[74.374,16.295],[74.385,16.277],[74.415,16.282],[74.416,16.259],[74.478,16.249],[74.503,16.225],[74.498,16.213],[74.507,16.19],[74.492,16.183],[74.485,16.144],[74.491,16.114],[74.483,16.089],[74.459,16.104],[74.429,16.113],[74.398,16.093],[74.365,16.062],[74.384,16.037],[74.41,16.053],[74.435,16.059],[74.462,16.049],[74.458,16.025],[74.444,16.001],[74.444,15.985],[74.429,15.953],[74.386,15.903],[74.393,15.876],[74.364,15.878],[74.347,15.861],[74.348,15.85],[74.381,15.849],[74.363,15.814],[74.369,15.799],[74.359,15.776],[74.345,15.766],[74.323,15.773],[74.318,15.759],[74.286,15.741],[74.267,15.755],[74.237,15.747],[74.228,15.762],[74.234,15.783],[74.211,15.781],[74.204,15.761],[74.19,15.752],[74.161,15.751],[74.153,15.736],[74.128,15.724],[74.134,15.703],[74.126,15.681],[74.091,15.668],[74.119,15.652],[74.136,15.649],[74.166,15.654],[74.168,15.672],[74.217,15.653],[74.225,15.669],[74.249,15.656],[74.253,15.627],[74.261,15.619],[74.259,15.592],[74.248,15.568],[74.266,15.557],[74.281,15.528],[74.275,15.515],[74.25,15.492],[74.276,15.445],[74.269,15.426],[74.284,15.384],[74.299,15.383],[74.322,15.37],[74.317,15.332],[74.336,15.295],[74.328,15.285],[74.296,15.288],[74.27,15.277],[74.257,15.244],[74.296,15.231],[74.316,15.187],[74.305,15.165],[74.283,15.146],[74.287,15.123],[74.275,15.104],[74.281,15.072],[74.296,15.042],[74.255,14.993],[74.268,14.978],[74.256,14.96],[74.235,14.949],[74.198,14.94],[74.18,14.956],[74.159,14.939],[74.163,14.912],[74.142,14.921],[74.106,14.914],[74.088,14.896],[74.107,14.866],[74.113,14.846],[74.138,14.846],[74.142,14.857],[74.162,14.862],[74.176,14.879],[74.209,14.876],[74.176,14.855],[74.17,14.824],[74.146,14.835],[74.125,14.833],[74.123,14.806],[74.108,14.786],[74.144,14.774],[74.154,14.75],[74.176,14.749],[74.204,14.733],[74.224,14.735],[74.237,14.747],[74.263,14.722],[74.256,14.706],[74.27,14.697],[74.285,14.64],[74.279,14.619],[74.314,14.551],[74.309,14.538],[74.315,14.518],[74.331,14.514],[74.352,14.525],[74.369,14.543],[74.408,14.487],[74.412,14.471],[74.408,14.448],[74.386,14.453],[74.378,14.509],[74.357,14.511],[74.362,14.487],[74.375,14.464],[74.387,14.421],[74.397,14.408],[74.414,14.312],[74.444,14.281],[74.479,14.284],[74.497,14.244],[74.47,14.256],[74.458,14.25],[74.436,14.259],[74.455,14.204],[74.465,14.198],[74.475,14.169],[74.484,14.12],[74.483,14.1],[74.498,14.063],[74.501,14.041],[74.516,13.989],[74.538,13.96],[74.567,13.949],[74.586,13.922],[74.598,13.878],[74.626,13.859],[74.614,13.835],[74.627,13.784],[74.632,13.73],[74.65,13.663],[74.669,13.649],[74.672,13.68],[74.682,13.701],[74.699,13.696],[74.68,13.675],[74.728,13.635],[74.709,13.615],[74.695,13.619],[74.694,13.639],[74.664,13.631],[74.672,13.6],[74.681,13.526],[74.686,13.473],[74.698,13.463],[74.724,13.459],[74.714,13.42],[74.732,13.403],[74.694,13.398],[74.695,13.358],[74.718,13.335],[74.725,13.321],[74.712,13.311],[74.714,13.288],[74.728,13.252],[74.739,13.204],[74.749,13.186],[74.763,13.119],[74.766,13.091],[74.784,13.07],[74.783,13.031],[74.799,12.959],[74.807,12.895],[74.822,12.857],[74.828,12.831],[74.863,12.758],[74.885,12.753],[74.894,12.76],[74.954,12.784],[74.97,12.777],[75.005,12.79],[75.008,12.765],[74.992,12.742],[75.003,12.718],[75.038,12.723],[75.05,12.719],[75.045,12.692],[75.048,12.664],[75.071,12.662],[75.083,12.671],[75.085,12.694],[75.105,12.696],[75.113,12.68],[75.145,12.677],[75.162,12.669],[75.151,12.646],[75.156,12.624],[75.171,12.621],[75.183,12.632],[75.202,12.63],[75.2,12.611],[75.211,12.602],[75.215,12.578],[75.239,12.569],[75.278,12.616],[75.303,12.604],[75.318,12.573],[75.293,12.58],[75.272,12.558],[75.283,12.523],[75.306,12.522],[75.306,12.502],[75.337,12.495],[75.343,12.461],[75.374,12.474],[75.372,12.488],[75.399,12.503],[75.417,12.502],[75.427,12.471],[75.406,12.453],[75.369,12.457],[75.373,12.434],[75.368,12.412],[75.381,12.392],[75.424,12.372],[75.412,12.346],[75.433,12.297],[75.486,12.291],[75.497,12.27],[75.507,12.268],[75.541,12.216],[75.536,12.204],[75.556,12.181],[75.574,12.171],[75.58,12.156],[75.621,12.154],[75.639,12.148],[75.652,12.111],[75.672,12.095],[75.688,12.108],[75.706,12.106],[75.705,12.089],[75.721,12.084],[75.721,12.068],[75.767,12.084],[75.8,12.08],[75.805,12.036],[75.832,12.009],[75.829,11.99],[75.849,11.976],[75.856,11.963],[75.882,11.947],[75.937,11.937],[75.954,11.94],[75.982,11.931],[76.035,11.939],[76.079,11.968],[76.114,11.977],[76.114,11.858],[76.132,11.851],[76.145,11.864],[76.191,11.87],[76.21,11.856],[76.212,11.826],[76.225,11.807],[76.251,11.802],[76.282,11.807],[76.291,11.792],[76.307,11.783],[76.318,11.751],[76.342,11.737],[76.364,11.747],[76.38,11.743],[76.412,11.757],[76.427,11.728],[76.411,11.714],[76.41,11.69],[76.418,11.672],[76.431,11.666],[76.459,11.662],[76.482,11.685],[76.512,11.705],[76.549,11.678],[76.562,11.62],[76.617,11.608],[76.634,11.611],[76.761,11.614],[76.826,11.605],[76.845,11.592],[76.86,11.61],[76.839,11.637],[76.839,11.657],[76.863,11.707],[76.89,11.733],[76.897,11.774],[76.909,11.791],[76.954,11.789],[76.969,11.773],[76.984,11.799],[77.014,11.811],[77.032,11.803],[77.051,11.786],[77.06,11.766],[77.086,11.732],[77.106,11.732],[77.119,11.721],[77.113,11.771],[77.137,11.769],[77.147,11.78],[77.176,11.783],[77.2,11.791],[77.237,11.792],[77.252,11.811],[77.289,11.798],[77.295,11.807],[77.337,11.768],[77.356,11.773],[77.366,11.787],[77.393,11.785],[77.423,11.771],[77.442,11.781],[77.467,11.848],[77.465,11.9],[77.487,11.899],[77.501,11.939],[77.535,11.931],[77.559,11.94],[77.584,11.933],[77.648,11.95],[77.676,11.949],[77.675,11.962],[77.701,12.019],[77.732,12.063],[77.757,12.079],[77.778,12.119],[77.751,12.139],[77.75,12.157],[77.737,12.177],[77.666,12.197],[77.64,12.196],[77.615,12.204],[77.566,12.196],[77.549,12.204],[77.522,12.193],[77.493,12.199],[77.476,12.211],[77.484,12.234],[77.473,12.245],[77.48,12.271],[77.503,12.282],[77.529,12.278],[77.534,12.29],[77.553,12.293],[77.566,12.306],[77.579,12.333],[77.614,12.363],[77.626,12.414],[77.635,12.486],[77.627,12.495],[77.607,12.474],[77.585,12.477],[77.612,12.501],[77.615,12.512],[77.588,12.516],[77.58,12.567],[77.591,12.593],[77.592,12.614],[77.608,12.63],[77.598,12.652],[77.6,12.666],[77.664,12.683],[77.68,12.68],[77.678,12.66],[77.705,12.66],[77.714,12.683],[77.728,12.671],[77.737,12.692],[77.76,12.696],[77.773,12.724],[77.768,12.738],[77.788,12.743],[77.795,12.754],[77.782,12.769],[77.798,12.79],[77.811,12.83],[77.793,12.837],[77.832,12.859],[77.835,12.868],[77.892,12.868],[77.897,12.876],[77.924,12.883],[77.938,12.86],[77.925,12.854],[77.919,12.831],[77.943,12.822],[77.95,12.839],[77.968,12.846],[77.992,12.82],[78.004,12.823],[78.033,12.851],[78.075,12.84],[78.097,12.813],[78.125,12.797],[78.131,12.78],[78.169,12.77],[78.177,12.775],[78.232,12.763],[78.24,12.772],[78.253,12.822],[78.252,12.857],[78.274,12.867],[78.287,12.859],[78.314,12.857],[78.315,12.876],[78.327,12.903],[78.338,12.899],[78.356,12.938],[78.389,12.905],[78.399,12.916],[78.414,12.902],[78.429,12.899],[78.447,12.911],[78.45,12.89],[78.468,12.876],[78.467,12.903],[78.412,12.943],[78.435,12.965],[78.434,12.979],[78.469,12.974],[78.473,12.989],[78.461,13.025],[78.463,13.042],[78.478,13.052],[78.516,13.063],[78.51,13.08],[78.525,13.095],[78.52,13.13],[78.546,13.141],[78.55,13.162],[78.58,13.167],[78.564,13.2],[78.571,13.244],[78.588,13.272],[78.578,13.282],[78.539,13.286],[78.532,13.266],[78.512,13.287],[78.481,13.304],[78.477,13.32],[78.446,13.308],[78.44,13.327],[78.426,13.327],[78.402,13.314],[78.408,13.342],[78.365,13.365],[78.381,13.401],[78.373,13.462],[78.377,13.505],[78.395,13.541],[78.408,13.576],[78.39,13.591],[78.354,13.587],[78.322,13.593],[78.259,13.584],[78.237,13.596],[78.218,13.591],[78.199,13.565],[78.189,13.588],[78.203,13.604],[78.203,13.625],[78.17,13.632],[78.168,13.654],[78.155,13.659],[78.117,13.656],[78.09,13.644],[78.089,13.659],[78.075,13.673],[78.073,13.697],[78.094,13.689],[78.115,13.693],[78.119,13.719],[78.094,13.742],[78.12,13.77],[78.127,13.786],[78.117,13.812],[78.126,13.83],[78.115,13.862],[78.084,13.863],[78.08,13.88],[78.05,13.895],[78.047,13.861],[77.994,13.87],[77.974,13.829],[77.957,13.833],[77.95,13.879],[77.958,13.893],[77.987,13.902],[77.982,13.932],[77.987,13.956],[77.97,13.958],[77.959,13.936],[77.92,13.905],[77.898,13.919],[77.895,13.939],[77.871,13.935],[77.822,13.939],[77.814,13.926],[77.819,13.903],[77.829,13.897],[77.836,13.869],[77.811,13.849],[77.782,13.84],[77.777,13.817],[77.737,13.81],[77.721,13.798],[77.719,13.746],[77.704,13.769],[77.677,13.76],[77.678,13.785],[77.657,13.784],[77.622,13.768],[77.624,13.736],[77.603,13.751],[77.589,13.738],[77.556,13.728],[77.547,13.751],[77.527,13.751],[77.536,13.715],[77.529,13.696],[77.51,13.712],[77.487,13.711],[77.484,13.685],[77.457,13.683],[77.452,13.703],[77.464,13.72],[77.47,13.751],[77.458,13.793],[77.436,13.795],[77.416,13.807],[77.432,13.834],[77.38,13.839],[77.359,13.852],[77.327,13.833],[77.314,13.864],[77.292,13.853],[77.257,13.847],[77.247,13.901],[77.232,13.902],[77.199,13.863],[77.182,13.868],[77.189,13.908],[77.183,13.924],[77.162,13.907],[77.171,13.873],[77.146,13.866],[77.132,13.85],[77.152,13.842],[77.168,13.822],[77.161,13.807],[77.178,13.779],[77.173,13.762],[77.13,13.758],[77.102,13.768],[77.087,13.76],[77.087,13.744],[77.066,13.746],[77.041,13.776],[77.026,13.777],[77.018,13.739],[76.999,13.749],[76.987,13.792],[76.99,13.811],[76.975,13.817],[77.012,13.857],[77.023,13.9],[77.047,13.904],[77.042,13.932],[76.995,13.963],[77,13.988],[76.981,14.003],[76.954,14.013],[76.937,14.029],[76.943,14.054],[76.977,14.059],[76.974,14.086],[76.957,14.092],[76.948,14.118],[76.928,14.135],[76.918,14.128],[76.889,14.137],[76.897,14.165],[76.922,14.164],[76.942,14.172],[76.947,14.195],[76.964,14.182],[77.025,14.179],[77.019,14.134],[77.022,14.112],[77.016,14.098],[77.03,14.09],[77.029,14.06],[77.075,14.054],[77.097,14.045],[77.127,14.049],[77.141,14.005],[77.161,13.997],[77.178,14.015],[77.201,14.01],[77.249,14.013],[77.278,14.035],[77.285,14.014],[77.31,14.034],[77.32,14.032],[77.34,13.995],[77.361,13.989],[77.351,13.958],[77.37,13.949],[77.35,13.919],[77.355,13.904],[77.397,13.905],[77.403,13.888],[77.426,13.902],[77.415,13.943],[77.436,13.951],[77.438,13.976],[77.428,13.984],[77.393,13.981],[77.38,13.989],[77.39,14.014],[77.369,14.023],[77.333,14.03],[77.345,14.061],[77.357,14.06],[77.379,14.079],[77.386,14.097],[77.402,14.11],[77.396,14.126],[77.359,14.112],[77.354,14.131],[77.383,14.137],[77.396,14.172],[77.47,14.171],[77.507,14.158],[77.517,14.179],[77.497,14.235],[77.506,14.268],[77.486,14.291],[77.461,14.279],[77.45,14.284],[77.449,14.317],[77.432,14.328],[77.401,14.336],[77.385,14.324],[77.381,14.302],[77.396,14.268],[77.408,14.267],[77.422,14.21],[77.39,14.199],[77.383,14.224],[77.362,14.237],[77.366,14.276],[77.286,14.283],[77.287,14.338],[77.264,14.332],[77.251,14.321],[77.202,14.321],[77.158,14.344],[77.138,14.337],[77.132,14.308],[77.118,14.294],[77.113,14.268],[77.121,14.263],[77.116,14.228],[77.101,14.216],[77.081,14.216],[77.055,14.246],[77.039,14.247],[77.01,14.238],[76.988,14.244],[76.957,14.24],[76.943,14.246],[76.93,14.278],[76.954,14.293],[76.948,14.311],[76.904,14.325],[76.884,14.357],[76.888,14.396],[76.902,14.4],[76.918,14.419],[76.947,14.405],[76.949,14.451],[76.964,14.451],[76.978,14.484],[76.911,14.49],[76.885,14.476],[76.869,14.48],[76.849,14.515],[76.804,14.533],[76.783,14.585],[76.765,14.602],[76.775,14.679],[76.802,14.74],[76.784,14.785],[76.838,14.79],[76.844,14.835],[76.854,14.844],[76.856,14.868],[76.85,14.896],[76.865,14.896],[76.87,14.943],[76.869,14.969],[76.845,14.966],[76.832,14.956],[76.819,14.969],[76.768,14.975],[76.761,14.988],[76.788,15.022],[76.775,15.059],[76.776,15.07],[76.801,15.096],[76.825,15.08],[76.841,15.078],[76.865,15.062],[76.881,15.034],[76.918,15.036],[76.955,15.03],[76.971,15.018],[77.005,15.035],[77.052,15.035],[77.046,15.011],[77.084,15.005],[77.087,15.028],[77.114,15.034],[77.13,15.074],[77.132,15.099],[77.153,15.113],[77.169,15.174],[77.163,15.199],[77.146,15.223],[77.126,15.227],[77.145,15.257],[77.153,15.291],[77.12,15.295],[77.114,15.332],[77.073,15.325],[77.067,15.343],[77.042,15.364],[77.048,15.389],[77.033,15.406],[77.032,15.44],[77.01,15.453],[77,15.472],[76.974,15.496],[76.976,15.511],[77,15.505],[77.031,15.505],[77.033,15.53],[77.028,15.581],[77.033,15.603],[77.031,15.634],[77.073,15.646],[77.086,15.658],[77.12,15.63],[77.129,15.664],[77.105,15.684],[77.08,15.696],[77.088,15.714],[77.08,15.726],[77.051,15.73],[77.051,15.756],[77.066,15.783],[77.068,15.828],[77.032,15.83],[77.037,15.857],[77.081,15.914],[77.109,15.929],[77.134,15.935],[77.147,15.945],[77.185,15.955],[77.24,15.957],[77.253,15.962],[77.287,15.952],[77.358,15.948],[77.381,15.938],[77.412,15.94],[77.431,15.947],[77.472,15.932],[77.514,15.926],[77.52,15.968],[77.51,15.978],[77.515,16.007],[77.496,16.035],[77.508,16.078],[77.503,16.102],[77.491,16.12],[77.488,16.163],[77.5,16.192],[77.5,16.218],[77.492,16.254],[77.506,16.272],[77.529,16.274],[77.548,16.292],[77.57,16.302],[77.585,16.291],[77.596,16.317],[77.589,16.333],[77.54,16.357],[77.523,16.375],[77.486,16.382],[77.442,16.379],[77.416,16.367],[77.377,16.384],[77.357,16.381],[77.337,16.392],[77.289,16.407],[77.268,16.434],[77.255,16.472],[77.296,16.478],[77.301,16.495],[77.328,16.485],[77.37,16.488],[77.373,16.506],[77.385,16.516],[77.42,16.522],[77.42,16.548],[77.406,16.551],[77.396,16.569],[77.425,16.569],[77.441,16.585],[77.461,16.585],[77.458,16.611],[77.476,16.647],[77.466,16.653],[77.437,16.642],[77.421,16.667],[77.469,16.682],[77.473,16.713],[77.428,16.718],[77.441,16.767],[77.439,16.781],[77.471,16.78],[77.476,16.8],[77.461,16.827],[77.465,16.848],[77.457,16.913],[77.472,16.921],[77.468,16.956],[77.483,16.972],[77.482,16.994],[77.503,17.011],[77.497,17.036],[77.482,17.064],[77.481,17.08],[77.464,17.096],[77.467,17.107],[77.408,17.126],[77.38,17.141],[77.364,17.165],[77.374,17.193],[77.395,17.196],[77.397,17.215],[77.384,17.223],[77.458,17.279],[77.438,17.291],[77.453,17.318],[77.46,17.348],[77.455,17.373],[77.479,17.371],[77.486,17.357],[77.525,17.365],[77.525,17.389],[77.537,17.402],[77.515,17.416],[77.514,17.43],[77.537,17.444],[77.577,17.433],[77.577,17.457],[77.6,17.446],[77.615,17.447],[77.615,17.473],[77.638,17.475],[77.652,17.484],[77.688,17.476],[77.692,17.502],[77.661,17.524],[77.625,17.525],[77.596,17.536],[77.589,17.561],[77.552,17.552],[77.531,17.576],[77.505,17.544],[77.494,17.569],[77.478,17.568],[77.465,17.58],[77.444,17.584],[77.444,17.607],[77.454,17.635],[77.449,17.66],[77.461,17.701],[77.493,17.709],[77.498,17.719],[77.531,17.73],[77.543,17.728],[77.566,17.75],[77.558,17.764],[77.527,17.782],[77.508,17.785],[77.515,17.804],[77.53,17.814],[77.53,17.829],[77.558,17.833],[77.567,17.844],[77.571,17.869],[77.596,17.882],[77.589,17.911],[77.62,17.905],[77.624,17.947],[77.648,17.949],[77.657,17.972],[77.65,17.996],[77.633,17.995],[77.61,18.02],[77.557,18.037],[77.549,18.056],[77.571,18.078],[77.601,18.086],[77.604,18.102],[77.597,18.13],[77.601,18.154],[77.583,18.164],[77.574,18.191],[77.589,18.219],[77.576,18.242],[77.607,18.28],[77.574,18.292],[77.554,18.293]]],[[[77.301,18.477],[77.275,18.475],[77.268,18.453],[77.294,18.458],[77.301,18.477]]]]},"properties":{"ST_NM":"Karnataka"}},
{"type":"Feature","geometry":{"type":"Polygon","coordinates":[[[76.431,11.666],[76.418,11.672],[76.41,11.69],[76.411,11.714],[76.427,11.728],[76.412,11.757],[76.38,11.743],[76.364,11.747],[76.342,11.737],[76.318,11.751],[76.307,11.783],[76.291,11.792],[76.282,11.807],[76.251,11.802],[76.225,11.807],[76.212,11.826],[76.21,11.856],[76.191,11.87],[76.145,11.864],[76.132,11.851],[76.114,11.858],[76.114,11.977],[76.079,11.968],[76.035,11.939],[75.982,11.931],[75.954,11.94],[75.937,11.937],[75.882,11.947],[75.856,11.963],[75.849,11.976],[75.829,11.99],[75.832,12.009],[75.805,12.036],[75.8,12.08],[75.767,12.084],[75.721,12.068],[75.721,12.084],[75.705,12.089],[75.706,12.106],[75.688,12.108],[75.672,12.095],[75.652,12.111],[75.639,12.148],[75.621,12.154],[75.58,12.156],[75.574,12.171],[75.556,12.181],[75.536,12.204],[75.541,12.216],[75.507,12.268],[75.497,12.27],[75.486,12.291],[75.433,12.297],[75.412,12.346],[75.424,12.372],[75.381,12.392],[75.368,12.412],[75.373,12.434],[75.369,12.457],[75.406,12.453],[75.427,12.471],[75.417,12.502],[75.399,12.503],[75.372,12.488],[75.374,12.474],[75.343,12.461],[75.337,12.495],[75.306,12.502],[75.306,12.522],[75.283,12.523],[75.272,12.558],[75.293,12.58],[75.318,12.573],[75.303,12.604],[75.278,12.616],[75.239,12.569],[75.215,12.578],[75.211,12.602],[75.2,12.611],[75.202,12.63],[75.183,12.632],[75.171,12.621],[75.156,12.624],[75.151,12.646],[75.162,12.669],[75.145,12.677],[75.113,12.68],[75.105,12.696],[75.085,12.694],[75.083,12.671],[75.071,12.662],[75.048,12.664],[75.045,12.692],[75.05,12.719],[75.038,12.723],[75.003,12.718],[74.992,12.742],[75.008,12.765],[75.005,12.79],[74.97,12.777],[74.954,12.784],[74.894,12.76],[74.885,12.753],[74.863,12.758],[74.896,12.694],[74.95,12.568],[74.981,12.488],[74.991,12.492],[75.002,12.448],[75.023,12.411],[75.041,12.39],[75.089,12.29],[75.13,12.187],[75.208,12.002],[75.236,12.023],[75.249,12.016],[75.288,11.958],[75.319,11.973],[75.323,11.953],[75.35,11.933],[75.342,11.927],[75.323,11.941],[75.311,11.93],[75.332,11.894],[75.369,11.852],[75.384,11.86],[75.41,11.835],[75.428,11.807],[75.454,11.785],[75.464,11.764],[75.508,11.731],[75.529,11.705],[75.536,11.693],[75.547,11.676],[75.574,11.613],[75.586,11.574],[75.604,11.533],[75.621,11.476],[75.637,11.46],[75.654,11.462],[75.677,11.45],[75.701,11.422],[75.729,11.368],[75.74,11.357],[75.739,11.328],[75.748,11.317],[75.774,11.25],[75.798,11.179],[75.815,11.172],[75.81,11.154],[75.834,11.113],[75.852,11.054],[75.867,10.993],[75.868,10.973],[75.889,10.876],[75.904,10.796],[75.925,10.765],[75.935,10.729],[75.948,10.705],[75.991,10.608],[76.011,10.572],[76.026,10.532],[76.042,10.525],[76.055,10.491],[76.052,10.478],[76.064,10.462],[76.098,10.384],[76.121,10.315],[76.14,10.233],[76.155,10.199],[76.167,10.189],[76.17,10.165],[76.179,10.143],[76.202,10.049],[76.22,10.002],[76.243,9.968],[76.241,9.954],[76.264,9.881],[76.278,9.807],[76.285,9.753],[76.29,9.672],[76.298,9.626],[76.306,9.597],[76.319,9.504],[76.337,9.422],[76.363,9.351],[76.384,9.315],[76.411,9.244],[76.465,9.119],[76.482,9.096],[76.507,9.041],[76.524,8.996],[76.536,8.944],[76.554,8.891],[76.592,8.877],[76.615,8.856],[76.672,8.781],[76.713,8.731],[76.773,8.652],[76.795,8.63],[76.824,8.59],[76.856,8.551],[76.892,8.5],[76.971,8.413],[76.974,8.391],[77.006,8.36],[77.019,8.357],[77.056,8.324],[77.1,8.291],[77.124,8.309],[77.141,8.331],[77.169,8.33],[77.176,8.353],[77.154,8.386],[77.173,8.385],[77.199,8.417],[77.208,8.443],[77.229,8.446],[77.21,8.496],[77.225,8.513],[77.242,8.497],[77.267,8.51],[77.284,8.546],[77.27,8.579],[77.247,8.606],[77.247,8.621],[77.217,8.649],[77.197,8.708],[77.185,8.716],[77.173,8.746],[77.195,8.743],[77.233,8.784],[77.235,8.806],[77.265,8.84],[77.258,8.877],[77.242,8.894],[77.224,8.902],[77.211,8.93],[77.198,8.924],[77.198,8.955],[77.181,8.971],[77.176,8.987],[77.151,9.008],[77.149,9.02],[77.171,9.045],[77.197,9.053],[77.21,9.074],[77.213,9.097],[77.229,9.115],[77.25,9.127],[77.269,9.152],[77.267,9.199],[77.284,9.218],[77.276,9.233],[77.284,9.271],[77.283,9.3],[77.303,9.317],[77.337,9.36],[77.336,9.385],[77.344,9.403],[77.338,9.415],[77.351,9.44],[77.368,9.459],[77.389,9.455],[77.399,9.47],[77.403,9.516],[77.387,9.518],[77.367,9.536],[77.357,9.587],[77.337,9.577],[77.32,9.602],[77.302,9.596],[77.277,9.576],[77.239,9.582],[77.201,9.615],[77.19,9.606],[77.171,9.61],[77.17,9.623],[77.181,9.657],[77.195,9.669],[77.207,9.695],[77.205,9.724],[77.223,9.731],[77.228,9.764],[77.225,9.789],[77.249,9.798],[77.234,9.822],[77.239,9.852],[77.214,9.875],[77.219,9.903],[77.237,9.932],[77.255,9.952],[77.265,9.952],[77.276,9.973],[77.265,9.982],[77.255,10.012],[77.264,10.025],[77.219,10.077],[77.202,10.105],[77.239,10.127],[77.268,10.121],[77.275,10.138],[77.273,10.164],[77.279,10.189],[77.295,10.216],[77.289,10.23],[77.265,10.233],[77.265,10.263],[77.228,10.315],[77.236,10.349],[77.176,10.355],[77.128,10.319],[77.087,10.304],[77.059,10.283],[77.052,10.257],[77.032,10.25],[76.995,10.228],[76.972,10.227],[76.941,10.238],[76.922,10.231],[76.905,10.241],[76.897,10.263],[76.875,10.275],[76.863,10.291],[76.845,10.292],[76.832,10.303],[76.84,10.346],[76.852,10.368],[76.828,10.395],[76.835,10.402],[76.819,10.423],[76.83,10.447],[76.832,10.499],[76.844,10.537],[76.836,10.546],[76.842,10.593],[76.827,10.596],[76.815,10.622],[76.817,10.634],[76.884,10.638],[76.882,10.672],[76.867,10.681],[76.887,10.715],[76.905,10.759],[76.909,10.779],[76.9,10.808],[76.871,10.808],[76.848,10.824],[76.856,10.835],[76.829,10.87],[76.796,10.879],[76.784,10.89],[76.743,10.889],[76.711,10.909],[76.695,10.91],[76.663,10.928],[76.658,10.937],[76.671,10.968],[76.688,10.987],[76.69,11.007],[76.701,11.025],[76.722,11.04],[76.767,11.032],[76.762,11.055],[76.745,11.072],[76.756,11.092],[76.744,11.101],[76.751,11.118],[76.707,11.14],[76.696,11.165],[76.716,11.187],[76.731,11.192],[76.737,11.214],[76.707,11.239],[76.633,11.193],[76.612,11.203],[76.587,11.204],[76.531,11.198],[76.515,11.209],[76.475,11.206],[76.462,11.187],[76.452,11.207],[76.455,11.238],[76.523,11.269],[76.549,11.328],[76.547,11.359],[76.518,11.354],[76.519,11.368],[76.457,11.389],[76.417,11.422],[76.37,11.455],[76.342,11.466],[76.329,11.452],[76.286,11.481],[76.266,11.48],[76.248,11.466],[76.252,11.501],[76.241,11.525],[76.25,11.531],[76.233,11.571],[76.278,11.6],[76.298,11.587],[76.306,11.571],[76.336,11.595],[76.343,11.585],[76.379,11.6],[76.388,11.629],[76.429,11.632],[76.442,11.641],[76.431,11.666]],[[75.533,11.753],[75.546,11.758],[75.545,11.734],[75.558,11.718],[75.541,11.714],[75.537,11.747],[75.533,11.753]]]},"properties":{"ST_NM":"Kerala"}},
{"type":"Feature","geometry":{"type":"Polygon","coordinates":[[[82.816,23.962],[82.806,23.976],[82.809,24],[82.754,24.012],[82.748,24.03],[82.764,24.042],[82.763,24.072],[82.734,24.081],[82.716,24.079],[82.709,24.096],[82.671,24.123],[82.665,24.133],[82.679,24.157],[82.696,24.143],[82.728,24.138],[82.731,24.155],[82.744,24.167],[82.735,24.222],[82.758,24.235],[82.759,24.267],[82.772,24.291],[82.768,24.318],[82.772,24.346],[82.769,24.371],[82.726,24.37],[82.715,24.384],[82.723,24.414],[82.734,24.425],[82.732,24.475],[82.745,24.498],[82.724,24.511],[82.724,24.555],[82.754,24.54],[82.809,24.551],[82.804,24.598],[82.776,24.596],[82.774,24.64],[82.736,24.645],[82.71,24.64],[82.7,24.647],[82.704,24.674],[82.674,24.698],[82.645,24.686],[82.596,24.672],[82.582,24.661],[82.537,24.65],[82.527,24.676],[82.495,24.673],[82.485,24.681],[82.457,24.676],[82.457,24.688],[82.44,24.704],[82.428,24.703],[82.41,24.682],[82.42,24.656],[82.412,24.634],[82.417,24.596],[82.369,24.6],[82.354,24.617],[82.338,24.621],[82.318,24.611],[82.307,24.626],[82.3,24.662],[82.278,24.679],[82.237,24.672],[82.237,24.688],[82.251,24.699],[82.247,24.752],[82.236,24.763],[82.204,24.761],[82.217,24.795],[82.182,24.798],[82.168,24.79],[82.14,24.802],[82.12,24.79],[82.09,24.819],[82.073,24.821],[82.013,24.848],[81.963,24.836],[81.935,24.858],[81.937,24.87],[81.911,24.881],[81.907,24.902],[81.919,24.918],[81.912,24.939],[81.91,24.98],[81.882,24.999],[81.855,25.004],[81.838,25.016],[81.8,25.007],[81.725,25.05],[81.714,25.035],[81.69,25.041],[81.686,25.061],[81.655,25.072],[81.63,25.054],[81.603,25.074],[81.64,25.1],[81.599,25.12],[81.601,25.133],[81.628,25.152],[81.614,25.162],[81.59,25.165],[81.596,25.18],[81.567,25.186],[81.516,25.181],[81.536,25.163],[81.527,25.148],[81.5,25.145],[81.486,25.135],[81.486,25.118],[81.502,25.107],[81.503,25.079],[81.492,25.072],[81.445,25.093],[81.447,25.111],[81.436,25.13],[81.397,25.121],[81.375,25.138],[81.358,25.164],[81.338,25.169],[81.277,25.162],[81.283,25.15],[81.268,25.138],[81.266,25.113],[81.254,25.102],[81.267,25.084],[81.27,25.065],[81.256,25.038],[81.228,25.004],[81.21,24.992],[81.221,24.974],[81.21,24.967],[81.214,24.936],[81.17,24.955],[81.161,24.913],[81.148,24.913],[81.136,24.89],[81.098,24.921],[81.085,24.949],[81.035,24.951],[81.008,24.937],[80.961,24.936],[80.945,24.969],[80.905,24.953],[80.897,24.944],[80.865,24.932],[80.829,24.933],[80.81,24.941],[80.807,24.971],[80.827,24.97],[80.858,24.999],[80.837,25.026],[80.849,25.047],[80.879,25.067],[80.872,25.084],[80.881,25.099],[80.873,25.12],[80.914,25.161],[80.878,25.185],[80.845,25.189],[80.85,25.164],[80.84,25.137],[80.827,25.127],[80.806,25.142],[80.79,25.133],[80.759,25.138],[80.726,25.125],[80.727,25.1],[80.754,25.095],[80.784,25.08],[80.784,25.058],[80.742,25.059],[80.735,25.068],[80.682,25.05],[80.687,25.078],[80.662,25.072],[80.65,25.089],[80.617,25.095],[80.63,25.118],[80.603,25.151],[80.596,25.105],[80.615,25.072],[80.587,25.084],[80.552,25.064],[80.527,25.078],[80.518,25.097],[80.495,25.088],[80.51,25.059],[80.514,25.04],[80.55,25.03],[80.55,25.003],[80.507,25.005],[80.485,24.989],[80.434,25.027],[80.454,25.041],[80.478,25.041],[80.468,25.066],[80.449,25.078],[80.431,25.067],[80.402,25.068],[80.387,25.052],[80.376,25.021],[80.334,24.999],[80.322,24.999],[80.275,25.026],[80.29,25.056],[80.308,25.044],[80.353,25.054],[80.345,25.067],[80.353,25.093],[80.369,25.1],[80.374,25.117],[80.357,25.136],[80.395,25.159],[80.424,25.161],[80.432,25.17],[80.41,25.217],[80.407,25.239],[80.386,25.233],[80.366,25.247],[80.348,25.274],[80.32,25.278],[80.32,25.33],[80.311,25.354],[80.321,25.368],[80.317,25.388],[80.282,25.421],[80.264,25.424],[80.253,25.4],[80.197,25.402],[80.196,25.379],[80.167,25.373],[80.167,25.362],[80.145,25.351],[80.135,25.336],[80.091,25.351],[80.078,25.339],[80.029,25.339],[80.018,25.32],[80.021,25.297],[80.002,25.284],[80.005,25.266],[79.957,25.261],[79.929,25.246],[79.902,25.242],[79.88,25.249],[79.853,25.232],[79.871,25.215],[79.86,25.199],[79.87,25.172],[79.868,25.152],[79.85,25.112],[79.835,25.096],[79.777,25.121],[79.747,25.138],[79.715,25.129],[79.684,25.132],[79.674,25.123],[79.641,25.128],[79.606,25.141],[79.582,25.155],[79.577,25.171],[79.558,25.165],[79.534,25.131],[79.521,25.121],[79.525,25.097],[79.508,25.095],[79.497,25.078],[79.468,25.092],[79.478,25.126],[79.444,25.103],[79.443,25.122],[79.426,25.129],[79.417,25.111],[79.397,25.116],[79.388,25.144],[79.391,25.166],[79.411,25.185],[79.417,25.204],[79.44,25.198],[79.45,25.216],[79.442,25.237],[79.461,25.252],[79.409,25.258],[79.41,25.274],[79.38,25.288],[79.373,25.263],[79.357,25.284],[79.341,25.328],[79.302,25.335],[79.268,25.305],[79.264,25.275],[79.279,25.262],[79.294,25.276],[79.322,25.257],[79.348,25.268],[79.349,25.226],[79.318,25.215],[79.301,25.235],[79.286,25.206],[79.291,25.185],[79.309,25.171],[79.322,25.147],[79.308,25.126],[79.29,25.129],[79.284,25.115],[79.262,25.126],[79.269,25.137],[79.258,25.156],[79.245,25.138],[79.246,25.112],[79.205,25.123],[79.192,25.146],[79.176,25.14],[79.187,25.113],[79.141,25.106],[79.132,25.125],[79.115,25.139],[79.127,25.159],[79.098,25.171],[79.092,25.188],[79.071,25.168],[79.065,25.146],[79.046,25.132],[79.029,25.138],[79.043,25.169],[79.032,25.182],[79.064,25.221],[79.034,25.23],[79.022,25.243],[79.02,25.269],[78.994,25.27],[78.98,25.238],[79.002,25.227],[79.008,25.211],[78.99,25.194],[78.977,25.212],[78.96,25.216],[78.932,25.206],[78.908,25.176],[78.884,25.157],[78.875,25.185],[78.889,25.21],[78.874,25.228],[78.879,25.246],[78.904,25.245],[78.916,25.269],[78.948,25.258],[78.951,25.275],[78.978,25.286],[78.96,25.307],[78.963,25.343],[78.939,25.327],[78.893,25.342],[78.864,25.312],[78.879,25.287],[78.87,25.278],[78.853,25.229],[78.842,25.228],[78.813,25.266],[78.819,25.289],[78.801,25.288],[78.799,25.31],[78.822,25.306],[78.841,25.326],[78.845,25.347],[78.882,25.383],[78.909,25.384],[78.923,25.395],[78.951,25.398],[78.939,25.372],[78.903,25.376],[78.904,25.36],[78.946,25.348],[78.956,25.365],[78.982,25.368],[78.976,25.391],[78.978,25.415],[78.968,25.434],[78.95,25.437],[78.937,25.423],[78.911,25.442],[78.938,25.463],[78.943,25.489],[78.924,25.512],[78.949,25.526],[78.949,25.546],[78.933,25.555],[78.893,25.556],[78.876,25.539],[78.884,25.519],[78.841,25.511],[78.834,25.499],[78.854,25.486],[78.865,25.462],[78.861,25.447],[78.797,25.478],[78.764,25.471],[78.734,25.485],[78.732,25.458],[78.755,25.443],[78.773,25.425],[78.797,25.437],[78.802,25.421],[78.753,25.41],[78.766,25.399],[78.772,25.353],[78.743,25.344],[78.711,25.354],[78.717,25.371],[78.665,25.383],[78.676,25.399],[78.708,25.421],[78.697,25.44],[78.665,25.439],[78.64,25.428],[78.641,25.404],[78.611,25.412],[78.585,25.372],[78.583,25.347],[78.563,25.343],[78.535,25.361],[78.541,25.326],[78.532,25.301],[78.512,25.297],[78.495,25.315],[78.476,25.298],[78.437,25.292],[78.436,25.276],[78.461,25.265],[78.496,25.287],[78.512,25.276],[78.528,25.283],[78.543,25.267],[78.576,25.254],[78.569,25.222],[78.577,25.197],[78.601,25.152],[78.604,25.093],[78.627,25.087],[78.649,25.057],[78.651,25.03],[78.644,25.021],[78.639,24.979],[78.632,24.957],[78.661,24.939],[78.675,24.898],[78.703,24.89],[78.771,24.857],[78.787,24.81],[78.771,24.79],[78.77,24.762],[78.779,24.699],[78.767,24.689],[78.762,24.669],[78.747,24.655],[78.755,24.632],[78.759,24.598],[78.784,24.589],[78.809,24.603],[78.838,24.604],[78.851,24.624],[78.87,24.637],[78.889,24.635],[78.9,24.609],[78.911,24.6],[78.92,24.577],[78.952,24.549],[78.947,24.539],[78.951,24.505],[78.973,24.493],[78.95,24.48],[78.908,24.484],[78.92,24.459],[78.938,24.456],[78.947,24.442],[78.989,24.443],[78.995,24.424],[78.974,24.369],[78.975,24.353],[78.939,24.315],[78.914,24.297],[78.916,24.269],[78.886,24.25],[78.888,24.225],[78.865,24.209],[78.845,24.21],[78.834,24.199],[78.817,24.204],[78.812,24.18],[78.791,24.181],[78.781,24.208],[78.761,24.243],[78.752,24.235],[78.733,24.248],[78.725,24.235],[78.705,24.23],[78.675,24.241],[78.661,24.269],[78.624,24.292],[78.585,24.353],[78.559,24.356],[78.534,24.37],[78.521,24.386],[78.506,24.39],[78.482,24.363],[78.474,24.335],[78.446,24.321],[78.441,24.293],[78.392,24.269],[78.368,24.292],[78.347,24.303],[78.333,24.334],[78.369,24.374],[78.343,24.399],[78.324,24.406],[78.273,24.443],[78.266,24.455],[78.269,24.478],[78.246,24.485],[78.244,24.507],[78.226,24.518],[78.23,24.537],[78.261,24.548],[78.276,24.611],[78.263,24.644],[78.274,24.665],[78.257,24.701],[78.233,24.731],[78.226,24.753],[78.232,24.772],[78.215,24.808],[78.193,24.838],[78.172,24.843],[78.17,24.866],[78.177,24.88],[78.206,24.891],[78.22,24.911],[78.263,24.937],[78.269,24.948],[78.296,24.963],[78.313,24.984],[78.334,24.995],[78.345,25.022],[78.337,25.04],[78.332,25.079],[78.339,25.088],[78.374,25.099],[78.396,25.122],[78.431,25.12],[78.43,25.14],[78.449,25.152],[78.451,25.168],[78.424,25.168],[78.41,25.184],[78.392,25.19],[78.402,25.216],[78.382,25.221],[78.362,25.245],[78.369,25.26],[78.352,25.278],[78.352,25.293],[78.315,25.306],[78.338,25.332],[78.33,25.35],[78.301,25.362],[78.339,25.399],[78.342,25.426],[78.355,25.45],[78.368,25.441],[78.393,25.449],[78.401,25.466],[78.429,25.474],[78.416,25.503],[78.416,25.528],[78.433,25.556],[78.456,25.547],[78.488,25.575],[78.535,25.568],[78.554,25.559],[78.589,25.559],[78.612,25.582],[78.628,25.568],[78.656,25.56],[78.684,25.589],[78.719,25.601],[78.74,25.598],[78.802,25.612],[78.819,25.64],[78.819,25.669],[78.799,25.705],[78.768,25.715],[78.754,25.744],[78.783,25.756],[78.807,25.794],[78.828,25.794],[78.824,25.826],[78.849,25.815],[78.849,25.8],[78.871,25.797],[78.874,25.829],[78.852,25.84],[78.866,25.867],[78.892,25.871],[78.895,25.894],[78.884,25.91],[78.902,25.92],[78.923,25.944],[78.951,25.985],[78.959,26.02],[78.952,26.031],[78.991,26.068],[79.011,26.076],[78.98,26.103],[78.975,26.12],[78.953,26.132],[78.969,26.149],[79.009,26.149],[79.012,26.167],[78.984,26.187],[79.011,26.191],[79.029,26.203],[79.025,26.219],[78.998,26.226],[78.993,26.237],[79.019,26.246],[79.035,26.228],[79.049,26.224],[79.071,26.241],[79.055,26.25],[79.066,26.278],[79.086,26.282],[79.106,26.309],[79.135,26.31],[79.125,26.348],[79.085,26.357],[79.098,26.372],[79.089,26.4],[79.126,26.412],[79.135,26.439],[79.101,26.452],[79.078,26.441],[79.056,26.456],[79.072,26.479],[79.07,26.498],[79.04,26.519],[79.042,26.53],[79.007,26.545],[79.007,26.569],[78.991,26.588],[79.014,26.605],[79.012,26.621],[78.996,26.642],[79.01,26.668],[78.993,26.68],[78.957,26.657],[78.946,26.667],[78.957,26.691],[78.913,26.708],[78.874,26.699],[78.849,26.72],[78.82,26.76],[78.771,26.761],[78.75,26.787],[78.727,26.776],[78.724,26.794],[78.686,26.787],[78.668,26.763],[78.629,26.769],[78.611,26.75],[78.574,26.752],[78.524,26.779],[78.467,26.789],[78.454,26.798],[78.434,26.826],[78.394,26.822],[78.371,26.865],[78.35,26.868],[78.291,26.858],[78.276,26.844],[78.274,26.819],[78.264,26.814],[78.231,26.831],[78.218,26.83],[78.169,26.821],[78.188,26.795],[78.184,26.786],[78.154,26.786],[78.127,26.797],[78.104,26.784],[78.104,26.766],[78.12,26.744],[78.097,26.732],[78.096,26.681],[78.083,26.672],[78.057,26.684],[78,26.697],[77.977,26.671],[77.948,26.657],[77.912,26.66],[77.899,26.649],[77.887,26.615],[77.85,26.609],[77.828,26.594],[77.832,26.567],[77.821,26.549],[77.805,26.545],[77.775,26.548],[77.747,26.537],[77.735,26.51],[77.703,26.495],[77.679,26.504],[77.634,26.477],[77.606,26.449],[77.559,26.435],[77.53,26.409],[77.482,26.409],[77.435,26.401],[77.447,26.373],[77.44,26.359],[77.409,26.363],[77.393,26.357],[77.373,26.366],[77.325,26.341],[77.315,26.31],[77.274,26.271],[77.245,26.257],[77.201,26.231],[77.172,26.239],[77.136,26.234],[77.12,26.226],[77.103,26.19],[77.091,26.182],[77.059,26.181],[77.03,26.171],[77.011,26.154],[77.001,26.133],[76.945,26.101],[76.901,26.093],[76.889,26.081],[76.877,26.051],[76.852,26.035],[76.847,26.033],[76.836,26.024],[76.846,26.006],[76.824,25.979],[76.825,25.966],[76.801,25.939],[76.766,25.937],[76.768,25.917],[76.739,25.897],[76.72,25.896],[76.68,25.907],[76.647,25.901],[76.637,25.87],[76.603,25.871],[76.591,25.863],[76.572,25.835],[76.555,25.82],[76.535,25.793],[76.528,25.761],[76.536,25.739],[76.532,25.726],[76.508,25.724],[76.488,25.713],[76.483,25.69],[76.516,25.668],[76.505,25.643],[76.52,25.629],[76.521,25.602],[76.515,25.575],[76.527,25.545],[76.525,25.525],[76.543,25.505],[76.565,25.468],[76.569,25.438],[76.594,25.427],[76.607,25.384],[76.63,25.37],[76.641,25.375],[76.686,25.341],[76.708,25.343],[76.728,25.327],[76.778,25.311],[76.848,25.326],[76.898,25.317],[76.934,25.292],[76.934,25.274],[76.958,25.274],[76.964,25.292],[77.03,25.296],[77.045,25.32],[77.069,25.319],[77.081,25.335],[77.121,25.33],[77.159,25.308],[77.196,25.307],[77.204,25.325],[77.224,25.326],[77.226,25.368],[77.266,25.394],[77.289,25.418],[77.311,25.431],[77.367,25.408],[77.35,25.383],[77.362,25.363],[77.35,25.332],[77.37,25.328],[77.381,25.301],[77.373,25.28],[77.355,25.267],[77.369,25.245],[77.386,25.24],[77.412,25.221],[77.424,25.188],[77.396,25.183],[77.392,25.117],[77.354,25.093],[77.308,25.079],[77.29,25.099],[77.268,25.114],[77.226,25.105],[77.203,25.112],[77.175,25.109],[77.163,25.083],[77.134,25.084],[77.12,25.064],[77.082,25.053],[76.989,25.073],[76.974,25.051],[76.959,25.044],[76.906,25.029],[76.887,25.029],[76.874,25.006],[76.871,24.967],[76.877,24.95],[76.93,24.906],[76.919,24.883],[76.954,24.868],[76.931,24.845],[76.9,24.835],[76.842,24.836],[76.807,24.822],[76.82,24.799],[76.851,24.765],[76.85,24.747],[76.891,24.749],[76.908,24.741],[76.926,24.744],[76.951,24.759],[76.968,24.755],[76.977,24.727],[76.997,24.713],[77.024,24.71],[77.038,24.698],[77.042,24.678],[77.064,24.638],[77.063,24.59],[77.069,24.559],[77.055,24.522],[77.037,24.524],[77.029,24.497],[76.997,24.469],[76.965,24.456],[76.946,24.463],[76.919,24.483],[76.923,24.531],[76.904,24.543],[76.893,24.522],[76.88,24.522],[76.871,24.545],[76.85,24.546],[76.819,24.53],[76.856,24.465],[76.845,24.438],[76.855,24.433],[76.847,24.404],[76.854,24.384],[76.853,24.364],[76.841,24.356],[76.849,24.323],[76.863,24.308],[76.878,24.267],[76.921,24.227],[76.923,24.216],[76.948,24.194],[76.937,24.182],[76.92,24.184],[76.904,24.127],[76.86,24.135],[76.832,24.121],[76.805,24.116],[76.795,24.121],[76.773,24.16],[76.759,24.168],[76.733,24.166],[76.725,24.157],[76.678,24.189],[76.692,24.228],[76.706,24.244],[76.697,24.281],[76.683,24.266],[76.644,24.258],[76.62,24.258],[76.618,24.238],[76.575,24.209],[76.569,24.196],[76.583,24.176],[76.558,24.164],[76.527,24.159],[76.514,24.175],[76.512,24.196],[76.5,24.208],[76.467,24.225],[76.457,24.212],[76.427,24.223],[76.415,24.205],[76.356,24.245],[76.321,24.247],[76.293,24.233],[76.28,24.212],[76.251,24.224],[76.226,24.219],[76.209,24.229],[76.207,24.265],[76.198,24.281],[76.209,24.307],[76.189,24.327],[76.175,24.311],[76.172,24.292],[76.145,24.277],[76.157,24.24],[76.155,24.231],[76.126,24.201],[76.123,24.174],[76.134,24.165],[76.14,24.127],[76.132,24.115],[76.137,24.091],[76.108,24.092],[76.102,24.085],[76.046,24.07],[76.029,24.046],[75.993,24.026],[75.963,24.021],[75.963,23.993],[75.983,23.97],[75.978,23.929],[75.951,23.918],[75.934,23.898],[75.923,23.9],[75.881,23.881],[75.855,23.89],[75.805,23.867],[75.782,23.851],[75.763,23.853],[75.761,23.878],[75.73,23.898],[75.704,23.9],[75.7,23.873],[75.729,23.861],[75.724,23.823],[75.715,23.813],[75.692,23.816],[75.7,23.784],[75.689,23.77],[75.651,23.796],[75.618,23.802],[75.584,23.797],[75.567,23.812],[75.571,23.831],[75.564,23.854],[75.539,23.873],[75.505,23.888],[75.489,23.907],[75.458,23.917],[75.466,23.977],[75.493,24.001],[75.516,24.045],[75.533,24.028],[75.573,24.014],[75.571,23.996],[75.636,23.996],[75.643,24.015],[75.671,24.03],[75.688,24.014],[75.685,23.994],[75.702,23.965],[75.737,23.977],[75.74,23.991],[75.764,23.994],[75.782,24.032],[75.782,24.058],[75.832,24.068],[75.833,24.104],[75.814,24.099],[75.792,24.106],[75.781,24.131],[75.746,24.136],[75.772,24.194],[75.776,24.217],[75.808,24.226],[75.815,24.257],[75.815,24.297],[75.8,24.31],[75.767,24.307],[75.74,24.344],[75.742,24.385],[75.738,24.399],[75.758,24.405],[75.759,24.424],[75.789,24.454],[75.794,24.471],[75.818,24.461],[75.815,24.433],[75.832,24.418],[75.864,24.419],[75.906,24.442],[75.915,24.488],[75.908,24.501],[75.928,24.534],[75.91,24.546],[75.914,24.573],[75.887,24.578],[75.877,24.603],[75.855,24.61],[75.849,24.627],[75.847,24.665],[75.831,24.664],[75.845,24.713],[75.842,24.726],[75.808,24.752],[75.789,24.761],[75.745,24.756],[75.683,24.724],[75.662,24.698],[75.616,24.684],[75.584,24.719],[75.555,24.71],[75.537,24.716],[75.486,24.694],[75.454,24.689],[75.366,24.706],[75.353,24.713],[75.306,24.717],[75.269,24.729],[75.251,24.725],[75.23,24.731],[75.219,24.719],[75.197,24.756],[75.194,24.785],[75.219,24.817],[75.249,24.818],[75.254,24.833],[75.23,24.844],[75.203,24.881],[75.252,24.892],[75.244,24.857],[75.286,24.846],[75.303,24.812],[75.315,24.81],[75.332,24.828],[75.346,24.829],[75.419,24.86],[75.427,24.889],[75.41,24.888],[75.374,24.874],[75.328,24.883],[75.313,24.866],[75.264,24.886],[75.269,24.911],[75.29,24.923],[75.269,24.958],[75.288,24.973],[75.293,24.948],[75.32,24.903],[75.328,24.934],[75.34,24.959],[75.325,24.978],[75.321,25.003],[75.353,25.021],[75.352,25.038],[75.313,25.042],[75.203,25.031],[75.176,25.05],[75.161,25.042],[75.157,25.025],[75.171,25.01],[75.166,24.988],[75.122,24.972],[75.117,24.958],[75.121,24.885],[75.092,24.876],[75.075,24.884],[75.045,24.856],[75.014,24.871],[74.946,24.875],[74.95,24.891],[74.914,24.896],[74.914,24.925],[74.902,24.936],[74.869,24.934],[74.864,24.963],[74.855,24.971],[74.834,24.964],[74.826,24.937],[74.828,24.896],[74.857,24.85],[74.86,24.81],[74.879,24.81],[74.906,24.794],[74.972,24.788],[75,24.794],[75.014,24.79],[75.023,24.769],[75.022,24.749],[74.995,24.749],[74.992,24.73],[75.001,24.705],[74.965,24.697],[74.953,24.673],[74.936,24.659],[74.889,24.654],[74.874,24.666],[74.868,24.687],[74.85,24.706],[74.82,24.762],[74.811,24.793],[74.8,24.792],[74.804,24.752],[74.781,24.74],[74.791,24.724],[74.777,24.683],[74.814,24.683],[74.818,24.669],[74.796,24.652],[74.784,24.634],[74.791,24.608],[74.749,24.594],[74.758,24.561],[74.748,24.533],[74.729,24.532],[74.716,24.52],[74.758,24.486],[74.78,24.48],[74.793,24.49],[74.815,24.489],[74.858,24.448],[74.813,24.406],[74.803,24.384],[74.785,24.364],[74.784,24.314],[74.758,24.293],[74.755,24.276],[74.767,24.27],[74.816,24.274],[74.854,24.267],[74.876,24.275],[74.895,24.258],[74.906,24.231],[74.881,24.213],[74.901,24.171],[74.928,24.154],[74.94,24.118],[74.96,24.107],[74.966,24.079],[74.98,24.069],[74.982,24.038],[74.993,24.026],[74.988,24.011],[74.973,24],[74.964,23.97],[74.942,23.957],[74.915,23.909],[74.905,23.865],[74.916,23.843],[74.91,23.798],[74.928,23.795],[74.94,23.763],[74.932,23.755],[74.941,23.732],[74.924,23.716],[74.923,23.694],[74.91,23.674],[74.924,23.665],[74.94,23.627],[74.906,23.62],[74.886,23.603],[74.869,23.572],[74.851,23.554],[74.802,23.531],[74.796,23.543],[74.773,23.54],[74.763,23.522],[74.742,23.517],[74.733,23.498],[74.71,23.503],[74.668,23.481],[74.658,23.464],[74.612,23.459],[74.597,23.427],[74.572,23.417],[74.571,23.381],[74.559,23.362],[74.544,23.361],[74.541,23.336],[74.532,23.32],[74.547,23.284],[74.566,23.296],[74.585,23.282],[74.614,23.282],[74.631,23.261],[74.651,23.258],[74.672,23.272],[74.7,23.269],[74.721,23.24],[74.694,23.226],[74.718,23.217],[74.75,23.228],[74.745,23.209],[74.714,23.192],[74.668,23.199],[74.653,23.179],[74.624,23.16],[74.606,23.142],[74.544,23.13],[74.546,23.116],[74.534,23.099],[74.51,23.086],[74.465,23.083],[74.443,23.091],[74.431,23.103],[74.389,23.11],[74.359,23.088],[74.346,23.069],[74.32,23.06],[74.325,23.04],[74.347,23.028],[74.353,23.001],[74.368,22.978],[74.339,22.962],[74.379,22.908],[74.398,22.897],[74.416,22.916],[74.449,22.922],[74.461,22.911],[74.477,22.856],[74.463,22.813],[74.437,22.807],[74.437,22.783],[74.4,22.729],[74.394,22.69],[74.382,22.667],[74.381,22.641],[74.361,22.634],[74.325,22.642],[74.292,22.639],[74.275,22.646],[74.253,22.634],[74.254,22.622],[74.233,22.612],[74.223,22.583],[74.21,22.565],[74.196,22.568],[74.188,22.551],[74.154,22.53],[74.15,22.516],[74.124,22.523],[74.08,22.548],[74.063,22.549],[74.041,22.54],[74.04,22.515],[74.081,22.507],[74.074,22.464],[74.096,22.467],[74.101,22.432],[74.119,22.419],[74.137,22.452],[74.152,22.438],[74.183,22.442],[74.179,22.463],[74.201,22.465],[74.201,22.435],[74.234,22.437],[74.261,22.423],[74.271,22.391],[74.237,22.375],[74.223,22.357],[74.195,22.341],[74.187,22.32],[74.13,22.331],[74.125,22.351],[74.108,22.37],[74.091,22.361],[74.068,22.359],[74.055,22.284],[74.074,22.267],[74.072,22.22],[74.11,22.217],[74.119,22.211],[74.122,22.165],[74.131,22.16],[74.122,22.13],[74.128,22.095],[74.151,22.104],[74.166,22.1],[74.159,22.059],[74.134,22.052],[74.121,22.034],[74.097,22.017],[74.096,22],[74.15,21.985],[74.139,21.968],[74.142,21.952],[74.168,21.943],[74.184,21.927],[74.2,21.924],[74.287,21.934],[74.298,21.965],[74.343,21.974],[74.375,22],[74.385,22.018],[74.432,22.029],[74.441,22.014],[74.44,21.981],[74.448,21.966],[74.469,21.964],[74.49,21.953],[74.512,21.932],[74.524,21.907],[74.514,21.884],[74.508,21.819],[74.5,21.805],[74.505,21.774],[74.514,21.761],[74.508,21.725],[74.522,21.716],[74.546,21.718],[74.557,21.701],[74.557,21.679],[74.578,21.683],[74.589,21.662],[74.606,21.661],[74.668,21.648],[74.711,21.624],[74.797,21.608],[74.831,21.609],[74.862,21.632],[74.899,21.628],[74.912,21.614],[74.981,21.593],[75.011,21.579],[75.016,21.57],[75.056,21.563],[75.088,21.512],[75.105,21.467],[75.128,21.447],[75.186,21.425],[75.218,21.409],[75.231,21.414],[75.252,21.404],[75.3,21.413],[75.302,21.393],[75.352,21.391],[75.36,21.401],[75.383,21.383],[75.467,21.392],[75.524,21.385],[75.547,21.37],[75.58,21.378],[75.591,21.389],[75.619,21.391],[75.629,21.379],[75.673,21.378],[75.706,21.389],[75.744,21.391],[75.759,21.383],[75.801,21.388],[75.833,21.381],[75.863,21.385],[75.888,21.397],[75.917,21.388],[75.969,21.392],[75.985,21.375],[76.035,21.363],[76.053,21.35],[76.099,21.372],[76.107,21.358],[76.13,21.295],[76.146,21.286],[76.16,21.257],[76.146,21.231],[76.165,21.222],[76.167,21.169],[76.128,21.176],[76.114,21.163],[76.14,21.138],[76.136,21.124],[76.169,21.103],[76.184,21.088],[76.27,21.091],[76.283,21.073],[76.362,21.078],[76.377,21.075],[76.411,21.092],[76.413,21.105],[76.435,21.105],[76.454,21.113],[76.459,21.136],[76.476,21.15],[76.484,21.186],[76.492,21.196],[76.531,21.187],[76.561,21.204],[76.625,21.191],[76.633,21.203],[76.633,21.227],[76.644,21.246],[76.66,21.246],[76.663,21.28],[76.628,21.328],[76.63,21.338],[76.67,21.367],[76.734,21.407],[76.745,21.441],[76.786,21.464],[76.794,21.488],[76.765,21.52],[76.788,21.533],[76.782,21.56],[76.798,21.595],[76.836,21.591],[76.854,21.613],[76.894,21.598],[77,21.679],[77.062,21.707],[77.072,21.719],[77.097,21.717],[77.124,21.723],[77.15,21.712],[77.191,21.72],[77.187,21.702],[77.21,21.692],[77.225,21.698],[77.228,21.715],[77.261,21.713],[77.27,21.727],[77.29,21.734],[77.28,21.757],[77.325,21.755],[77.341,21.759],[77.404,21.754],[77.453,21.761],[77.475,21.769],[77.479,21.755],[77.5,21.747],[77.546,21.699],[77.562,21.666],[77.576,21.585],[77.575,21.56],[77.594,21.559],[77.611,21.541],[77.593,21.528],[77.571,21.528],[77.533,21.539],[77.508,21.552],[77.461,21.554],[77.445,21.542],[77.427,21.54],[77.424,21.514],[77.443,21.487],[77.442,21.471],[77.473,21.455],[77.473,21.435],[77.485,21.414],[77.49,21.376],[77.514,21.375],[77.531,21.419],[77.562,21.396],[77.566,21.371],[77.605,21.363],[77.604,21.387],[77.65,21.391],[77.666,21.386],[77.674,21.371],[77.708,21.376],[77.709,21.357],[77.742,21.365],[77.75,21.382],[77.797,21.389],[77.803,21.41],[77.822,21.407],[77.867,21.386],[77.903,21.377],[77.943,21.385],[77.945,21.397],[77.984,21.401],[78.004,21.414],[78.024,21.419],[78.048,21.433],[78.068,21.437],[78.174,21.497],[78.182,21.513],[78.176,21.527],[78.185,21.557],[78.22,21.552],[78.243,21.564],[78.274,21.569],[78.276,21.591],[78.323,21.574],[78.342,21.589],[78.366,21.577],[78.382,21.594],[78.376,21.613],[78.409,21.608],[78.427,21.6],[78.418,21.576],[78.427,21.562],[78.443,21.502],[78.485,21.505],[78.514,21.527],[78.542,21.523],[78.565,21.513],[78.59,21.485],[78.61,21.487],[78.626,21.476],[78.643,21.483],[78.664,21.477],[78.689,21.481],[78.729,21.463],[78.744,21.472],[78.752,21.493],[78.766,21.488],[78.777,21.466],[78.79,21.488],[78.85,21.489],[78.857,21.494],[78.891,21.484],[78.901,21.499],[78.937,21.486],[78.942,21.518],[78.929,21.523],[78.918,21.562],[78.919,21.591],[78.946,21.592],[78.98,21.616],[79,21.617],[79.015,21.6],[79.037,21.604],[79.11,21.608],[79.105,21.618],[79.133,21.627],[79.147,21.638],[79.154,21.659],[79.222,21.649],[79.234,21.67],[79.224,21.68],[79.228,21.699],[79.241,21.714],[79.263,21.716],[79.291,21.693],[79.401,21.674],[79.417,21.69],[79.447,21.681],[79.465,21.686],[79.495,21.673],[79.519,21.626],[79.504,21.611],[79.512,21.589],[79.546,21.564],[79.543,21.543],[79.582,21.543],[79.615,21.555],[79.657,21.558],[79.664,21.577],[79.691,21.58],[79.7,21.59],[79.72,21.59],[79.739,21.602],[79.798,21.581],[79.825,21.558],[79.831,21.546],[79.863,21.53],[79.896,21.523],[79.922,21.524],[79.934,21.553],[79.978,21.555],[80,21.534],[80.033,21.556],[80.07,21.554],[80.101,21.586],[80.116,21.593],[80.125,21.609],[80.151,21.605],[80.195,21.634],[80.211,21.633],[80.227,21.619],[80.267,21.62],[80.302,21.575],[80.327,21.573],[80.345,21.539],[80.377,21.521],[80.382,21.491],[80.408,21.466],[80.418,21.438],[80.396,21.408],[80.406,21.381],[80.44,21.372],[80.45,21.374],[80.455,21.403],[80.482,21.395],[80.526,21.39],[80.544,21.37],[80.571,21.358],[80.568,21.344],[80.588,21.342],[80.6,21.325],[80.625,21.32],[80.663,21.331],[80.691,21.373],[80.706,21.415],[80.704,21.428],[80.725,21.446],[80.737,21.473],[80.729,21.496],[80.738,21.539],[80.72,21.556],[80.726,21.572],[80.716,21.585],[80.716,21.604],[80.729,21.617],[80.726,21.644],[80.714,21.672],[80.731,21.694],[80.733,21.731],[80.747,21.757],[80.769,21.758],[80.79,21.74],[80.818,21.748],[80.819,21.764],[80.839,21.805],[80.845,21.83],[80.839,21.846],[80.848,21.856],[80.847,21.875],[80.832,21.887],[80.832,21.908],[80.843,21.928],[80.84,21.947],[80.859,21.975],[80.876,22.011],[80.876,22.033],[80.886,22.06],[80.898,22.066],[80.905,22.101],[80.924,22.121],[80.958,22.113],[80.973,22.082],[80.97,22.058],[80.986,22.048],[81.006,22.061],[81.011,22.094],[80.997,22.109],[80.978,22.114],[80.994,22.131],[81.023,22.132],[81.026,22.165],[81.019,22.184],[81.033,22.197],[81.023,22.214],[81.027,22.229],[81.056,22.244],[81.092,22.246],[81.104,22.277],[81.121,22.294],[81.116,22.329],[81.123,22.344],[81.108,22.383],[81.112,22.432],[81.117,22.441],[81.155,22.455],[81.178,22.487],[81.2,22.482],[81.201,22.462],[81.231,22.451],[81.263,22.472],[81.268,22.493],[81.287,22.498],[81.311,22.481],[81.323,22.489],[81.322,22.515],[81.33,22.524],[81.386,22.505],[81.396,22.445],[81.421,22.448],[81.425,22.473],[81.454,22.496],[81.487,22.493],[81.501,22.519],[81.523,22.536],[81.564,22.532],[81.57,22.551],[81.616,22.536],[81.629,22.544],[81.657,22.576],[81.647,22.586],[81.649,22.607],[81.686,22.649],[81.706,22.646],[81.721,22.655],[81.73,22.676],[81.744,22.669],[81.756,22.646],[81.773,22.676],[81.754,22.726],[81.792,22.766],[81.783,22.8],[81.768,22.834],[81.777,22.851],[81.777,22.873],[81.839,22.882],[81.869,22.893],[81.882,22.913],[81.921,22.948],[81.948,22.957],[81.945,23.009],[81.926,23.04],[81.946,23.077],[81.987,23.085],[82.01,23.078],[82.036,23.081],[82.069,23.115],[82.123,23.103],[82.136,23.112],[82.14,23.131],[82.159,23.141],[82.159,23.16],[82.145,23.164],[82.15,23.227],[82.174,23.261],[82.197,23.284],[82.195,23.321],[82.168,23.331],[82.145,23.361],[82.122,23.353],[82.112,23.362],[82.106,23.397],[82.062,23.389],[82.057,23.378],[82.031,23.383],[82.022,23.392],[82.031,23.409],[82.007,23.412],[81.978,23.423],[81.979,23.446],[81.958,23.465],[81.957,23.496],[81.942,23.504],[81.924,23.531],[81.912,23.534],[81.887,23.517],[81.835,23.51],[81.818,23.521],[81.805,23.547],[81.764,23.551],[81.756,23.564],[81.737,23.564],[81.714,23.532],[81.701,23.522],[81.662,23.53],[81.655,23.501],[81.639,23.49],[81.613,23.509],[81.61,23.552],[81.585,23.553],[81.577,23.587],[81.61,23.598],[81.621,23.659],[81.651,23.659],[81.657,23.682],[81.681,23.692],[81.695,23.72],[81.68,23.738],[81.677,23.756],[81.647,23.769],[81.65,23.803],[81.633,23.834],[81.617,23.834],[81.606,23.852],[81.623,23.871],[81.608,23.881],[81.615,23.901],[81.637,23.906],[81.669,23.924],[81.687,23.906],[81.69,23.888],[81.705,23.884],[81.71,23.861],[81.729,23.859],[81.735,23.839],[81.78,23.812],[81.819,23.808],[81.839,23.82],[81.861,23.823],[81.87,23.833],[81.902,23.842],[81.924,23.871],[81.958,23.851],[81.97,23.855],[82.008,23.861],[82.043,23.841],[82.053,23.819],[82.086,23.816],[82.125,23.822],[82.142,23.817],[82.177,23.823],[82.18,23.836],[82.212,23.852],[82.207,23.83],[82.239,23.806],[82.263,23.821],[82.305,23.807],[82.355,23.802],[82.376,23.81],[82.396,23.8],[82.457,23.81],[82.471,23.81],[82.493,23.787],[82.524,23.783],[82.552,23.793],[82.547,23.811],[82.556,23.826],[82.594,23.822],[82.614,23.835],[82.637,23.838],[82.648,23.857],[82.668,23.869],[82.654,23.888],[82.662,23.905],[82.69,23.911],[82.71,23.924],[82.756,23.921],[82.762,23.935],[82.783,23.937],[82.805,23.96],[82.816,23.962]],[[79.4,25.031],[79.362,25.049],[79.378,25.069],[79.378,25.102],[79.357,25.109],[79.367,25.129],[79.381,25.121],[79.392,25.083],[79.424,25.057],[79.424,25.045],[79.4,25.031]]]},"properties":{"ST_NM":"Madhya Pradesh"}},
{"type":"Feature","geometry":{"type":"Polygon","coordinates":[[[80.663,21.331],[80.625,21.32],[80.6,21.325],[80.588,21.342],[80.568,21.344],[80.571,21.358],[80.544,21.37],[80.526,21.39],[80.482,21.395],[80.455,21.403],[80.45,21.374],[80.44,21.372],[80.406,21.381],[80.396,21.408],[80.418,21.438],[80.408,21.466],[80.382,21.491],[80.377,21.521],[80.345,21.539],[80.327,21.573],[80.302,21.575],[80.267,21.62],[80.227,21.619],[80.211,21.633],[80.195,21.634],[80.151,21.605],[80.125,21.609],[80.116,21.593],[80.101,21.586],[80.07,21.554],[80.033,21.556],[80,21.534],[79.978,21.555],[79.934,21.553],[79.922,21.524],[79.896,21.523],[79.863,21.53],[79.831,21.546],[79.825,21.558],[79.798,21.581],[79.739,21.602],[79.72,21.59],[79.7,21.59],[79.691,21.58],[79.664,21.577],[79.657,21.558],[79.615,21.555],[79.582,21.543],[79.543,21.543],[79.546,21.564],[79.512,21.589],[79.504,21.611],[79.519,21.626],[79.495,21.673],[79.465,21.686],[79.447,21.681],[79.417,21.69],[79.401,21.674],[79.291,21.693],[79.263,21.716],[79.241,21.714],[79.228,21.699],[79.224,21.68],[79.234,21.67],[79.222,21.649],[79.154,21.659],[79.147,21.638],[79.133,21.627],[79.105,21.618],[79.11,21.608],[79.037,21.604],[79.015,21.6],[79,21.617],[78.98,21.616],[78.946,21.592],[78.919,21.591],[78.918,21.562],[78.929,21.523],[78.942,21.518],[78.937,21.486],[78.901,21.499],[78.891,21.484],[78.857,21.494],[78.85,21.489],[78.79,21.488],[78.777,21.466],[78.766,21.488],[78.752,21.493],[78.744,21.472],[78.729,21.463],[78.689,21.481],[78.664,21.477],[78.643,21.483],[78.626,21.476],[78.61,21.487],[78.59,21.485],[78.565,21.513],[78.542,21.523],[78.514,21.527],[78.485,21.505],[78.443,21.502],[78.427,21.562],[78.418,21.576],[78.427,21.6],[78.409,21.608],[78.376,21.613],[78.382,21.594],[78.366,21.577],[78.342,21.589],[78.323,21.574],[78.276,21.591],[78.274,21.569],[78.243,21.564],[78.22,21.552],[78.185,21.557],[78.176,21.527],[78.182,21.513],[78.174,21.497],[78.068,21.437],[78.048,21.433],[78.024,21.419],[78.004,21.414],[77.984,21.401],[77.945,21.397],[77.943,21.385],[77.903,21.377],[77.867,21.386],[77.822,21.407],[77.803,21.41],[77.797,21.389],[77.75,21.382],[77.742,21.365],[77.709,21.357],[77.708,21.376],[77.674,21.371],[77.666,21.386],[77.65,21.391],[77.604,21.387],[77.605,21.363],[77.566,21.371],[77.562,21.396],[77.531,21.419],[77.514,21.375],[77.49,21.376],[77.485,21.414],[77.473,21.435],[77.473,21.455],[77.442,21.471],[77.443,21.487],[77.424,21.514],[77.427,21.54],[77.445,21.542],[77.461,21.554],[77.508,21.552],[77.533,21.539],[77.571,21.528],[77.593,21.528],[77.611,21.541],[77.594,21.559],[77.575,21.56],[77.576,21.585],[77.562,21.666],[77.546,21.699],[77.5,21.747],[77.479,21.755],[77.475,21.769],[77.453,21.761],[77.404,21.754],[77.341,21.759],[77.325,21.755],[77.28,21.757],[77.29,21.734],[77.27,21.727],[77.261,21.713],[77.228,21.715],[77.225,21.698],[77.21,21.692],[77.187,21.702],[77.191,21.72],[77.15,21.712],[77.124,21.723],[77.097,21.717],[77.072,21.719],[77.062,21.707],[77,21.679],[76.894,21.598],[76.854,21.613],[76.836,21.591],[76.798,21.595],[76.782,21.56],[76.788,21.533],[76.765,21.52],[76.794,21.488],[76.786,21.464],[76.745,21.441],[76.734,21.407],[76.67,21.367],[76.63,21.338],[76.628,21.328],[76.663,21.28],[76.66,21.246],[76.644,21.246],[76.633,21.227],[76.633,21.203],[76.625,21.191],[76.561,21.204],[76.531,21.187],[76.492,21.196],[76.484,21.186],[76.476,21.15],[76.459,21.136],[76.454,21.113],[76.435,21.105],[76.413,21.105],[76.411,21.092],[76.377,21.075],[76.362,21.078],[76.283,21.073],[76.27,21.091],[76.184,21.088],[76.169,21.103],[76.136,21.124],[76.14,21.138],[76.114,21.163],[76.128,21.176],[76.167,21.169],[76.165,21.222],[76.146,21.231],[76.16,21.257],[76.146,21.286],[76.13,21.295],[76.107,21.358],[76.099,21.372],[76.053,21.35],[76.035,21.363],[75.985,21.375],[75.969,21.392],[75.917,21.388],[75.888,21.397],[75.863,21.385],[75.833,21.381],[75.801,21.388],[75.759,21.383],[75.744,21.391],[75.706,21.389],[75.673,21.378],[75.629,21.379],[75.619,21.391],[75.591,21.389],[75.58,21.378],[75.547,21.37],[75.524,21.385],[75.467,21.392],[75.383,21.383],[75.36,21.401],[75.352,21.391],[75.302,21.393],[75.3,21.413],[75.252,21.404],[75.231,21.414],[75.218,21.409],[75.186,21.425],[75.128,21.447],[75.105,21.467],[75.088,21.512],[75.056,21.563],[75.016,21.57],[75.011,21.579],[74.981,21.593],[74.912,21.614],[74.899,21.628],[74.862,21.632],[74.831,21.609],[74.797,21.608],[74.711,21.624],[74.668,21.648],[74.606,21.661],[74.589,21.662],[74.578,21.683],[74.557,21.679],[74.557,21.701],[74.546,21.718],[74.522,21.716],[74.508,21.725],[74.514,21.761],[74.505,21.774],[74.5,21.805],[74.508,21.819],[74.514,21.884],[74.524,21.907],[74.512,21.932],[74.49,21.953],[74.469,21.964],[74.448,21.966],[74.44,21.981],[74.441,22.014],[74.432,22.029],[74.385,22.018],[74.375,22],[74.343,21.974],[74.298,21.965],[74.287,21.934],[74.2,21.924],[74.184,21.927],[74.168,21.943],[74.142,21.952],[74.042,21.921],[74.018,21.904],[73.975,21.886],[73.917,21.855],[73.894,21.853],[73.874,21.837],[73.836,21.837],[73.805,21.822],[73.822,21.811],[73.837,21.771],[73.826,21.762],[73.841,21.741],[73.885,21.709],[73.891,21.699],[73.893,21.666],[73.88,21.644],[73.855,21.641],[73.84,21.632],[73.823,21.639],[73.794,21.634],[73.782,21.624],[73.801,21.601],[73.819,21.597],[73.828,21.552],[73.844,21.51],[73.855,21.495],[73.932,21.519],[73.934,21.509],[73.969,21.523],[73.978,21.541],[74,21.539],[74.02,21.551],[74.042,21.548],[74.064,21.558],[74.129,21.556],[74.15,21.55],[74.176,21.56],[74.201,21.528],[74.236,21.548],[74.251,21.535],[74.268,21.535],[74.288,21.557],[74.309,21.558],[74.311,21.543],[74.331,21.539],[74.323,21.494],[74.302,21.478],[74.268,21.474],[74.259,21.464],[74.218,21.457],[74.181,21.466],[74.156,21.452],[74.136,21.461],[74.116,21.448],[74.075,21.456],[74.065,21.478],[74.052,21.454],[74.042,21.417],[74.004,21.412],[73.976,21.396],[73.956,21.392],[73.95,21.373],[73.951,21.343],[73.943,21.296],[73.928,21.284],[73.886,21.261],[73.852,21.269],[73.826,21.266],[73.83,21.241],[73.814,21.221],[73.816,21.171],[73.79,21.181],[73.773,21.164],[73.735,21.166],[73.741,21.151],[73.73,21.137],[73.707,21.15],[73.674,21.151],[73.629,21.132],[73.63,21.152],[73.613,21.157],[73.6,21.178],[73.581,21.167],[73.582,21.153],[73.604,21.154],[73.622,21.119],[73.651,21.12],[73.687,21.1],[73.702,21.112],[73.729,21.102],[73.737,21.081],[73.764,21.067],[73.792,21.067],[73.812,21.06],[73.796,21.045],[73.814,21.025],[73.847,20.998],[73.873,20.986],[73.9,20.982],[73.89,20.932],[73.911,20.914],[73.925,20.885],[73.925,20.847],[73.939,20.839],[73.934,20.808],[73.934,20.768],[73.943,20.741],[73.915,20.723],[73.882,20.73],[73.871,20.72],[73.857,20.693],[73.836,20.701],[73.816,20.693],[73.819,20.673],[73.835,20.674],[73.84,20.656],[73.84,20.623],[73.799,20.601],[73.78,20.602],[73.741,20.567],[73.73,20.573],[73.694,20.578],[73.658,20.562],[73.629,20.579],[73.615,20.625],[73.584,20.645],[73.555,20.647],[73.537,20.669],[73.523,20.673],[73.49,20.653],[73.479,20.675],[73.489,20.686],[73.475,20.717],[73.451,20.714],[73.448,20.693],[73.432,20.665],[73.395,20.652],[73.394,20.642],[73.419,20.624],[73.432,20.595],[73.473,20.583],[73.478,20.564],[73.474,20.543],[73.493,20.54],[73.464,20.514],[73.468,20.495],[73.441,20.466],[73.414,20.414],[73.389,20.399],[73.383,20.373],[73.406,20.381],[73.417,20.337],[73.417,20.321],[73.428,20.282],[73.416,20.277],[73.412,20.257],[73.418,20.201],[73.367,20.195],[73.302,20.207],[73.286,20.196],[73.284,20.154],[73.259,20.139],[73.253,20.128],[73.227,20.13],[73.207,20.122],[73.209,20.098],[73.188,20.078],[73.189,20.062],[73.171,20.052],[73.153,20.073],[73.107,20.079],[73.088,20.094],[73.048,20.097],[73.049,20.068],[73.021,20.085],[72.994,20.118],[72.975,20.114],[72.962,20.131],[72.975,20.158],[72.965,20.18],[72.96,20.213],[72.918,20.224],[72.873,20.227],[72.861,20.209],[72.839,20.209],[72.822,20.184],[72.817,20.157],[72.791,20.149],[72.776,20.131],[72.729,20.137],[72.721,20.103],[72.704,20.081],[72.711,20.047],[72.724,20.038],[72.715,20.016],[72.72,19.979],[72.741,19.973],[72.76,19.981],[72.768,19.967],[72.77,19.939],[72.75,19.912],[72.735,19.91],[72.72,19.943],[72.699,19.962],[72.684,19.96],[72.669,19.943],[72.651,19.936],[72.663,19.918],[72.673,19.873],[72.667,19.864],[72.645,19.863],[72.644,19.839],[72.665,19.822],[72.686,19.793],[72.687,19.774],[72.671,19.762],[72.678,19.746],[72.676,19.714],[72.696,19.717],[72.714,19.687],[72.698,19.68],[72.695,19.657],[72.705,19.63],[72.72,19.619],[72.71,19.553],[72.728,19.52],[72.73,19.5],[72.749,19.486],[72.746,19.464],[72.753,19.432],[72.758,19.374],[72.8,19.33],[72.794,19.304],[72.784,19.3],[72.779,19.216],[72.794,19.191],[72.787,19.148],[72.818,19.123],[72.822,19.075],[72.808,18.98],[72.788,18.945],[72.81,18.951],[72.821,18.933],[72.806,18.909],[72.811,18.894],[72.865,18.804],[72.86,18.774],[72.866,18.757],[72.853,18.693],[72.863,18.672],[72.862,18.639],[72.868,18.62],[72.89,18.602],[72.908,18.579],[72.921,18.548],[72.907,18.536],[72.91,18.501],[72.903,18.496],[72.9,18.467],[72.892,18.459],[72.905,18.432],[72.912,18.392],[72.927,18.375],[72.913,18.361],[72.954,18.332],[72.962,18.316],[72.947,18.285],[72.933,18.281],[72.94,18.232],[72.976,18.199],[72.986,18.158],[72.985,18.142],[72.971,18.129],[73.002,18.074],[72.992,18.05],[73.012,18.046],[73.018,18.03],[73.008,18.014],[73.028,17.987],[73.034,17.936],[73.055,17.918],[73.056,17.893],[73.076,17.878],[73.092,17.839],[73.098,17.808],[73.109,17.79],[73.138,17.719],[73.139,17.709],[73.117,17.692],[73.131,17.643],[73.145,17.604],[73.16,17.591],[73.143,17.566],[73.145,17.549],[73.184,17.508],[73.195,17.464],[73.187,17.411],[73.171,17.399],[73.188,17.384],[73.206,17.387],[73.219,17.371],[73.222,17.345],[73.242,17.32],[73.232,17.298],[73.206,17.302],[73.202,17.293],[73.22,17.275],[73.238,17.229],[73.249,17.22],[73.249,17.2],[73.269,17.146],[73.271,17.114],[73.282,17.111],[73.293,17.08],[73.294,17.056],[73.28,17.04],[73.258,17.046],[73.259,17.024],[73.282,17.014],[73.283,16.991],[73.295,16.975],[73.285,16.948],[73.29,16.926],[73.282,16.893],[73.294,16.885],[73.293,16.834],[73.318,16.797],[73.304,16.763],[73.304,16.743],[73.327,16.675],[73.332,16.648],[73.325,16.639],[73.353,16.621],[73.344,16.602],[73.32,16.599],[73.326,16.583],[73.344,16.575],[73.341,16.561],[73.325,16.555],[73.315,16.539],[73.327,16.51],[73.334,16.479],[73.344,16.475],[73.37,16.394],[73.373,16.363],[73.392,16.356],[73.388,16.333],[73.394,16.31],[73.406,16.295],[73.42,16.253],[73.432,16.201],[73.442,16.196],[73.451,16.147],[73.471,16.13],[73.474,16.096],[73.468,16.068],[73.459,16.057],[73.487,16.038],[73.495,16.005],[73.488,15.975],[73.512,15.939],[73.539,15.937],[73.59,15.91],[73.616,15.867],[73.629,15.856],[73.646,15.811],[73.656,15.798],[73.666,15.765],[73.66,15.745],[73.676,15.728],[73.732,15.721],[73.74,15.733],[73.767,15.733],[73.777,15.725],[73.812,15.742],[73.824,15.74],[73.83,15.763],[73.857,15.8],[73.878,15.772],[73.872,15.755],[73.9,15.744],[73.937,15.744],[73.951,15.713],[73.949,15.699],[73.963,15.689],[73.968,15.662],[73.961,15.646],[73.968,15.631],[73.995,15.611],[74.02,15.607],[74.032,15.623],[74.073,15.628],[74.119,15.652],[74.091,15.668],[74.126,15.681],[74.134,15.703],[74.128,15.724],[74.153,15.736],[74.161,15.751],[74.19,15.752],[74.204,15.761],[74.211,15.781],[74.234,15.783],[74.228,15.762],[74.237,15.747],[74.267,15.755],[74.286,15.741],[74.318,15.759],[74.323,15.773],[74.345,15.766],[74.359,15.776],[74.369,15.799],[74.363,15.814],[74.381,15.849],[74.348,15.85],[74.347,15.861],[74.364,15.878],[74.393,15.876],[74.386,15.903],[74.429,15.953],[74.444,15.985],[74.444,16.001],[74.458,16.025],[74.462,16.049],[74.435,16.059],[74.41,16.053],[74.384,16.037],[74.365,16.062],[74.398,16.093],[74.429,16.113],[74.459,16.104],[74.483,16.089],[74.491,16.114],[74.485,16.144],[74.492,16.183],[74.507,16.19],[74.498,16.213],[74.503,16.225],[74.478,16.249],[74.416,16.259],[74.415,16.282],[74.385,16.277],[74.374,16.295],[74.356,16.289],[74.331,16.268],[74.322,16.281],[74.342,16.293],[74.328,16.342],[74.317,16.355],[74.329,16.39],[74.339,16.391],[74.345,16.368],[74.362,16.393],[74.358,16.405],[74.336,16.402],[74.332,16.454],[74.315,16.452],[74.288,16.476],[74.293,16.504],[74.282,16.505],[74.262,16.478],[74.256,16.501],[74.28,16.508],[74.27,16.522],[74.27,16.546],[74.3,16.531],[74.326,16.555],[74.379,16.529],[74.389,16.537],[74.389,16.561],[74.397,16.58],[74.423,16.584],[74.427,16.596],[74.467,16.606],[74.459,16.655],[74.471,16.662],[74.49,16.629],[74.546,16.635],[74.544,16.594],[74.56,16.592],[74.554,16.561],[74.569,16.554],[74.612,16.57],[74.635,16.584],[74.636,16.606],[74.659,16.603],[74.689,16.617],[74.655,16.639],[74.667,16.665],[74.691,16.677],[74.693,16.717],[74.732,16.717],[74.774,16.75],[74.846,16.762],[74.851,16.772],[74.92,16.772],[74.912,16.787],[74.908,16.857],[74.945,16.882],[74.96,16.879],[74.963,16.907],[74.949,16.908],[74.923,16.927],[74.934,16.942],[74.951,16.931],[74.963,16.937],[74.982,16.93],[75,16.947],[75.045,16.94],[75.091,16.949],[75.091,16.923],[75.104,16.911],[75.135,16.894],[75.138,16.875],[75.169,16.866],[75.19,16.871],[75.18,16.844],[75.227,16.843],[75.238,16.865],[75.266,16.863],[75.28,16.876],[75.289,16.903],[75.283,16.911],[75.282,16.955],[75.343,16.954],[75.369,16.97],[75.392,16.978],[75.429,16.965],[75.442,16.981],[75.466,16.987],[75.488,16.967],[75.491,16.947],[75.515,16.954],[75.528,16.968],[75.569,16.965],[75.568,17.008],[75.608,17.005],[75.609,16.971],[75.635,16.968],[75.644,16.953],[75.677,16.966],[75.667,16.985],[75.671,17.037],[75.653,17.032],[75.646,17.048],[75.68,17.073],[75.673,17.115],[75.652,17.115],[75.651,17.134],[75.63,17.162],[75.629,17.188],[75.663,17.215],[75.656,17.272],[75.631,17.274],[75.623,17.295],[75.604,17.305],[75.614,17.33],[75.612,17.344],[75.582,17.353],[75.577,17.384],[75.614,17.393],[75.614,17.423],[75.624,17.459],[75.634,17.479],[75.661,17.461],[75.679,17.455],[75.679,17.438],[75.69,17.414],[75.707,17.41],[75.736,17.423],[75.769,17.408],[75.781,17.38],[75.81,17.371],[75.821,17.421],[75.838,17.422],[75.855,17.409],[75.858,17.39],[75.894,17.407],[75.893,17.355],[75.91,17.347],[75.931,17.326],[75.971,17.338],[76,17.339],[76.015,17.352],[76.063,17.354],[76.079,17.332],[76.102,17.364],[76.121,17.368],[76.163,17.343],[76.164,17.302],[76.179,17.316],[76.173,17.35],[76.183,17.358],[76.229,17.365],[76.271,17.358],[76.276,17.332],[76.318,17.331],[76.314,17.345],[76.344,17.352],[76.353,17.313],[76.383,17.314],[76.394,17.338],[76.412,17.35],[76.409,17.371],[76.363,17.377],[76.374,17.436],[76.334,17.434],[76.332,17.471],[76.351,17.474],[76.347,17.513],[76.367,17.518],[76.362,17.538],[76.341,17.544],[76.332,17.596],[76.417,17.606],[76.43,17.646],[76.453,17.657],[76.49,17.662],[76.486,17.671],[76.487,17.715],[76.525,17.717],[76.525,17.76],[76.561,17.765],[76.569,17.741],[76.571,17.705],[76.588,17.71],[76.6,17.73],[76.605,17.757],[76.628,17.758],[76.632,17.731],[76.652,17.723],[76.665,17.69],[76.692,17.682],[76.694,17.707],[76.72,17.75],[76.721,17.787],[76.741,17.781],[76.765,17.789],[76.778,17.801],[76.79,17.828],[76.768,17.852],[76.739,17.859],[76.742,17.9],[76.768,17.9],[76.776,17.879],[76.805,17.87],[76.81,17.885],[76.856,17.9],[76.883,17.895],[76.902,17.916],[76.919,17.917],[76.915,17.939],[76.922,17.987],[76.92,18.035],[76.954,18.039],[76.952,18.084],[76.971,18.099],[76.956,18.112],[76.925,18.118],[76.946,18.156],[76.956,18.186],[76.994,18.188],[77,18.168],[77.026,18.164],[77.035,18.185],[77.052,18.175],[77.06,18.154],[77.111,18.154],[77.119,18.169],[77.098,18.197],[77.124,18.208],[77.142,18.209],[77.16,18.255],[77.181,18.283],[77.209,18.279],[77.198,18.314],[77.213,18.315],[77.23,18.346],[77.236,18.388],[77.243,18.41],[77.316,18.441],[77.329,18.457],[77.345,18.432],[77.367,18.431],[77.373,18.402],[77.404,18.399],[77.411,18.38],[77.395,18.368],[77.396,18.342],[77.37,18.324],[77.366,18.31],[77.411,18.301],[77.44,18.308],[77.44,18.284],[77.469,18.262],[77.496,18.268],[77.516,18.284],[77.512,18.304],[77.523,18.309],[77.554,18.293],[77.574,18.31],[77.557,18.333],[77.531,18.341],[77.525,18.366],[77.553,18.389],[77.559,18.42],[77.529,18.429],[77.532,18.442],[77.564,18.437],[77.586,18.445],[77.574,18.468],[77.58,18.485],[77.605,18.476],[77.606,18.493],[77.59,18.505],[77.601,18.549],[77.644,18.556],[77.661,18.529],[77.716,18.556],[77.732,18.553],[77.751,18.591],[77.747,18.623],[77.734,18.644],[77.737,18.677],[77.753,18.691],[77.79,18.696],[77.806,18.718],[77.807,18.731],[77.827,18.77],[77.841,18.809],[77.912,18.831],[77.947,18.824],[77.948,18.844],[77.929,18.861],[77.903,18.869],[77.886,18.91],[77.861,18.907],[77.844,18.913],[77.858,18.954],[77.817,18.951],[77.821,18.984],[77.771,18.983],[77.768,19.021],[77.761,19.03],[77.765,19.063],[77.801,19.052],[77.797,19.072],[77.804,19.1],[77.819,19.105],[77.832,19.086],[77.846,19.088],[77.849,19.115],[77.838,19.134],[77.853,19.156],[77.857,19.178],[77.848,19.189],[77.872,19.247],[77.905,19.278],[77.866,19.285],[77.865,19.303],[77.916,19.319],[77.93,19.333],[77.953,19.342],[77.99,19.31],[78.016,19.302],[78.031,19.28],[78.05,19.272],[78.052,19.249],[78.062,19.241],[78.087,19.256],[78.104,19.247],[78.131,19.248],[78.154,19.231],[78.188,19.243],[78.188,19.28],[78.198,19.304],[78.202,19.333],[78.184,19.354],[78.192,19.397],[78.229,19.435],[78.257,19.431],[78.278,19.455],[78.302,19.45],[78.314,19.457],[78.315,19.487],[78.304,19.505],[78.301,19.559],[78.316,19.573],[78.316,19.605],[78.292,19.655],[78.274,19.664],[78.29,19.69],[78.321,19.691],[78.327,19.704],[78.35,19.714],[78.35,19.735],[78.365,19.755],[78.372,19.782],[78.365,19.806],[78.344,19.814],[78.344,19.84],[78.299,19.85],[78.315,19.913],[78.341,19.884],[78.389,19.88],[78.391,19.853],[78.402,19.837],[78.433,19.824],[78.481,19.817],[78.499,19.794],[78.531,19.822],[78.59,19.812],[78.609,19.818],[78.624,19.81],[78.707,19.786],[78.722,19.768],[78.744,19.78],[78.79,19.78],[78.813,19.759],[78.851,19.759],[78.862,19.732],[78.869,19.698],[78.864,19.658],[78.896,19.657],[78.921,19.669],[78.949,19.666],[78.975,19.651],[78.968,19.619],[78.984,19.592],[78.983,19.581],[78.96,19.564],[78.984,19.552],[78.998,19.564],[79.024,19.542],[79.057,19.547],[79.069,19.533],[79.109,19.53],[79.111,19.514],[79.146,19.503],[79.175,19.47],[79.195,19.461],[79.225,19.466],[79.215,19.487],[79.222,19.512],[79.243,19.529],[79.246,19.561],[79.256,19.579],[79.243,19.611],[79.261,19.613],[79.311,19.592],[79.32,19.567],[79.347,19.576],[79.375,19.573],[79.377,19.564],[79.42,19.536],[79.447,19.536],[79.464,19.521],[79.477,19.5],[79.52,19.52],[79.521,19.544],[79.549,19.551],[79.554,19.528],[79.572,19.513],[79.598,19.504],[79.607,19.51],[79.614,19.542],[79.628,19.567],[79.646,19.577],[79.684,19.579],[79.719,19.586],[79.747,19.605],[79.784,19.6],[79.8,19.583],[79.823,19.571],[79.835,19.54],[79.885,19.503],[79.918,19.495],[79.952,19.462],[79.952,19.444],[79.98,19.404],[79.971,19.354],[79.964,19.338],[79.969,19.301],[79.952,19.287],[79.927,19.23],[79.929,19.207],[79.949,19.179],[79.913,19.145],[79.878,19.126],[79.865,19.107],[79.868,19.063],[79.864,19.046],[79.878,19.039],[79.898,19.049],[79.933,19.046],[79.941,19.025],[79.938,18.978],[79.948,18.941],[79.946,18.863],[79.932,18.841],[79.901,18.835],[79.923,18.801],[79.939,18.788],[80.019,18.771],[80.026,18.755],[80.04,18.751],[80.053,18.725],[80.089,18.707],[80.114,18.682],[80.165,18.7],[80.175,18.684],[80.196,18.68],[80.209,18.702],[80.254,18.706],[80.275,18.722],[80.248,18.753],[80.262,18.77],[80.279,18.767],[80.307,18.798],[80.326,18.8],[80.354,18.815],[80.356,18.828],[80.343,18.86],[80.299,18.912],[80.278,18.929],[80.271,18.945],[80.275,18.991],[80.302,19.033],[80.296,19.05],[80.323,19.069],[80.327,19.092],[80.339,19.105],[80.328,19.128],[80.332,19.145],[80.353,19.167],[80.388,19.185],[80.393,19.199],[80.384,19.221],[80.396,19.247],[80.426,19.254],[80.453,19.274],[80.478,19.333],[80.488,19.341],[80.521,19.352],[80.539,19.378],[80.567,19.401],[80.58,19.402],[80.591,19.381],[80.593,19.357],[80.611,19.316],[80.625,19.309],[80.672,19.33],[80.693,19.317],[80.691,19.291],[80.708,19.286],[80.757,19.291],[80.774,19.312],[80.846,19.359],[80.85,19.37],[80.82,19.387],[80.816,19.401],[80.795,19.431],[80.842,19.446],[80.875,19.447],[80.899,19.47],[80.897,19.503],[80.886,19.523],[80.86,19.528],[80.848,19.537],[80.841,19.56],[80.827,19.569],[80.792,19.564],[80.774,19.572],[80.772,19.588],[80.728,19.612],[80.669,19.612],[80.663,19.629],[80.673,19.696],[80.641,19.722],[80.589,19.741],[80.578,19.758],[80.547,19.778],[80.551,19.814],[80.525,19.832],[80.483,19.831],[80.467,19.814],[80.482,19.806],[80.49,19.784],[80.459,19.796],[80.425,19.8],[80.407,19.796],[80.405,19.819],[80.439,19.813],[80.467,19.831],[80.482,19.86],[80.505,19.872],[80.497,19.896],[80.468,19.906],[80.451,19.896],[80.41,19.912],[80.413,19.935],[80.432,19.94],[80.451,19.955],[80.471,19.949],[80.477,19.936],[80.509,19.927],[80.527,19.934],[80.539,19.97],[80.551,19.984],[80.54,20.007],[80.553,20.068],[80.542,20.088],[80.547,20.112],[80.531,20.127],[80.458,20.147],[80.451,20.133],[80.434,20.133],[80.401,20.146],[80.391,20.161],[80.401,20.184],[80.42,20.19],[80.419,20.204],[80.405,20.215],[80.39,20.244],[80.427,20.254],[80.463,20.271],[80.501,20.277],[80.518,20.272],[80.549,20.309],[80.624,20.328],[80.609,20.379],[80.593,20.394],[80.597,20.415],[80.61,20.435],[80.602,20.448],[80.61,20.464],[80.617,20.534],[80.617,20.558],[80.627,20.569],[80.62,20.592],[80.629,20.606],[80.586,20.616],[80.526,20.586],[80.507,20.588],[80.488,20.619],[80.497,20.641],[80.526,20.663],[80.585,20.68],[80.582,20.7],[80.567,20.713],[80.561,20.749],[80.552,20.767],[80.55,20.793],[80.563,20.821],[80.557,20.847],[80.557,20.89],[80.542,20.932],[80.466,20.929],[80.446,20.973],[80.445,20.993],[80.431,21.01],[80.452,21.032],[80.455,21.05],[80.442,21.1],[80.464,21.173],[80.482,21.172],[80.516,21.184],[80.528,21.204],[80.542,21.2],[80.568,21.207],[80.579,21.218],[80.61,21.228],[80.646,21.256],[80.662,21.29],[80.68,21.299],[80.68,21.312],[80.663,21.331]],[[77.301,18.477],[77.294,18.458],[77.268,18.453],[77.275,18.475],[77.301,18.477]],[[74.309,15.799],[74.287,15.788],[74.265,15.797],[74.266,15.821],[74.29,15.831],[74.309,15.799]]]},"properties":{"ST_NM":"Maharashtra"}},
{"type":"Feature","geometry":{"type":"Polygon","coordinates":[[[94.681,25.453],[94.657,25.451],[94.624,25.463],[94.556,25.507],[94.562,25.533],[94.554,25.58],[94.583,25.628],[94.575,25.639],[94.596,25.681],[94.572,25.692],[94.564,25.675],[94.538,25.645],[94.513,25.625],[94.49,25.614],[94.473,25.616],[94.443,25.59],[94.429,25.587],[94.421,25.57],[94.424,25.547],[94.364,25.516],[94.302,25.489],[94.286,25.506],[94.273,25.497],[94.222,25.491],[94.19,25.525],[94.191,25.546],[94.152,25.543],[94.138,25.519],[94.091,25.528],[94.085,25.555],[94.069,25.554],[94.01,25.591],[94.012,25.57],[93.98,25.566],[93.965,25.552],[93.943,25.559],[93.891,25.564],[93.862,25.553],[93.836,25.559],[93.819,25.54],[93.779,25.534],[93.764,25.511],[93.765,25.495],[93.788,25.502],[93.813,25.48],[93.808,25.461],[93.78,25.42],[93.746,25.401],[93.739,25.38],[93.723,25.371],[93.711,25.354],[93.692,25.357],[93.687,25.327],[93.643,25.262],[93.637,25.246],[93.607,25.198],[93.574,25.223],[93.563,25.242],[93.541,25.241],[93.504,25.249],[93.51,25.272],[93.476,25.275],[93.474,25.305],[93.403,25.259],[93.387,25.228],[93.353,25.178],[93.351,25.141],[93.335,25.092],[93.323,25.088],[93.296,25.044],[93.267,25.045],[93.248,25.015],[93.246,25.001],[93.263,24.963],[93.259,24.948],[93.244,24.94],[93.253,24.915],[93.233,24.895],[93.228,24.874],[93.201,24.847],[93.191,24.819],[93.192,24.803],[93.157,24.789],[93.131,24.803],[93.112,24.799],[93.097,24.728],[93.088,24.706],[93.098,24.663],[93.084,24.644],[93.086,24.608],[93.075,24.593],[93.096,24.579],[93.052,24.541],[93.052,24.516],[93.035,24.494],[93.048,24.472],[93.037,24.458],[93.031,24.426],[93.038,24.408],[93,24.4],[93.023,24.387],[93.021,24.344],[93.042,24.34],[93.034,24.315],[93.007,24.277],[93.006,24.251],[93.023,24.214],[93.004,24.157],[92.992,24.15],[92.985,24.126],[93,24.112],[93.052,24.087],[93.078,24.1],[93.101,24.071],[93.1,24.053],[93.128,24.061],[93.147,24.085],[93.168,24.068],[93.174,24.05],[93.215,24.046],[93.225,24.083],[93.247,24.082],[93.262,24.069],[93.251,24.03],[93.272,24.03],[93.287,24.048],[93.336,24.05],[93.34,24.064],[93.332,24.086],[93.352,24.094],[93.414,24.075],[93.431,24.058],[93.442,24.024],[93.465,23.995],[93.47,23.966],[93.513,23.943],[93.529,23.956],[93.553,23.961],[93.567,23.984],[93.578,23.966],[93.607,23.969],[93.619,23.987],[93.614,24.006],[93.65,24.009],[93.738,23.994],[93.76,23.999],[93.771,23.977],[93.791,23.963],[93.806,23.928],[93.835,23.927],[93.864,23.933],[93.894,23.95],[93.919,23.951],[93.951,23.945],[93.967,23.928],[94.015,23.928],[94.041,23.912],[94.049,23.895],[94.093,23.888],[94.111,23.861],[94.12,23.837],[94.137,23.85],[94.159,23.847],[94.165,23.883],[94.167,23.923],[94.193,23.932],[94.192,23.959],[94.243,24.038],[94.244,24.056],[94.257,24.083],[94.255,24.137],[94.26,24.162],[94.281,24.174],[94.282,24.196],[94.293,24.234],[94.311,24.248],[94.325,24.286],[94.324,24.333],[94.349,24.336],[94.384,24.378],[94.363,24.393],[94.397,24.407],[94.405,24.425],[94.409,24.463],[94.401,24.481],[94.427,24.487],[94.463,24.569],[94.483,24.576],[94.518,24.61],[94.538,24.642],[94.548,24.668],[94.549,24.71],[94.589,24.704],[94.608,24.715],[94.615,24.737],[94.631,24.758],[94.623,24.778],[94.639,24.842],[94.655,24.867],[94.69,24.893],[94.704,24.927],[94.717,24.935],[94.7,24.961],[94.711,24.987],[94.724,24.994],[94.74,25.018],[94.749,25.056],[94.743,25.095],[94.744,25.13],[94.646,25.168],[94.629,25.184],[94.6,25.189],[94.584,25.209],[94.598,25.26],[94.597,25.283],[94.611,25.315],[94.634,25.353],[94.636,25.374],[94.648,25.4],[94.669,25.406],[94.676,25.42],[94.681,25.453]]]},"properties":{"ST_NM":"Manipur"}},
{"type":"Feature","geometry":{"type":"Polygon","coordinates":[[[92.425,25.03],[92.452,25.039],[92.466,25.055],[92.481,25.084],[92.485,25.106],[92.527,25.104],[92.525,25.138],[92.554,25.128],[92.582,25.13],[92.622,25.115],[92.644,25.149],[92.677,25.18],[92.747,25.205],[92.78,25.2],[92.803,25.219],[92.773,25.231],[92.765,25.247],[92.77,25.266],[92.793,25.284],[92.784,25.305],[92.785,25.33],[92.761,25.333],[92.737,25.371],[92.719,25.372],[92.701,25.385],[92.674,25.415],[92.661,25.408],[92.651,25.429],[92.608,25.416],[92.606,25.446],[92.599,25.469],[92.572,25.462],[92.569,25.478],[92.582,25.493],[92.622,25.513],[92.646,25.535],[92.661,25.583],[92.642,25.585],[92.631,25.568],[92.588,25.551],[92.562,25.572],[92.559,25.61],[92.499,25.625],[92.483,25.662],[92.467,25.68],[92.436,25.685],[92.429,25.708],[92.443,25.719],[92.418,25.738],[92.373,25.745],[92.34,25.725],[92.308,25.721],[92.272,25.709],[92.238,25.707],[92.226,25.712],[92.212,25.694],[92.171,25.665],[92.157,25.707],[92.167,25.743],[92.153,25.782],[92.155,25.811],[92.183,25.85],[92.183,25.87],[92.227,25.9],[92.224,25.91],[92.183,25.907],[92.162,25.914],[92.158,25.943],[92.168,25.963],[92.203,25.984],[92.258,26.027],[92.276,26.063],[92.243,26.061],[92.214,26.069],[92.191,26.065],[92.18,26.078],[92.153,26.063],[92.135,26.044],[92.095,26.047],[92.055,26.031],[92.038,26.038],[91.993,26.04],[91.98,26.024],[91.936,26.013],[91.928,25.998],[91.91,26.026],[91.886,26.029],[91.872,26.056],[91.878,26.096],[91.822,26.118],[91.793,26.086],[91.781,26.09],[91.762,26.07],[91.734,26.058],[91.726,26.029],[91.723,25.953],[91.672,25.904],[91.65,25.913],[91.614,25.939],[91.633,25.944],[91.64,25.964],[91.627,25.985],[91.635,26.021],[91.599,26.02],[91.573,26.026],[91.568,26.001],[91.554,25.974],[91.54,25.961],[91.521,25.957],[91.522,25.94],[91.504,25.92],[91.504,25.898],[91.486,25.89],[91.471,25.858],[91.444,25.841],[91.415,25.853],[91.351,25.84],[91.335,25.831],[91.309,25.796],[91.278,25.746],[91.258,25.747],[91.227,25.723],[91.191,25.738],[91.192,25.763],[91.183,25.776],[91.205,25.84],[91.156,25.849],[91.124,25.831],[91.07,25.825],[91.069,25.846],[91.052,25.848],[91.024,25.822],[91.005,25.825],[91.016,25.857],[91.03,25.866],[91.017,25.884],[90.988,25.889],[90.971,25.887],[90.961,25.933],[90.919,25.943],[90.922,25.913],[90.886,25.951],[90.873,25.942],[90.824,25.948],[90.801,25.941],[90.781,25.908],[90.744,25.915],[90.744,25.941],[90.717,25.952],[90.69,25.95],[90.679,25.936],[90.631,25.917],[90.633,25.937],[90.582,25.958],[90.575,25.939],[90.557,25.929],[90.529,25.901],[90.522,25.909],[90.536,25.932],[90.538,25.958],[90.51,25.996],[90.481,26.015],[90.461,25.999],[90.432,25.989],[90.4,26.014],[90.369,26.01],[90.334,25.988],[90.328,25.974],[90.291,25.964],[90.217,25.954],[90.198,25.957],[90.118,25.957],[90.096,25.929],[90.067,25.916],[90.046,25.891],[90.025,25.893],[90.009,25.879],[90.026,25.869],[90.012,25.847],[89.978,25.828],[89.949,25.825],[89.956,25.811],[89.959,25.775],[89.926,25.739],[89.9,25.744],[89.898,25.727],[89.941,25.687],[89.951,25.659],[90.008,25.624],[90.022,25.608],[90.006,25.584],[89.983,25.591],[89.977,25.575],[89.93,25.564],[89.89,25.558],[89.871,25.54],[89.87,25.524],[89.879,25.492],[89.856,25.477],[89.856,25.463],[89.837,25.434],[89.817,25.369],[89.832,25.33],[89.843,25.318],[89.838,25.295],[89.872,25.287],[89.911,25.307],[89.932,25.299],[89.975,25.3],[89.984,25.285],[90.012,25.271],[90.063,25.255],[90.075,25.243],[90.104,25.234],[90.115,25.224],[90.162,25.223],[90.191,25.216],[90.217,25.203],[90.236,25.203],[90.263,25.195],[90.278,25.197],[90.312,25.187],[90.335,25.191],[90.355,25.174],[90.38,25.161],[90.412,25.156],[90.447,25.143],[90.513,25.168],[90.6,25.173],[90.639,25.173],[90.654,25.185],[90.696,25.159],[90.724,25.164],[90.763,25.165],[90.778,25.182],[90.793,25.182],[90.822,25.163],[90.872,25.159],[90.895,25.166],[90.911,25.161],[91.067,25.192],[91.084,25.201],[91.138,25.192],[91.216,25.2],[91.255,25.197],[91.268,25.206],[91.293,25.193],[91.324,25.184],[91.348,25.172],[91.359,25.177],[91.379,25.167],[91.417,25.172],[91.435,25.155],[91.47,25.149],[91.474,25.136],[91.496,25.134],[91.511,25.145],[91.557,25.151],[91.583,25.17],[91.606,25.173],[91.608,25.143],[91.622,25.146],[91.645,25.124],[91.675,25.137],[91.692,25.138],[91.714,25.158],[91.747,25.148],[91.75,25.171],[91.769,25.167],[91.809,25.169],[91.844,25.178],[91.862,25.174],[91.916,25.182],[91.95,25.183],[91.986,25.171],[92.014,25.189],[92.05,25.182],[92.078,25.186],[92.125,25.165],[92.139,25.143],[92.179,25.123],[92.203,25.125],[92.232,25.097],[92.3,25.071],[92.327,25.08],[92.344,25.077],[92.346,25.055],[92.405,25.033],[92.425,25.03]]]},"properties":{"ST_NM":"Meghalaya"}},
{"type":"Feature","geometry":{"type":"Polygon","coordinates":[[[93,24.4],[92.979,24.407],[92.96,24.393],[92.935,24.393],[92.911,24.41],[92.904,24.391],[92.884,24.4],[92.862,24.397],[92.832,24.374],[92.831,24.397],[92.803,24.419],[92.765,24.518],[92.73,24.45],[92.714,24.403],[92.691,24.354],[92.657,24.341],[92.645,24.325],[92.626,24.332],[92.619,24.309],[92.619,24.279],[92.611,24.251],[92.588,24.243],[92.55,24.244],[92.547,24.222],[92.529,24.173],[92.488,24.16],[92.463,24.134],[92.436,24.15],[92.433,24.181],[92.419,24.192],[92.422,24.251],[92.296,24.25],[92.297,24.225],[92.324,24.204],[92.328,24.164],[92.337,24.145],[92.328,24.137],[92.332,24.105],[92.328,24.079],[92.316,24.065],[92.317,24.016],[92.329,23.988],[92.312,23.968],[92.313,23.933],[92.331,23.91],[92.318,23.886],[92.315,23.862],[92.287,23.865],[92.273,23.84],[92.286,23.815],[92.259,23.813],[92.267,23.768],[92.268,23.724],[92.282,23.715],[92.296,23.687],[92.279,23.643],[92.284,23.626],[92.299,23.626],[92.295,23.597],[92.31,23.59],[92.313,23.534],[92.321,23.518],[92.335,23.464],[92.333,23.43],[92.348,23.435],[92.361,23.41],[92.36,23.386],[92.379,23.372],[92.385,23.341],[92.373,23.329],[92.392,23.307],[92.388,23.294],[92.4,23.272],[92.393,23.264],[92.406,23.238],[92.357,23.234],[92.368,23.149],[92.374,23.126],[92.367,23.105],[92.386,23.088],[92.397,23.051],[92.385,23.022],[92.391,23.005],[92.378,22.963],[92.375,22.934],[92.397,22.93],[92.416,22.918],[92.437,22.888],[92.449,22.893],[92.459,22.873],[92.456,22.817],[92.465,22.809],[92.481,22.751],[92.51,22.735],[92.521,22.701],[92.527,22.642],[92.535,22.63],[92.539,22.577],[92.53,22.563],[92.547,22.524],[92.55,22.469],[92.557,22.416],[92.583,22.313],[92.58,22.279],[92.593,22.255],[92.6,22.181],[92.614,22.169],[92.609,22.127],[92.584,22.144],[92.57,22.138],[92.574,22.12],[92.595,22.079],[92.605,22.026],[92.6,22.011],[92.616,21.988],[92.628,21.984],[92.661,22.014],[92.679,22.013],[92.688,22.039],[92.682,22.104],[92.695,22.098],[92.698,22.137],[92.706,22.152],[92.73,22.148],[92.736,22.137],[92.763,22.125],[92.767,22.114],[92.815,22.094],[92.823,22.078],[92.847,22.06],[92.868,22.059],[92.872,22.028],[92.892,22.01],[92.902,21.979],[92.913,21.963],[92.925,21.994],[92.939,22.016],[92.964,22.025],[92.983,21.988],[93.007,21.982],[93.008,22.009],[92.997,22.037],[92.998,22.053],[93.012,22.083],[93.013,22.103],[93.063,22.099],[93.057,22.125],[93.044,22.136],[93.052,22.163],[93.044,22.187],[93.051,22.201],[93.079,22.206],[93.117,22.196],[93.128,22.176],[93.16,22.179],[93.167,22.197],[93.156,22.207],[93.149,22.245],[93.188,22.247],[93.206,22.258],[93.199,22.278],[93.197,22.334],[93.19,22.368],[93.193,22.4],[93.188,22.424],[93.173,22.448],[93.143,22.455],[93.132,22.472],[93.128,22.523],[93.109,22.529],[93.113,22.552],[93.143,22.583],[93.134,22.62],[93.112,22.636],[93.116,22.648],[93.101,22.671],[93.096,22.698],[93.1,22.724],[93.11,22.741],[93.097,22.807],[93.114,22.813],[93.119,22.86],[93.136,22.89],[93.136,22.91],[93.16,22.91],[93.14,22.961],[93.145,22.977],[93.127,22.998],[93.134,23.01],[93.131,23.044],[93.14,23.057],[93.166,23.046],[93.181,23.055],[93.204,23.053],[93.232,23.018],[93.251,23.003],[93.3,23.005],[93.33,23.032],[93.343,23.061],[93.356,23.074],[93.363,23.113],[93.391,23.135],[93.372,23.146],[93.392,23.22],[93.376,23.252],[93.373,23.279],[93.379,23.29],[93.377,23.329],[93.364,23.351],[93.412,23.384],[93.396,23.407],[93.395,23.429],[93.405,23.471],[93.405,23.504],[93.423,23.527],[93.422,23.558],[93.431,23.578],[93.426,23.649],[93.443,23.678],[93.415,23.708],[93.416,23.728],[93.403,23.771],[93.409,23.804],[93.397,23.82],[93.394,23.883],[93.397,23.926],[93.363,23.942],[93.35,23.974],[93.336,23.979],[93.341,24.027],[93.336,24.05],[93.287,24.048],[93.272,24.03],[93.251,24.03],[93.262,24.069],[93.247,24.082],[93.225,24.083],[93.215,24.046],[93.174,24.05],[93.168,24.068],[93.147,24.085],[93.128,24.061],[93.1,24.053],[93.101,24.071],[93.078,24.1],[93.052,24.087],[93,24.112],[92.985,24.126],[92.992,24.15],[93.004,24.157],[93.023,24.214],[93.006,24.251],[93.007,24.277],[93.034,24.315],[93.042,24.34],[93.021,24.344],[93.023,24.387],[93,24.4]]]},"properties":{"ST_NM":"Mizoram"}},
{"type":"Feature","geometry":{"type":"Polygon","coordinates":[[[95.237,26.68],[95.236,26.706],[95.216,26.729],[95.219,26.749],[95.242,26.778],[95.215,26.792],[95.199,26.834],[95.185,26.859],[95.213,26.88],[95.23,26.88],[95.234,26.915],[95.217,26.928],[95.207,26.957],[95.215,26.964],[95.195,26.984],[95.2,27],[95.196,27.037],[95.155,27],[95.117,26.978],[95.11,26.961],[95.087,26.947],[95.038,26.933],[95.022,26.92],[94.986,26.913],[94.958,26.938],[94.934,26.933],[94.914,26.937],[94.887,26.927],[94.87,26.91],[94.852,26.876],[94.822,26.849],[94.803,26.801],[94.773,26.79],[94.757,26.767],[94.732,26.759],[94.687,26.727],[94.623,26.714],[94.61,26.735],[94.594,26.721],[94.593,26.698],[94.546,26.706],[94.521,26.697],[94.499,26.669],[94.468,26.665],[94.455,26.634],[94.41,26.612],[94.406,26.597],[94.415,26.578],[94.397,26.525],[94.378,26.508],[94.351,26.504],[94.352,26.491],[94.324,26.475],[94.317,26.458],[94.294,26.476],[94.283,26.559],[94.263,26.539],[94.24,26.507],[94.212,26.485],[94.202,26.465],[94.187,26.456],[94.176,26.427],[94.179,26.384],[94.165,26.356],[94.165,26.335],[94.139,26.337],[94.108,26.322],[94.103,26.304],[94.071,26.256],[94.053,26.251],[94.042,26.229],[94.036,26.199],[94.013,26.182],[94,26.154],[94.007,26.143],[93.986,26.079],[93.991,26.068],[93.966,26.038],[93.955,26.003],[93.956,25.97],[93.969,25.956],[93.983,25.922],[93.96,25.901],[93.916,25.883],[93.893,25.86],[93.883,25.841],[93.852,25.859],[93.824,25.843],[93.819,25.822],[93.796,25.81],[93.78,25.842],[93.798,25.905],[93.785,25.954],[93.769,25.951],[93.75,25.933],[93.688,25.905],[93.691,25.885],[93.706,25.849],[93.683,25.837],[93.678,25.825],[93.649,25.82],[93.629,25.8],[93.622,25.776],[93.573,25.753],[93.566,25.737],[93.545,25.723],[93.544,25.698],[93.52,25.68],[93.483,25.642],[93.466,25.64],[93.418,25.617],[93.407,25.593],[93.39,25.591],[93.373,25.566],[93.346,25.558],[93.333,25.545],[93.358,25.524],[93.372,25.498],[93.39,25.482],[93.39,25.465],[93.417,25.449],[93.435,25.451],[93.457,25.438],[93.463,25.407],[93.478,25.376],[93.452,25.34],[93.456,25.321],[93.474,25.305],[93.476,25.275],[93.51,25.272],[93.504,25.249],[93.541,25.241],[93.563,25.242],[93.574,25.223],[93.607,25.198],[93.637,25.246],[93.643,25.262],[93.687,25.327],[93.692,25.357],[93.711,25.354],[93.723,25.371],[93.739,25.38],[93.746,25.401],[93.78,25.42],[93.808,25.461],[93.813,25.48],[93.788,25.502],[93.765,25.495],[93.764,25.511],[93.779,25.534],[93.819,25.54],[93.836,25.559],[93.862,25.553],[93.891,25.564],[93.943,25.559],[93.965,25.552],[93.98,25.566],[94.012,25.57],[94.01,25.591],[94.069,25.554],[94.085,25.555],[94.091,25.528],[94.138,25.519],[94.152,25.543],[94.191,25.546],[94.19,25.525],[94.222,25.491],[94.273,25.497],[94.286,25.506],[94.302,25.489],[94.364,25.516],[94.424,25.547],[94.421,25.57],[94.429,25.587],[94.443,25.59],[94.473,25.616],[94.49,25.614],[94.513,25.625],[94.538,25.645],[94.564,25.675],[94.572,25.692],[94.596,25.681],[94.575,25.639],[94.583,25.628],[94.554,25.58],[94.562,25.533],[94.556,25.507],[94.624,25.463],[94.657,25.451],[94.681,25.453],[94.687,25.459],[94.745,25.472],[94.755,25.485],[94.771,25.475],[94.783,25.483],[94.811,25.489],[94.835,25.544],[94.851,25.556],[94.903,25.56],[94.886,25.581],[94.919,25.608],[94.934,25.658],[94.941,25.668],[94.982,25.697],[95.008,25.731],[95.032,25.734],[95.051,25.755],[95.044,25.776],[95.048,25.803],[95.036,25.813],[95.032,25.839],[95.014,25.865],[95.018,25.894],[95.027,25.913],[95.056,25.94],[95.078,25.944],[95.105,25.961],[95.116,25.981],[95.139,25.999],[95.163,26.028],[95.164,26.046],[95.184,26.078],[95.165,26.092],[95.15,26.088],[95.126,26.094],[95.12,26.115],[95.127,26.13],[95.116,26.156],[95.127,26.196],[95.142,26.207],[95.12,26.232],[95.129,26.249],[95.12,26.268],[95.13,26.286],[95.128,26.348],[95.135,26.381],[95.104,26.395],[95.108,26.417],[95.086,26.446],[95.068,26.46],[95.103,26.507],[95.12,26.523],[95.114,26.542],[95.138,26.554],[95.154,26.574],[95.154,26.613],[95.182,26.637],[95.206,26.643],[95.237,26.68]]]},"properties":{"ST_NM":"Nagaland"}},
{"type":"Feature","geometry":{"type":"Polygon","coordinates":[[[77.197,28.862],[77.175,28.855],[77.149,28.836],[77.139,28.86],[77.094,28.869],[77.06,28.868],[77.042,28.832],[76.99,28.832],[76.984,28.821],[76.952,28.816],[76.948,28.798],[76.957,28.769],[76.948,28.755],[76.96,28.742],[76.951,28.712],[76.965,28.7],[76.956,28.678],[76.933,28.664],[76.92,28.633],[76.888,28.633],[76.871,28.597],[76.843,28.577],[76.847,28.552],[76.866,28.543],[76.889,28.519],[76.907,28.513],[76.954,28.508],[76.978,28.522],[77.015,28.509],[77.025,28.528],[77.067,28.509],[77.082,28.515],[77.117,28.489],[77.111,28.471],[77.128,28.437],[77.152,28.43],[77.175,28.403],[77.216,28.408],[77.25,28.423],[77.25,28.448],[77.237,28.464],[77.252,28.479],[77.288,28.493],[77.317,28.485],[77.348,28.503],[77.331,28.53],[77.305,28.556],[77.304,28.574],[77.317,28.591],[77.346,28.603],[77.347,28.616],[77.324,28.638],[77.328,28.674],[77.338,28.686],[77.316,28.712],[77.303,28.704],[77.287,28.729],[77.27,28.733],[77.205,28.797],[77.224,28.808],[77.228,28.83],[77.215,28.858],[77.197,28.862]]]},"properties":{"ST_NM":"NCT of Delhi"}},
{"type":"Feature","geometry":{"type":"MultiPolygon","coordinates":[[[[79.852,10.988],[79.842,11.002],[79.819,11.002],[79.8,10.983],[79.789,10.995],[79.76,11],[79.754,11.004],[79.747,10.986],[79.755,10.985],[79.763,10.965],[79.762,10.959],[79.728,10.967],[79.721,10.967],[79.73,10.943],[79.726,10.942],[79.721,10.934],[79.728,10.934],[79.726,10.928],[79.738,10.926],[79.737,10.921],[79.745,10.918],[79.744,10.913],[79.76,10.915],[79.766,10.905],[79.79,10.905],[79.793,10.891],[79.82,10.887],[79.831,10.83],[79.849,10.827],[79.849,10.901],[79.852,10.916],[79.852,10.988]]],[[[75.533,11.753],[75.537,11.747],[75.541,11.714],[75.558,11.718],[75.545,11.734],[75.546,11.758],[75.533,11.753]]],[[[79.808,11.832],[79.806,11.831],[79.801,11.834],[79.798,11.834],[79.793,11.833],[79.774,11.822],[79.764,11.823],[79.764,11.831],[79.739,11.843],[79.733,11.813],[79.737,11.809],[79.733,11.808],[79.727,11.809],[79.723,11.797],[79.718,11.796],[79.729,11.781],[79.755,11.774],[79.784,11.787],[79.795,11.785],[79.808,11.832]]],[[[79.67,11.815],[79.649,11.844],[79.646,11.816],[79.67,11.815]]],[[[79.636,11.881],[79.609,11.877],[79.602,11.857],[79.65,11.849],[79.664,11.86],[79.637,11.887],[79.636,11.881]]],[[[79.689,11.972],[79.663,11.968],[79.661,11.957],[79.685,11.953],[79.689,11.972]]],[[[79.644,11.953],[79.638,11.977],[79.644,12.006],[79.654,12.024],[79.628,12.03],[79.62,12],[79.625,11.988],[79.629,11.944],[79.62,11.94],[79.62,11.924],[79.628,11.904],[79.642,11.901],[79.642,11.905],[79.67,11.917],[79.671,11.933],[79.643,11.946],[79.644,11.953]]],[[[79.841,11.955],[79.807,11.972],[79.807,11.962],[79.787,11.961],[79.763,11.943],[79.749,11.962],[79.765,12],[79.75,12.009],[79.74,11.992],[79.721,11.992],[79.706,12.01],[79.706,12.032],[79.662,12.011],[79.662,12.007],[79.657,11.99],[79.71,11.989],[79.716,11.966],[79.698,11.961],[79.699,11.941],[79.721,11.943],[79.719,11.927],[79.74,11.906],[79.723,11.888],[79.695,11.894],[79.693,11.884],[79.695,11.885],[79.711,11.888],[79.709,11.868],[79.746,11.861],[79.77,11.872],[79.763,11.847],[79.773,11.837],[79.776,11.838],[79.782,11.855],[79.801,11.853],[79.808,11.834],[79.823,11.899],[79.841,11.955]],[[79.774,11.876],[79.771,11.894],[79.781,11.902],[79.796,11.89],[79.79,11.876],[79.784,11.862],[79.781,11.873],[79.78,11.878],[79.779,11.878],[79.774,11.876]]],[[[79.858,12.005],[79.875,12.043],[79.85,12.05],[79.846,12.038],[79.844,12.032],[79.842,12.011],[79.858,12.005]]],[[[82.206,16.747],[82.189,16.727],[82.203,16.72],[82.225,16.721],[82.263,16.701],[82.286,16.704],[82.304,16.717],[82.312,16.734],[82.23,16.729],[82.206,16.747]]]]},"properties":{"ST_NM":"Puducherry"}},
{"type":"Feature","geometry":{"type":"Polygon","coordinates":[[[76.783,30.903],[76.762,30.926],[76.74,30.936],[76.726,30.96],[76.708,30.969],[76.682,30.966],[76.624,31.001],[76.627,31.019],[76.613,31.05],[76.619,31.075],[76.64,31.107],[76.603,31.125],[76.613,31.148],[76.604,31.154],[76.604,31.18],[76.626,31.199],[76.649,31.21],[76.63,31.226],[76.601,31.213],[76.59,31.223],[76.616,31.248],[76.585,31.277],[76.56,31.253],[76.525,31.28],[76.503,31.271],[76.481,31.307],[76.462,31.303],[76.442,31.322],[76.405,31.376],[76.405,31.395],[76.377,31.439],[76.373,31.413],[76.361,31.403],[76.33,31.4],[76.344,31.377],[76.344,31.343],[76.31,31.34],[76.316,31.324],[76.304,31.313],[76.275,31.303],[76.27,31.312],[76.237,31.311],[76.22,31.303],[76.187,31.304],[76.18,31.339],[76.153,31.351],[76.148,31.38],[76.171,31.402],[76.158,31.43],[76.142,31.442],[76.122,31.493],[76.098,31.535],[76.057,31.59],[76.058,31.601],[76.037,31.614],[76.017,31.645],[76.019,31.661],[75.992,31.703],[75.96,31.78],[75.951,31.783],[75.936,31.816],[75.968,31.823],[75.964,31.847],[75.909,31.949],[75.881,31.968],[75.851,31.981],[75.81,31.988],[75.789,32],[75.749,32.037],[75.725,32.035],[75.707,32.059],[75.664,32.077],[75.613,32.066],[75.594,32.081],[75.626,32.099],[75.671,32.146],[75.671,32.176],[75.635,32.185],[75.638,32.235],[75.668,32.255],[75.691,32.264],[75.752,32.273],[75.779,32.302],[75.86,32.379],[75.888,32.398],[75.942,32.411],[75.95,32.424],[75.931,32.448],[75.871,32.499],[75.867,32.521],[75.886,32.559],[75.889,32.576],[75.854,32.537],[75.841,32.509],[75.82,32.487],[75.795,32.475],[75.762,32.476],[75.727,32.418],[75.701,32.401],[75.664,32.389],[75.608,32.382],[75.561,32.361],[75.54,32.34],[75.531,32.298],[75.52,32.28],[75.505,32.288],[75.506,32.31],[75.483,32.318],[75.489,32.34],[75.43,32.325],[75.394,32.329],[75.347,32.345],[75.34,32.342],[75.341,32.321],[75.328,32.296],[75.371,32.279],[75.379,32.24],[75.361,32.219],[75.333,32.219],[75.314,32.196],[75.322,32.175],[75.303,32.153],[75.283,32.143],[75.283,32.119],[75.24,32.091],[75.208,32.115],[75.2,32.084],[75.173,32.069],[75.166,32.081],[75.135,32.084],[75.1,32.064],[75.062,32.053],[74.985,32.043],[74.981,32.052],[74.94,32.067],[74.921,32.064],[74.913,32.051],[74.876,32.046],[74.882,32.033],[74.858,32.01],[74.832,31.995],[74.834,31.978],[74.815,31.963],[74.748,31.938],[74.721,31.937],[74.723,31.921],[74.688,31.923],[74.665,31.911],[74.636,31.883],[74.612,31.885],[74.61,31.867],[74.57,31.831],[74.574,31.817],[74.557,31.778],[74.565,31.759],[74.518,31.741],[74.486,31.722],[74.507,31.699],[74.536,31.681],[74.554,31.618],[74.578,31.607],[74.593,31.579],[74.62,31.567],[74.617,31.535],[74.586,31.521],[74.588,31.498],[74.608,31.502],[74.655,31.463],[74.631,31.43],[74.603,31.423],[74.588,31.384],[74.554,31.367],[74.55,31.333],[74.542,31.309],[74.524,31.274],[74.535,31.249],[74.523,31.224],[74.527,31.211],[74.513,31.181],[74.518,31.137],[74.557,31.118],[74.558,31.089],[74.578,31.085],[74.6,31.094],[74.612,31.112],[74.605,31.134],[74.665,31.136],[74.691,31.13],[74.707,31.096],[74.695,31.073],[74.668,31.055],[74.6,31.044],[74.597,31.055],[74.566,31.054],[74.55,31.033],[74.544,31.01],[74.55,30.994],[74.516,30.979],[74.46,30.97],[74.448,30.954],[74.428,30.945],[74.426,30.912],[74.408,30.912],[74.372,30.895],[74.368,30.852],[74.327,30.849],[74.319,30.822],[74.298,30.797],[74.31,30.787],[74.283,30.773],[74.276,30.758],[74.287,30.735],[74.268,30.726],[74.23,30.72],[74.221,30.692],[74.199,30.669],[74.176,30.651],[74.128,30.625],[74.103,30.6],[74.102,30.574],[74.078,30.556],[74.091,30.542],[74.068,30.521],[74.051,30.54],[74.016,30.533],[74.004,30.515],[73.989,30.51],[73.971,30.489],[73.967,30.463],[73.94,30.456],[73.935,30.438],[73.969,30.443],[73.967,30.424],[73.885,30.363],[73.907,30.351],[73.944,30.305],[73.968,30.263],[73.976,30.196],[73.972,30.129],[73.927,30.07],[73.908,30.055],[73.89,29.998],[73.9,29.971],[74.078,29.97],[74.195,29.961],[74.288,29.955],[74.299,29.956],[74.331,29.954],[74.413,29.947],[74.438,29.949],[74.476,29.944],[74.529,29.943],[74.583,29.925],[74.595,29.914],[74.649,29.903],[74.65,29.922],[74.691,29.948],[74.705,29.971],[74.734,29.961],[74.747,29.968],[74.786,29.973],[74.811,29.992],[74.831,29.972],[74.86,29.958],[74.882,29.958],[74.934,29.94],[74.953,29.901],[74.98,29.888],[74.98,29.879],[75,29.855],[75.024,29.863],[75.048,29.88],[75.076,29.877],[75.088,29.911],[75.113,29.895],[75.111,29.866],[75.095,29.857],[75.096,29.843],[75.114,29.836],[75.103,29.818],[75.112,29.801],[75.135,29.804],[75.141,29.783],[75.16,29.79],[75.166,29.818],[75.193,29.837],[75.211,29.828],[75.208,29.794],[75.222,29.784],[75.241,29.75],[75.231,29.731],[75.208,29.729],[75.197,29.71],[75.208,29.694],[75.199,29.679],[75.169,29.667],[75.183,29.647],[75.183,29.628],[75.209,29.621],[75.231,29.604],[75.221,29.58],[75.248,29.549],[75.3,29.559],[75.314,29.586],[75.29,29.601],[75.298,29.617],[75.317,29.63],[75.328,29.668],[75.356,29.669],[75.344,29.686],[75.372,29.71],[75.389,29.709],[75.407,29.759],[75.454,29.784],[75.455,29.805],[75.517,29.771],[75.567,29.763],[75.573,29.741],[75.633,29.751],[75.636,29.77],[75.677,29.77],[75.689,29.754],[75.708,29.752],[75.717,29.806],[75.759,29.809],[75.782,29.822],[75.807,29.804],[75.831,29.812],[75.854,29.773],[75.874,29.749],[75.89,29.744],[75.908,29.752],[75.925,29.735],[75.945,29.729],[75.983,29.729],[76.015,29.747],[76.035,29.752],[76.052,29.745],[76.069,29.77],[76.085,29.778],[76.089,29.802],[76.105,29.808],[76.127,29.793],[76.15,29.813],[76.178,29.815],[76.213,29.842],[76.221,29.839],[76.253,29.865],[76.237,29.881],[76.209,29.88],[76.194,29.89],[76.193,29.92],[76.178,29.925],[76.19,29.943],[76.215,29.94],[76.201,30.001],[76.21,30.034],[76.244,30.08],[76.265,30.102],[76.242,30.105],[76.216,30.124],[76.222,30.153],[76.263,30.115],[76.292,30.11],[76.305,30.115],[76.34,30.106],[76.361,30.124],[76.402,30.124],[76.396,30.142],[76.414,30.154],[76.393,30.18],[76.411,30.195],[76.432,30.194],[76.441,30.176],[76.438,30.144],[76.456,30.119],[76.464,30.097],[76.503,30.093],[76.513,30.073],[76.545,30.079],[76.64,30.151],[76.635,30.166],[76.651,30.181],[76.651,30.202],[76.616,30.211],[76.624,30.222],[76.603,30.25],[76.588,30.252],[76.56,30.231],[76.558,30.255],[76.593,30.266],[76.627,30.271],[76.664,30.295],[76.683,30.315],[76.71,30.321],[76.751,30.356],[76.713,30.39],[76.739,30.401],[76.738,30.416],[76.761,30.423],[76.793,30.411],[76.821,30.408],[76.845,30.43],[76.852,30.417],[76.877,30.405],[76.893,30.379],[76.889,30.359],[76.91,30.358],[76.94,30.384],[76.922,30.399],[76.914,30.424],[76.903,30.433],[76.908,30.451],[76.907,30.486],[76.929,30.495],[76.931,30.503],[76.933,30.521],[76.898,30.536],[76.915,30.547],[76.912,30.563],[76.926,30.596],[76.913,30.616],[76.89,30.633],[76.872,30.637],[76.876,30.668],[76.832,30.657],[76.833,30.682],[76.807,30.665],[76.758,30.687],[76.728,30.71],[76.729,30.725],[76.704,30.756],[76.742,30.773],[76.773,30.795],[76.794,30.77],[76.809,30.782],[76.825,30.763],[76.841,30.76],[76.86,30.789],[76.847,30.801],[76.841,30.829],[76.815,30.839],[76.782,30.873],[76.776,30.89],[76.783,30.903]]]},"properties":{"ST_NM":"Punjab"}},
{"type":"Feature","geometry":{"type":"Polygon","coordinates":[[[74.529,29.943],[74.476,29.944],[74.438,29.949],[74.413,29.947],[74.331,29.954],[74.299,29.956],[74.288,29.955],[74.195,29.961],[74.078,29.97],[73.9,29.971],[73.89,29.998],[73.908,30.055],[73.927,30.07],[73.972,30.129],[73.976,30.196],[73.933,30.169],[73.847,30.11],[73.803,30.071],[73.763,30.058],[73.718,30.049],[73.662,30.033],[73.62,30.025],[73.549,29.998],[73.484,29.977],[73.408,29.946],[73.394,29.929],[73.374,29.856],[73.348,29.772],[73.32,29.689],[73.305,29.636],[73.282,29.569],[73.271,29.546],[73.229,29.482],[73.198,29.431],[73.144,29.332],[73.085,29.236],[72.999,29.143],[72.992,29.121],[72.949,29.033],[72.934,29.023],[72.747,28.952],[72.656,28.907],[72.593,28.87],[72.524,28.833],[72.451,28.798],[72.407,28.783],[72.389,28.769],[72.348,28.721],[72.312,28.686],[72.294,28.655],[72.287,28.625],[72.236,28.484],[72.205,28.39],[72.169,28.355],[72.129,28.309],[72.021,28.232],[71.999,28.214],[71.968,28.171],[71.932,28.128],[71.914,28.054],[71.913,28.032],[71.899,27.963],[71.86,27.947],[71.767,27.916],[71.659,27.876],[71.587,27.877],[71.531,27.872],[71.41,27.873],[71.273,27.85],[71.208,27.833],[71.033,27.766],[70.905,27.71],[70.883,27.708],[70.817,27.714],[70.765,27.726],[70.738,27.752],[70.721,27.783],[70.687,27.828],[70.68,27.87],[70.677,27.924],[70.619,27.977],[70.592,28.01],[70.548,28.029],[70.497,28.037],[70.442,28.022],[70.374,28.012],[70.31,27.949],[70.294,27.937],[70.225,27.898],[70.197,27.867],[70.135,27.807],[70.075,27.664],[70.059,27.635],[70.04,27.586],[70.025,27.561],[69.965,27.523],[69.941,27.502],[69.913,27.46],[69.872,27.409],[69.811,27.363],[69.79,27.35],[69.764,27.325],[69.705,27.285],[69.654,27.233],[69.59,27.183],[69.552,27.103],[69.539,27.065],[69.515,27.014],[69.499,26.872],[69.484,26.808],[69.506,26.753],[69.515,26.742],[69.553,26.728],[69.67,26.677],[69.711,26.662],[69.737,26.647],[69.776,26.614],[69.801,26.599],[69.879,26.581],[69.974,26.588],[70.048,26.601],[70.099,26.595],[70.164,26.56],[70.173,26.551],[70.183,26.484],[70.178,26.426],[70.184,26.361],[70.166,26.301],[70.174,26.257],[70.172,26.231],[70.147,26.17],[70.086,26.088],[70.086,26.062],[70.099,25.935],[70.156,25.855],[70.169,25.83],[70.194,25.816],[70.235,25.777],[70.252,25.753],[70.263,25.719],[70.276,25.709],[70.366,25.678],[70.391,25.674],[70.417,25.679],[70.482,25.685],[70.524,25.685],[70.557,25.695],[70.594,25.712],[70.639,25.715],[70.658,25.706],[70.673,25.669],[70.669,25.597],[70.668,25.532],[70.679,25.527],[70.671,25.456],[70.671,25.425],[70.665,25.398],[70.714,25.353],[70.735,25.329],[70.75,25.283],[70.801,25.231],[70.847,25.189],[70.886,25.151],[70.905,25.052],[70.917,25.002],[70.936,24.941],[70.947,24.921],[70.969,24.896],[70.995,24.859],[71.026,24.805],[71.063,24.718],[71.098,24.687],[71.11,24.675],[71.162,24.655],[71.188,24.648],[71.289,24.613],[71.318,24.648],[71.348,24.659],[71.359,24.632],[71.372,24.626],[71.414,24.643],[71.443,24.663],[71.466,24.668],[71.48,24.678],[71.529,24.683],[71.544,24.675],[71.575,24.681],[71.59,24.668],[71.609,24.675],[71.637,24.657],[71.654,24.637],[71.709,24.658],[71.738,24.658],[71.777,24.672],[71.806,24.664],[71.81,24.649],[71.805,24.625],[71.84,24.618],[71.862,24.627],[71.856,24.653],[71.864,24.675],[71.887,24.669],[71.905,24.673],[71.919,24.665],[71.912,24.649],[71.928,24.63],[71.961,24.641],[71.987,24.66],[71.988,24.68],[72.035,24.698],[72.046,24.708],[72.079,24.7],[72.086,24.677],[72.079,24.655],[72.11,24.636],[72.145,24.636],[72.156,24.618],[72.18,24.612],[72.211,24.622],[72.224,24.635],[72.243,24.623],[72.268,24.624],[72.309,24.611],[72.335,24.625],[72.348,24.62],[72.337,24.595],[72.308,24.587],[72.295,24.602],[72.271,24.601],[72.245,24.582],[72.266,24.552],[72.284,24.56],[72.289,24.54],[72.327,24.544],[72.328,24.558],[72.352,24.554],[72.381,24.502],[72.416,24.51],[72.437,24.506],[72.443,24.495],[72.431,24.462],[72.451,24.44],[72.459,24.409],[72.482,24.407],[72.505,24.42],[72.495,24.452],[72.537,24.506],[72.569,24.489],[72.583,24.474],[72.654,24.457],[72.688,24.461],[72.689,24.42],[72.702,24.392],[72.728,24.362],[72.811,24.359],[72.825,24.365],[72.864,24.366],[72.896,24.352],[72.92,24.327],[72.973,24.359],[72.983,24.375],[72.96,24.392],[72.987,24.421],[72.977,24.451],[73.009,24.482],[73.018,24.465],[73.047,24.465],[73.091,24.495],[73.104,24.457],[73.103,24.42],[73.081,24.394],[73.107,24.387],[73.124,24.369],[73.166,24.35],[73.187,24.355],[73.208,24.375],[73.228,24.364],[73.208,24.334],[73.183,24.335],[73.181,24.309],[73.17,24.301],[73.141,24.308],[73.135,24.28],[73.112,24.262],[73.088,24.221],[73.079,24.185],[73.112,24.153],[73.119,24.14],[73.143,24.122],[73.168,24.111],[73.196,24.108],[73.22,24.098],[73.197,24.045],[73.249,24.011],[73.271,24.027],[73.287,24.027],[73.303,24.051],[73.323,24.062],[73.331,24.082],[73.332,24.114],[73.366,24.112],[73.366,24.087],[73.393,24.072],[73.41,24.05],[73.407,23.997],[73.418,23.974],[73.416,23.922],[73.392,23.916],[73.383,23.905],[73.356,23.854],[73.369,23.821],[73.357,23.791],[73.372,23.766],[73.396,23.783],[73.417,23.778],[73.428,23.761],[73.447,23.752],[73.469,23.725],[73.475,23.708],[73.498,23.706],[73.507,23.696],[73.497,23.634],[73.523,23.61],[73.549,23.63],[73.567,23.652],[73.615,23.65],[73.639,23.63],[73.657,23.622],[73.646,23.606],[73.646,23.574],[73.635,23.561],[73.633,23.53],[73.655,23.513],[73.64,23.495],[73.629,23.451],[73.649,23.439],[73.665,23.451],[73.701,23.454],[73.714,23.417],[73.73,23.423],[73.761,23.457],[73.78,23.433],[73.824,23.445],[73.864,23.394],[73.876,23.366],[73.892,23.351],[73.891,23.335],[73.936,23.34],[73.944,23.372],[73.959,23.38],[73.981,23.358],[73.984,23.339],[74.001,23.334],[74.021,23.331],[74.046,23.293],[74.087,23.296],[74.104,23.292],[74.111,23.275],[74.133,23.263],[74.137,23.225],[74.122,23.205],[74.124,23.177],[74.143,23.173],[74.152,23.156],[74.18,23.15],[74.187,23.17],[74.205,23.19],[74.247,23.176],[74.269,23.154],[74.286,23.117],[74.28,23.093],[74.308,23.077],[74.32,23.06],[74.346,23.069],[74.359,23.088],[74.389,23.11],[74.431,23.103],[74.443,23.091],[74.465,23.083],[74.51,23.086],[74.534,23.099],[74.546,23.116],[74.544,23.13],[74.606,23.142],[74.624,23.16],[74.653,23.179],[74.668,23.199],[74.714,23.192],[74.745,23.209],[74.75,23.228],[74.718,23.217],[74.694,23.226],[74.721,23.24],[74.7,23.269],[74.672,23.272],[74.651,23.258],[74.631,23.261],[74.614,23.282],[74.585,23.282],[74.566,23.296],[74.547,23.284],[74.532,23.32],[74.541,23.336],[74.544,23.361],[74.559,23.362],[74.571,23.381],[74.572,23.417],[74.597,23.427],[74.612,23.459],[74.658,23.464],[74.668,23.481],[74.71,23.503],[74.733,23.498],[74.742,23.517],[74.763,23.522],[74.773,23.54],[74.796,23.543],[74.802,23.531],[74.851,23.554],[74.869,23.572],[74.886,23.603],[74.906,23.62],[74.94,23.627],[74.924,23.665],[74.91,23.674],[74.923,23.694],[74.924,23.716],[74.941,23.732],[74.932,23.755],[74.94,23.763],[74.928,23.795],[74.91,23.798],[74.916,23.843],[74.905,23.865],[74.915,23.909],[74.942,23.957],[74.964,23.97],[74.973,24],[74.988,24.011],[74.993,24.026],[74.982,24.038],[74.98,24.069],[74.966,24.079],[74.96,24.107],[74.94,24.118],[74.928,24.154],[74.901,24.171],[74.881,24.213],[74.906,24.231],[74.895,24.258],[74.876,24.275],[74.854,24.267],[74.816,24.274],[74.767,24.27],[74.755,24.276],[74.758,24.293],[74.784,24.314],[74.785,24.364],[74.803,24.384],[74.813,24.406],[74.858,24.448],[74.815,24.489],[74.793,24.49],[74.78,24.48],[74.758,24.486],[74.716,24.52],[74.729,24.532],[74.748,24.533],[74.758,24.561],[74.749,24.594],[74.791,24.608],[74.784,24.634],[74.796,24.652],[74.818,24.669],[74.814,24.683],[74.777,24.683],[74.791,24.724],[74.781,24.74],[74.804,24.752],[74.8,24.792],[74.811,24.793],[74.82,24.762],[74.85,24.706],[74.868,24.687],[74.874,24.666],[74.889,24.654],[74.936,24.659],[74.953,24.673],[74.965,24.697],[75.001,24.705],[74.992,24.73],[74.995,24.749],[75.022,24.749],[75.023,24.769],[75.014,24.79],[75,24.794],[74.972,24.788],[74.906,24.794],[74.879,24.81],[74.86,24.81],[74.857,24.85],[74.828,24.896],[74.826,24.937],[74.834,24.964],[74.855,24.971],[74.864,24.963],[74.869,24.934],[74.902,24.936],[74.914,24.925],[74.914,24.896],[74.95,24.891],[74.946,24.875],[75.014,24.871],[75.045,24.856],[75.075,24.884],[75.092,24.876],[75.121,24.885],[75.117,24.958],[75.122,24.972],[75.166,24.988],[75.171,25.01],[75.157,25.025],[75.161,25.042],[75.176,25.05],[75.203,25.031],[75.313,25.042],[75.352,25.038],[75.353,25.021],[75.321,25.003],[75.325,24.978],[75.34,24.959],[75.328,24.934],[75.32,24.903],[75.293,24.948],[75.288,24.973],[75.269,24.958],[75.29,24.923],[75.269,24.911],[75.264,24.886],[75.313,24.866],[75.328,24.883],[75.374,24.874],[75.41,24.888],[75.427,24.889],[75.419,24.86],[75.346,24.829],[75.332,24.828],[75.315,24.81],[75.303,24.812],[75.286,24.846],[75.244,24.857],[75.252,24.892],[75.203,24.881],[75.23,24.844],[75.254,24.833],[75.249,24.818],[75.219,24.817],[75.194,24.785],[75.197,24.756],[75.219,24.719],[75.23,24.731],[75.251,24.725],[75.269,24.729],[75.306,24.717],[75.353,24.713],[75.366,24.706],[75.454,24.689],[75.486,24.694],[75.537,24.716],[75.555,24.71],[75.584,24.719],[75.616,24.684],[75.662,24.698],[75.683,24.724],[75.745,24.756],[75.789,24.761],[75.808,24.752],[75.842,24.726],[75.845,24.713],[75.831,24.664],[75.847,24.665],[75.849,24.627],[75.855,24.61],[75.877,24.603],[75.887,24.578],[75.914,24.573],[75.91,24.546],[75.928,24.534],[75.908,24.501],[75.915,24.488],[75.906,24.442],[75.864,24.419],[75.832,24.418],[75.815,24.433],[75.818,24.461],[75.794,24.471],[75.789,24.454],[75.759,24.424],[75.758,24.405],[75.738,24.399],[75.742,24.385],[75.74,24.344],[75.767,24.307],[75.8,24.31],[75.815,24.297],[75.815,24.257],[75.808,24.226],[75.776,24.217],[75.772,24.194],[75.746,24.136],[75.781,24.131],[75.792,24.106],[75.814,24.099],[75.833,24.104],[75.832,24.068],[75.782,24.058],[75.782,24.032],[75.764,23.994],[75.74,23.991],[75.737,23.977],[75.702,23.965],[75.685,23.994],[75.688,24.014],[75.671,24.03],[75.643,24.015],[75.636,23.996],[75.571,23.996],[75.573,24.014],[75.533,24.028],[75.516,24.045],[75.493,24.001],[75.466,23.977],[75.458,23.917],[75.489,23.907],[75.505,23.888],[75.539,23.873],[75.564,23.854],[75.571,23.831],[75.567,23.812],[75.584,23.797],[75.618,23.802],[75.651,23.796],[75.689,23.77],[75.7,23.784],[75.692,23.816],[75.715,23.813],[75.724,23.823],[75.729,23.861],[75.7,23.873],[75.704,23.9],[75.73,23.898],[75.761,23.878],[75.763,23.853],[75.782,23.851],[75.805,23.867],[75.855,23.89],[75.881,23.881],[75.923,23.9],[75.934,23.898],[75.951,23.918],[75.978,23.929],[75.983,23.97],[75.963,23.993],[75.963,24.021],[75.993,24.026],[76.029,24.046],[76.046,24.07],[76.102,24.085],[76.108,24.092],[76.137,24.091],[76.132,24.115],[76.14,24.127],[76.134,24.165],[76.123,24.174],[76.126,24.201],[76.155,24.231],[76.157,24.24],[76.145,24.277],[76.172,24.292],[76.175,24.311],[76.189,24.327],[76.209,24.307],[76.198,24.281],[76.207,24.265],[76.209,24.229],[76.226,24.219],[76.251,24.224],[76.28,24.212],[76.293,24.233],[76.321,24.247],[76.356,24.245],[76.415,24.205],[76.427,24.223],[76.457,24.212],[76.467,24.225],[76.5,24.208],[76.512,24.196],[76.514,24.175],[76.527,24.159],[76.558,24.164],[76.583,24.176],[76.569,24.196],[76.575,24.209],[76.618,24.238],[76.62,24.258],[76.644,24.258],[76.683,24.266],[76.697,24.281],[76.706,24.244],[76.692,24.228],[76.678,24.189],[76.725,24.157],[76.733,24.166],[76.759,24.168],[76.773,24.16],[76.795,24.121],[76.805,24.116],[76.832,24.121],[76.86,24.135],[76.904,24.127],[76.92,24.184],[76.937,24.182],[76.948,24.194],[76.923,24.216],[76.921,24.227],[76.878,24.267],[76.863,24.308],[76.849,24.323],[76.841,24.356],[76.853,24.364],[76.854,24.384],[76.847,24.404],[76.855,24.433],[76.845,24.438],[76.856,24.465],[76.819,24.53],[76.85,24.546],[76.871,24.545],[76.88,24.522],[76.893,24.522],[76.904,24.543],[76.923,24.531],[76.919,24.483],[76.946,24.463],[76.965,24.456],[76.997,24.469],[77.029,24.497],[77.037,24.524],[77.055,24.522],[77.069,24.559],[77.063,24.59],[77.064,24.638],[77.042,24.678],[77.038,24.698],[77.024,24.71],[76.997,24.713],[76.977,24.727],[76.968,24.755],[76.951,24.759],[76.926,24.744],[76.908,24.741],[76.891,24.749],[76.85,24.747],[76.851,24.765],[76.82,24.799],[76.807,24.822],[76.842,24.836],[76.9,24.835],[76.931,24.845],[76.954,24.868],[76.919,24.883],[76.93,24.906],[76.877,24.95],[76.871,24.967],[76.874,25.006],[76.887,25.029],[76.906,25.029],[76.959,25.044],[76.974,25.051],[76.989,25.073],[77.082,25.053],[77.12,25.064],[77.134,25.084],[77.163,25.083],[77.175,25.109],[77.203,25.112],[77.226,25.105],[77.268,25.114],[77.29,25.099],[77.308,25.079],[77.354,25.093],[77.392,25.117],[77.396,25.183],[77.424,25.188],[77.412,25.221],[77.386,25.24],[77.369,25.245],[77.355,25.267],[77.373,25.28],[77.381,25.301],[77.37,25.328],[77.35,25.332],[77.362,25.363],[77.35,25.383],[77.367,25.408],[77.311,25.431],[77.289,25.418],[77.266,25.394],[77.226,25.368],[77.224,25.326],[77.204,25.325],[77.196,25.307],[77.159,25.308],[77.121,25.33],[77.081,25.335],[77.069,25.319],[77.045,25.32],[77.03,25.296],[76.964,25.292],[76.958,25.274],[76.934,25.274],[76.934,25.292],[76.898,25.317],[76.848,25.326],[76.778,25.311],[76.728,25.327],[76.708,25.343],[76.686,25.341],[76.641,25.375],[76.63,25.37],[76.607,25.384],[76.594,25.427],[76.569,25.438],[76.565,25.468],[76.543,25.505],[76.525,25.525],[76.527,25.545],[76.515,25.575],[76.521,25.602],[76.52,25.629],[76.505,25.643],[76.516,25.668],[76.483,25.69],[76.488,25.713],[76.508,25.724],[76.532,25.726],[76.536,25.739],[76.528,25.761],[76.535,25.793],[76.555,25.82],[76.572,25.835],[76.591,25.863],[76.603,25.871],[76.637,25.87],[76.647,25.901],[76.68,25.907],[76.72,25.896],[76.739,25.897],[76.768,25.917],[76.766,25.937],[76.801,25.939],[76.825,25.966],[76.824,25.979],[76.846,26.006],[76.836,26.024],[76.847,26.033],[76.852,26.035],[76.877,26.051],[76.889,26.081],[76.901,26.093],[76.945,26.101],[77.001,26.133],[77.011,26.154],[77.03,26.171],[77.059,26.181],[77.091,26.182],[77.103,26.19],[77.12,26.226],[77.136,26.234],[77.172,26.239],[77.201,26.231],[77.245,26.257],[77.274,26.271],[77.315,26.31],[77.325,26.341],[77.373,26.366],[77.393,26.357],[77.409,26.363],[77.44,26.359],[77.447,26.373],[77.435,26.401],[77.482,26.409],[77.53,26.409],[77.559,26.435],[77.606,26.449],[77.634,26.477],[77.679,26.504],[77.703,26.495],[77.735,26.51],[77.747,26.537],[77.775,26.548],[77.805,26.545],[77.821,26.549],[77.832,26.567],[77.828,26.594],[77.85,26.609],[77.887,26.615],[77.899,26.649],[77.912,26.66],[77.948,26.657],[77.977,26.671],[78,26.697],[78.057,26.684],[78.083,26.672],[78.096,26.681],[78.097,26.732],[78.12,26.744],[78.104,26.766],[78.104,26.784],[78.127,26.797],[78.154,26.786],[78.184,26.786],[78.188,26.795],[78.169,26.821],[78.218,26.83],[78.213,26.872],[78.235,26.877],[78.238,26.888],[78.261,26.899],[78.27,26.926],[78.241,26.928],[78.199,26.941],[78.148,26.951],[78.123,26.949],[78.121,26.922],[78.111,26.904],[78.095,26.896],[78.069,26.91],[78.051,26.91],[78.053,26.879],[78.044,26.869],[78.022,26.903],[78,26.905],[77.983,26.892],[77.971,26.907],[77.95,26.894],[77.937,26.907],[77.918,26.908],[77.898,26.884],[77.88,26.9],[77.813,26.923],[77.797,26.917],[77.773,26.932],[77.757,26.921],[77.732,26.917],[77.719,26.897],[77.724,26.876],[77.68,26.868],[77.665,26.851],[77.633,26.841],[77.616,26.829],[77.58,26.826],[77.573,26.819],[77.528,26.816],[77.521,26.839],[77.506,26.842],[77.489,26.782],[77.501,26.761],[77.488,26.748],[77.456,26.741],[77.472,26.764],[77.436,26.78],[77.447,26.814],[77.425,26.837],[77.43,26.861],[77.458,26.869],[77.463,26.884],[77.49,26.898],[77.588,26.925],[77.65,26.962],[77.7,26.973],[77.723,26.986],[77.744,26.982],[77.753,27.008],[77.744,27.028],[77.73,27.02],[77.73,26.995],[77.712,26.995],[77.679,27.043],[77.665,27.017],[77.607,27.023],[77.567,27.043],[77.574,27.072],[77.554,27.075],[77.535,27.061],[77.526,27.082],[77.553,27.11],[77.605,27.123],[77.601,27.134],[77.623,27.169],[77.639,27.164],[77.663,27.17],[77.681,27.195],[77.65,27.209],[77.653,27.233],[77.632,27.258],[77.615,27.267],[77.618,27.282],[77.6,27.295],[77.622,27.309],[77.625,27.333],[77.601,27.332],[77.583,27.321],[77.551,27.337],[77.506,27.376],[77.475,27.379],[77.44,27.394],[77.424,27.42],[77.438,27.456],[77.402,27.476],[77.401,27.496],[77.385,27.513],[77.349,27.519],[77.341,27.533],[77.339,27.565],[77.359,27.588],[77.334,27.591],[77.32,27.606],[77.351,27.647],[77.343,27.702],[77.311,27.708],[77.305,27.724],[77.319,27.731],[77.31,27.751],[77.313,27.782],[77.285,27.801],[77.243,27.78],[77.231,27.792],[77.198,27.793],[77.181,27.811],[77.158,27.807],[77.156,27.781],[77.11,27.78],[77.081,27.804],[77.047,27.815],[77.032,27.782],[77.059,27.756],[77.079,27.753],[77.087,27.732],[77.062,27.722],[77.04,27.743],[77.002,27.736],[76.991,27.713],[76.979,27.652],[76.943,27.67],[76.918,27.651],[76.9,27.675],[76.923,27.695],[76.897,27.714],[76.904,27.781],[76.915,27.802],[76.916,27.831],[76.935,27.829],[76.938,27.85],[76.935,27.889],[76.947,27.891],[76.948,27.914],[76.928,27.92],[76.934,27.973],[76.927,27.992],[76.941,28.037],[76.955,28.066],[76.971,28.139],[76.93,28.157],[76.893,28.186],[76.909,28.2],[76.875,28.206],[76.873,28.219],[76.842,28.22],[76.815,28.195],[76.799,28.189],[76.805,28.165],[76.8,28.152],[76.764,28.141],[76.748,28.124],[76.719,28.127],[76.691,28.093],[76.657,28.087],[76.66,28.039],[76.669,28.014],[76.645,28.006],[76.607,28.005],[76.555,27.966],[76.539,27.974],[76.547,28.034],[76.52,28.03],[76.501,28.042],[76.464,28.042],[76.466,28.057],[76.492,28.053],[76.506,28.06],[76.478,28.081],[76.457,28.088],[76.465,28.106],[76.506,28.102],[76.498,28.129],[76.481,28.145],[76.446,28.147],[76.436,28.141],[76.406,28.143],[76.385,28.133],[76.368,28.139],[76.362,28.161],[76.344,28.173],[76.316,28.179],[76.287,28.174],[76.287,28.164],[76.331,28.145],[76.364,28.124],[76.34,28.102],[76.316,28.107],[76.346,28.068],[76.362,28.061],[76.345,28.025],[76.325,28.016],[76.298,28.025],[76.298,28.044],[76.28,28.062],[76.259,28.066],[76.242,28.052],[76.185,28.055],[76.185,28.044],[76.212,28.026],[76.182,28.017],[76.162,27.988],[76.187,27.968],[76.178,27.905],[76.207,27.894],[76.198,27.877],[76.214,27.843],[76.181,27.803],[76.135,27.829],[76.13,27.85],[76.096,27.864],[76.088,27.847],[76.068,27.853],[76.057,27.843],[76.017,27.858],[75.983,27.86],[75.985,27.905],[75.964,27.915],[75.936,27.912],[75.931,27.929],[75.952,27.936],[75.971,27.933],[75.976,27.958],[75.995,27.98],[75.963,27.984],[75.981,28.014],[75.982,28.033],[76.018,28.032],[76.025,28.052],[76.041,28.064],[76.023,28.077],[76.01,28.056],[75.985,28.08],[75.944,28.089],[75.95,28.101],[75.985,28.123],[75.999,28.124],[76.003,28.146],[76.036,28.168],[76.075,28.163],[76.073,28.14],[76.091,28.138],[76.101,28.151],[76.083,28.168],[76.074,28.195],[76.053,28.199],[76.061,28.22],[76.019,28.237],[76.016,28.249],[76.027,28.276],[75.995,28.292],[75.976,28.32],[75.936,28.341],[75.931,28.365],[75.88,28.387],[75.843,28.394],[75.837,28.405],[75.811,28.41],[75.796,28.401],[75.774,28.417],[75.793,28.435],[75.787,28.454],[75.743,28.469],[75.745,28.483],[75.698,28.495],[75.672,28.517],[75.674,28.53],[75.637,28.542],[75.627,28.585],[75.618,28.602],[75.593,28.603],[75.585,28.613],[75.564,28.611],[75.557,28.64],[75.548,28.645],[75.539,28.729],[75.525,28.769],[75.507,28.784],[75.522,28.833],[75.497,28.856],[75.497,28.895],[75.476,28.923],[75.478,28.935],[75.506,28.938],[75.512,28.958],[75.525,28.972],[75.52,29.008],[75.482,29.017],[75.444,29.014],[75.45,29.038],[75.439,29.062],[75.39,29.067],[75.39,29.108],[75.405,29.126],[75.37,29.14],[75.378,29.167],[75.398,29.168],[75.41,29.186],[75.397,29.226],[75.409,29.237],[75.405,29.259],[75.389,29.261],[75.359,29.245],[75.355,29.223],[75.324,29.233],[75.332,29.249],[75.335,29.276],[75.329,29.291],[75.286,29.271],[75.281,29.252],[75.244,29.249],[75.233,29.232],[75.204,29.242],[75.189,29.266],[75.173,29.262],[75.157,29.243],[75.123,29.241],[75.117,29.224],[75.087,29.23],[75.06,29.262],[75.049,29.285],[75.033,29.289],[75,29.27],[74.986,29.279],[74.962,29.28],[74.949,29.303],[74.959,29.317],[74.945,29.336],[74.936,29.363],[74.897,29.385],[74.88,29.383],[74.859,29.401],[74.818,29.397],[74.785,29.359],[74.74,29.352],[74.72,29.368],[74.697,29.364],[74.659,29.371],[74.65,29.33],[74.604,29.327],[74.609,29.353],[74.582,29.385],[74.579,29.405],[74.561,29.421],[74.54,29.424],[74.543,29.464],[74.588,29.458],[74.602,29.491],[74.621,29.519],[74.62,29.531],[74.581,29.555],[74.579,29.585],[74.584,29.627],[74.595,29.634],[74.588,29.654],[74.613,29.721],[74.615,29.752],[74.602,29.766],[74.581,29.753],[74.547,29.753],[74.535,29.741],[74.481,29.744],[74.475,29.787],[74.501,29.826],[74.542,29.839],[74.563,29.865],[74.543,29.902],[74.515,29.907],[74.529,29.943]]]},"properties":{"ST_NM":"Rajasthan"}},
{"type":"Feature","geometry":{"type":"Polygon","coordinates":[[[88.759,27.148],[88.765,27.172],[88.792,27.182],[88.808,27.22],[88.808,27.247],[88.842,27.263],[88.879,27.259],[88.906,27.275],[88.917,27.306],[88.929,27.326],[88.897,27.336],[88.886,27.364],[88.864,27.387],[88.85,27.378],[88.817,27.405],[88.802,27.447],[88.791,27.455],[88.791,27.496],[88.796,27.529],[88.783,27.537],[88.775,27.565],[88.793,27.576],[88.813,27.603],[88.818,27.642],[88.83,27.643],[88.854,27.669],[88.853,27.7],[88.87,27.739],[88.86,27.778],[88.863,27.818],[88.889,27.839],[88.889,27.892],[88.867,27.925],[88.844,27.932],[88.849,27.991],[88.837,28.015],[88.814,28.026],[88.791,28.051],[88.749,28.076],[88.694,28.079],[88.675,28.074],[88.646,28.104],[88.63,28.131],[88.616,28.127],[88.625,28.103],[88.583,28.085],[88.563,28.085],[88.561,28.065],[88.542,28.036],[88.51,28.049],[88.49,28.045],[88.47,28.019],[88.435,28.008],[88.411,27.983],[88.397,27.977],[88.372,27.988],[88.346,27.988],[88.313,27.97],[88.288,27.967],[88.253,27.948],[88.238,27.967],[88.212,27.966],[88.203,27.946],[88.182,27.944],[88.148,27.963],[88.132,27.95],[88.138,27.938],[88.123,27.912],[88.139,27.881],[88.134,27.873],[88.181,27.865],[88.202,27.85],[88.198,27.834],[88.177,27.821],[88.199,27.788],[88.181,27.749],[88.16,27.736],[88.152,27.704],[88.151,27.669],[88.126,27.647],[88.111,27.607],[88.086,27.59],[88.084,27.562],[88.067,27.549],[88.07,27.534],[88.047,27.493],[88.051,27.472],[88.069,27.451],[88.071,27.426],[88.049,27.407],[88.047,27.364],[88.065,27.338],[88.049,27.312],[88.033,27.269],[88.033,27.248],[88.017,27.216],[88.041,27.221],[88.066,27.213],[88.091,27.165],[88.096,27.138],[88.16,27.111],[88.186,27.134],[88.221,27.135],[88.24,27.119],[88.285,27.131],[88.312,27.128],[88.328,27.116],[88.371,27.098],[88.395,27.098],[88.439,27.081],[88.462,27.089],[88.474,27.114],[88.503,27.125],[88.529,27.15],[88.528,27.175],[88.548,27.183],[88.599,27.194],[88.626,27.188],[88.646,27.167],[88.667,27.162],[88.692,27.18],[88.719,27.165],[88.725,27.144],[88.74,27.137],[88.759,27.148]]]},"properties":{"ST_NM":"Sikkim"}},
{"type":"Feature","geometry":{"type":"MultiPolygon","coordinates":[[[[79.327,9.297],[79.333,9.314],[79.317,9.325],[79.29,9.316],[79.28,9.299],[79.26,9.291],[79.233,9.294],[79.211,9.289],[79.22,9.258],[79.262,9.261],[79.331,9.231],[79.401,9.183],[79.417,9.184],[79.355,9.231],[79.317,9.275],[79.327,9.297]]],[[[79.774,11.876],[79.779,11.878],[79.78,11.878],[79.781,11.873],[79.784,11.862],[79.79,11.876],[79.796,11.89],[79.781,11.902],[79.771,11.894],[79.774,11.876]]],[[[79.695,11.885],[79.693,11.884],[79.695,11.894],[79.723,11.888],[79.74,11.906],[79.719,11.927],[79.721,11.943],[79.699,11.941],[79.698,11.961],[79.716,11.966],[79.71,11.989],[79.657,11.99],[79.662,12.007],[79.662,12.011],[79.706,12.032],[79.706,12.01],[79.721,11.992],[79.74,11.992],[79.75,12.009],[79.765,12],[79.749,11.962],[79.763,11.943],[79.787,11.961],[79.807,11.962],[79.807,11.972],[79.841,11.955],[79.858,12.005],[79.842,12.011],[79.844,12.032],[79.846,12.038],[79.85,12.05],[79.875,12.043],[79.895,12.081],[79.99,12.227],[79.993,12.235],[80.024,12.286],[80.067,12.348],[80.086,12.368],[80.138,12.432],[80.131,12.447],[80.149,12.459],[80.164,12.478],[80.164,12.517],[80.188,12.572],[80.201,12.622],[80.237,12.726],[80.253,12.765],[80.247,12.793],[80.252,12.878],[80.26,12.937],[80.279,13.013],[80.285,13.055],[80.301,13.084],[80.298,13.119],[80.333,13.245],[80.342,13.27],[80.346,13.312],[80.328,13.385],[80.289,13.403],[80.287,13.44],[80.311,13.432],[80.318,13.452],[80.302,13.476],[80.284,13.534],[80.27,13.563],[80.265,13.56],[80.253,13.506],[80.242,13.468],[80.225,13.483],[80.148,13.494],[80.147,13.504],[80.113,13.508],[80.111,13.492],[80.08,13.491],[80.08,13.526],[80.085,13.547],[80.058,13.535],[80.002,13.54],[80.032,13.515],[80.05,13.512],[80.049,13.498],[80.018,13.501],[79.986,13.48],[79.974,13.464],[79.976,13.431],[79.945,13.417],[79.948,13.398],[79.966,13.387],[79.938,13.349],[79.917,13.346],[79.864,13.316],[79.813,13.317],[79.792,13.295],[79.767,13.315],[79.759,13.293],[79.734,13.278],[79.765,13.257],[79.796,13.241],[79.757,13.208],[79.745,13.228],[79.728,13.227],[79.684,13.248],[79.697,13.269],[79.681,13.294],[79.645,13.286],[79.633,13.271],[79.614,13.28],[79.598,13.26],[79.578,13.262],[79.554,13.291],[79.548,13.323],[79.51,13.327],[79.467,13.336],[79.429,13.334],[79.387,13.315],[79.418,13.297],[79.434,13.299],[79.42,13.25],[79.423,13.224],[79.448,13.242],[79.458,13.229],[79.434,13.221],[79.433,13.197],[79.397,13.197],[79.381,13.188],[79.374,13.168],[79.36,13.175],[79.362,13.138],[79.311,13.127],[79.286,13.133],[79.284,13.15],[79.239,13.146],[79.226,13.109],[79.205,13.101],[79.182,13.065],[79.189,13.05],[79.183,13.027],[79.165,13.019],[79.131,13.034],[79.117,13.036],[79.095,13.024],[79.081,13.026],[79.065,13.05],[79.012,13.069],[78.994,13.088],[78.958,13.075],[78.926,13.079],[78.894,13.031],[78.892,13.081],[78.844,13.081],[78.812,13.086],[78.789,13.064],[78.751,13.056],[78.714,13.067],[78.705,13.015],[78.663,13.029],[78.632,12.985],[78.658,12.93],[78.636,12.925],[78.618,12.884],[78.616,12.868],[78.603,12.849],[78.609,12.822],[78.6,12.816],[78.592,12.778],[78.57,12.762],[78.557,12.739],[78.564,12.708],[78.536,12.69],[78.528,12.714],[78.506,12.741],[78.505,12.68],[78.486,12.67],[78.469,12.673],[78.471,12.628],[78.38,12.622],[78.32,12.66],[78.302,12.663],[78.276,12.702],[78.239,12.699],[78.239,12.684],[78.211,12.686],[78.206,12.705],[78.231,12.713],[78.24,12.73],[78.232,12.763],[78.177,12.775],[78.169,12.77],[78.131,12.78],[78.125,12.797],[78.097,12.813],[78.075,12.84],[78.033,12.851],[78.004,12.823],[77.992,12.82],[77.968,12.846],[77.95,12.839],[77.943,12.822],[77.919,12.831],[77.925,12.854],[77.938,12.86],[77.924,12.883],[77.897,12.876],[77.892,12.868],[77.835,12.868],[77.832,12.859],[77.793,12.837],[77.811,12.83],[77.798,12.79],[77.782,12.769],[77.795,12.754],[77.788,12.743],[77.768,12.738],[77.773,12.724],[77.76,12.696],[77.737,12.692],[77.728,12.671],[77.714,12.683],[77.705,12.66],[77.678,12.66],[77.68,12.68],[77.664,12.683],[77.6,12.666],[77.598,12.652],[77.608,12.63],[77.592,12.614],[77.591,12.593],[77.58,12.567],[77.588,12.516],[77.615,12.512],[77.612,12.501],[77.585,12.477],[77.607,12.474],[77.627,12.495],[77.635,12.486],[77.626,12.414],[77.614,12.363],[77.579,12.333],[77.566,12.306],[77.553,12.293],[77.534,12.29],[77.529,12.278],[77.503,12.282],[77.48,12.271],[77.473,12.245],[77.484,12.234],[77.476,12.211],[77.493,12.199],[77.522,12.193],[77.549,12.204],[77.566,12.196],[77.615,12.204],[77.64,12.196],[77.666,12.197],[77.737,12.177],[77.75,12.157],[77.751,12.139],[77.778,12.119],[77.757,12.079],[77.732,12.063],[77.701,12.019],[77.675,11.962],[77.676,11.949],[77.648,11.95],[77.584,11.933],[77.559,11.94],[77.535,11.931],[77.501,11.939],[77.487,11.899],[77.465,11.9],[77.467,11.848],[77.442,11.781],[77.423,11.771],[77.393,11.785],[77.366,11.787],[77.356,11.773],[77.337,11.768],[77.295,11.807],[77.289,11.798],[77.252,11.811],[77.237,11.792],[77.2,11.791],[77.176,11.783],[77.147,11.78],[77.137,11.769],[77.113,11.771],[77.119,11.721],[77.106,11.732],[77.086,11.732],[77.06,11.766],[77.051,11.786],[77.032,11.803],[77.014,11.811],[76.984,11.799],[76.969,11.773],[76.954,11.789],[76.909,11.791],[76.897,11.774],[76.89,11.733],[76.863,11.707],[76.839,11.657],[76.839,11.637],[76.86,11.61],[76.845,11.592],[76.826,11.605],[76.761,11.614],[76.634,11.611],[76.617,11.608],[76.562,11.62],[76.549,11.678],[76.512,11.705],[76.482,11.685],[76.459,11.662],[76.431,11.666],[76.442,11.641],[76.429,11.632],[76.388,11.629],[76.379,11.6],[76.343,11.585],[76.336,11.595],[76.306,11.571],[76.298,11.587],[76.278,11.6],[76.233,11.571],[76.25,11.531],[76.241,11.525],[76.252,11.501],[76.248,11.466],[76.266,11.48],[76.286,11.481],[76.329,11.452],[76.342,11.466],[76.37,11.455],[76.417,11.422],[76.457,11.389],[76.519,11.368],[76.518,11.354],[76.547,11.359],[76.549,11.328],[76.523,11.269],[76.455,11.238],[76.452,11.207],[76.462,11.187],[76.475,11.206],[76.515,11.209],[76.531,11.198],[76.587,11.204],[76.612,11.203],[76.633,11.193],[76.707,11.239],[76.737,11.214],[76.731,11.192],[76.716,11.187],[76.696,11.165],[76.707,11.14],[76.751,11.118],[76.744,11.101],[76.756,11.092],[76.745,11.072],[76.762,11.055],[76.767,11.032],[76.722,11.04],[76.701,11.025],[76.69,11.007],[76.688,10.987],[76.671,10.968],[76.658,10.937],[76.663,10.928],[76.695,10.91],[76.711,10.909],[76.743,10.889],[76.784,10.89],[76.796,10.879],[76.829,10.87],[76.856,10.835],[76.848,10.824],[76.871,10.808],[76.9,10.808],[76.909,10.779],[76.905,10.759],[76.887,10.715],[76.867,10.681],[76.882,10.672],[76.884,10.638],[76.817,10.634],[76.815,10.622],[76.827,10.596],[76.842,10.593],[76.836,10.546],[76.844,10.537],[76.832,10.499],[76.83,10.447],[76.819,10.423],[76.835,10.402],[76.828,10.395],[76.852,10.368],[76.84,10.346],[76.832,10.303],[76.845,10.292],[76.863,10.291],[76.875,10.275],[76.897,10.263],[76.905,10.241],[76.922,10.231],[76.941,10.238],[76.972,10.227],[76.995,10.228],[77.032,10.25],[77.052,10.257],[77.059,10.283],[77.087,10.304],[77.128,10.319],[77.176,10.355],[77.236,10.349],[77.228,10.315],[77.265,10.263],[77.265,10.233],[77.289,10.23],[77.295,10.216],[77.279,10.189],[77.273,10.164],[77.275,10.138],[77.268,10.121],[77.239,10.127],[77.202,10.105],[77.219,10.077],[77.264,10.025],[77.255,10.012],[77.265,9.982],[77.276,9.973],[77.265,9.952],[77.255,9.952],[77.237,9.932],[77.219,9.903],[77.214,9.875],[77.239,9.852],[77.234,9.822],[77.249,9.798],[77.225,9.789],[77.228,9.764],[77.223,9.731],[77.205,9.724],[77.207,9.695],[77.195,9.669],[77.181,9.657],[77.17,9.623],[77.171,9.61],[77.19,9.606],[77.201,9.615],[77.239,9.582],[77.277,9.576],[77.302,9.596],[77.32,9.602],[77.337,9.577],[77.357,9.587],[77.367,9.536],[77.387,9.518],[77.403,9.516],[77.399,9.47],[77.389,9.455],[77.368,9.459],[77.351,9.44],[77.338,9.415],[77.344,9.403],[77.336,9.385],[77.337,9.36],[77.303,9.317],[77.283,9.3],[77.284,9.271],[77.276,9.233],[77.284,9.218],[77.267,9.199],[77.269,9.152],[77.25,9.127],[77.229,9.115],[77.213,9.097],[77.21,9.074],[77.197,9.053],[77.171,9.045],[77.149,9.02],[77.151,9.008],[77.176,8.987],[77.181,8.971],[77.198,8.955],[77.198,8.924],[77.211,8.93],[77.224,8.902],[77.242,8.894],[77.258,8.877],[77.265,8.84],[77.235,8.806],[77.233,8.784],[77.195,8.743],[77.173,8.746],[77.185,8.716],[77.197,8.708],[77.217,8.649],[77.247,8.621],[77.247,8.606],[77.27,8.579],[77.284,8.546],[77.267,8.51],[77.242,8.497],[77.225,8.513],[77.21,8.496],[77.229,8.446],[77.208,8.443],[77.199,8.417],[77.173,8.385],[77.154,8.386],[77.176,8.353],[77.169,8.33],[77.141,8.331],[77.124,8.309],[77.1,8.291],[77.128,8.266],[77.168,8.241],[77.181,8.225],[77.234,8.189],[77.25,8.17],[77.277,8.164],[77.3,8.147],[77.318,8.121],[77.358,8.124],[77.389,8.108],[77.455,8.089],[77.505,8.08],[77.556,8.079],[77.566,8.09],[77.559,8.103],[77.563,8.122],[77.589,8.141],[77.655,8.159],[77.673,8.156],[77.733,8.169],[77.753,8.179],[77.766,8.193],[77.787,8.203],[77.787,8.226],[77.814,8.246],[77.87,8.261],[77.89,8.271],[77.91,8.291],[77.948,8.306],[77.974,8.334],[78.041,8.358],[78.063,8.37],[78.06,8.381],[78.067,8.416],[78.105,8.463],[78.129,8.484],[78.133,8.499],[78.125,8.536],[78.135,8.553],[78.142,8.591],[78.126,8.635],[78.141,8.693],[78.16,8.716],[78.175,8.766],[78.165,8.793],[78.172,8.88],[78.183,8.896],[78.192,8.928],[78.221,8.969],[78.268,9.001],[78.282,9.022],[78.307,9.029],[78.309,9.039],[78.422,9.113],[78.527,9.136],[78.575,9.128],[78.6,9.148],[78.63,9.157],[78.652,9.157],[78.646,9.175],[78.673,9.194],[78.694,9.195],[78.721,9.187],[78.722,9.203],[78.815,9.237],[78.878,9.257],[78.905,9.248],[78.915,9.259],[78.942,9.271],[78.988,9.275],[79.055,9.262],[79.094,9.26],[79.15,9.275],[79.184,9.278],[79.187,9.288],[79.148,9.288],[79.121,9.293],[79.101,9.289],[79.08,9.297],[79.052,9.3],[78.988,9.355],[78.93,9.416],[78.9,9.457],[78.898,9.489],[78.915,9.5],[78.919,9.565],[78.925,9.586],[78.955,9.626],[78.991,9.712],[79.014,9.732],[79.029,9.752],[79.056,9.771],[79.075,9.793],[79.08,9.81],[79.123,9.858],[79.125,9.889],[79.151,9.911],[79.167,9.943],[79.195,9.964],[79.222,10.007],[79.263,10.036],[79.251,10.05],[79.245,10.071],[79.227,10.093],[79.233,10.124],[79.229,10.145],[79.24,10.175],[79.278,10.214],[79.276,10.238],[79.299,10.264],[79.318,10.272],[79.329,10.286],[79.353,10.29],[79.388,10.322],[79.439,10.325],[79.519,10.312],[79.536,10.324],[79.538,10.341],[79.549,10.349],[79.582,10.342],[79.598,10.328],[79.556,10.33],[79.545,10.309],[79.617,10.302],[79.652,10.29],[79.666,10.291],[79.72,10.28],[79.769,10.273],[79.748,10.3],[79.723,10.289],[79.7,10.295],[79.681,10.307],[79.648,10.316],[79.613,10.318],[79.638,10.338],[79.706,10.312],[79.729,10.33],[79.739,10.316],[79.759,10.311],[79.786,10.29],[79.798,10.271],[79.878,10.286],[79.871,10.34],[79.862,10.493],[79.857,10.669],[79.851,10.718],[79.849,10.827],[79.831,10.83],[79.82,10.887],[79.793,10.891],[79.79,10.905],[79.766,10.905],[79.76,10.915],[79.744,10.913],[79.745,10.918],[79.737,10.921],[79.738,10.926],[79.726,10.928],[79.728,10.934],[79.721,10.934],[79.726,10.942],[79.73,10.943],[79.721,10.967],[79.728,10.967],[79.762,10.959],[79.763,10.965],[79.755,10.985],[79.747,10.986],[79.754,11.004],[79.76,11],[79.789,10.995],[79.8,10.983],[79.819,11.002],[79.842,11.002],[79.852,10.988],[79.857,11.013],[79.857,11.151],[79.854,11.195],[79.846,11.247],[79.838,11.283],[79.834,11.328],[79.84,11.346],[79.825,11.367],[79.81,11.439],[79.791,11.476],[79.763,11.538],[79.758,11.578],[79.759,11.613],[79.77,11.674],[79.793,11.756],[79.795,11.785],[79.784,11.787],[79.755,11.774],[79.729,11.781],[79.718,11.796],[79.723,11.797],[79.727,11.809],[79.733,11.808],[79.737,11.809],[79.733,11.813],[79.739,11.843],[79.764,11.831],[79.764,11.823],[79.774,11.822],[79.793,11.833],[79.798,11.834],[79.801,11.834],[79.806,11.831],[79.808,11.832],[79.808,11.834],[79.801,11.853],[79.782,11.855],[79.776,11.838],[79.773,11.837],[79.776,11.838],[79.773,11.837],[79.763,11.847],[79.77,11.872],[79.746,11.861],[79.709,11.868],[79.711,11.888],[79.695,11.885],[79.693,11.884],[79.695,11.885]],[[79.636,11.881],[79.637,11.887],[79.664,11.86],[79.65,11.849],[79.602,11.857],[79.609,11.877],[79.636,11.881]],[[79.644,11.953],[79.643,11.946],[79.671,11.933],[79.67,11.917],[79.642,11.905],[79.642,11.901],[79.628,11.904],[79.62,11.924],[79.62,11.94],[79.629,11.944],[79.625,11.988],[79.62,12],[79.628,12.03],[79.654,12.024],[79.644,12.006],[79.638,11.977],[79.644,11.953]],[[79.689,11.972],[79.685,11.953],[79.661,11.957],[79.663,11.968],[79.689,11.972]],[[79.67,11.815],[79.646,11.816],[79.649,11.844],[79.67,11.815]]]]},"properties":{"ST_NM":"Tamil Nadu"}},
{"type":"Feature","geometry":{"type":"Polygon","coordinates":[[[80.275,18.722],[80.254,18.706],[80.209,18.702],[80.196,18.68],[80.175,18.684],[80.165,18.7],[80.114,18.682],[80.089,18.707],[80.053,18.725],[80.04,18.751],[80.026,18.755],[80.019,18.771],[79.939,18.788],[79.923,18.801],[79.901,18.835],[79.932,18.841],[79.946,18.863],[79.948,18.941],[79.938,18.978],[79.941,19.025],[79.933,19.046],[79.898,19.049],[79.878,19.039],[79.864,19.046],[79.868,19.063],[79.865,19.107],[79.878,19.126],[79.913,19.145],[79.949,19.179],[79.929,19.207],[79.927,19.23],[79.952,19.287],[79.969,19.301],[79.964,19.338],[79.971,19.354],[79.98,19.404],[79.952,19.444],[79.952,19.462],[79.918,19.495],[79.885,19.503],[79.835,19.54],[79.823,19.571],[79.8,19.583],[79.784,19.6],[79.747,19.605],[79.719,19.586],[79.684,19.579],[79.646,19.577],[79.628,19.567],[79.614,19.542],[79.607,19.51],[79.598,19.504],[79.572,19.513],[79.554,19.528],[79.549,19.551],[79.521,19.544],[79.52,19.52],[79.477,19.5],[79.464,19.521],[79.447,19.536],[79.42,19.536],[79.377,19.564],[79.375,19.573],[79.347,19.576],[79.32,19.567],[79.311,19.592],[79.261,19.613],[79.243,19.611],[79.256,19.579],[79.246,19.561],[79.243,19.529],[79.222,19.512],[79.215,19.487],[79.225,19.466],[79.195,19.461],[79.175,19.47],[79.146,19.503],[79.111,19.514],[79.109,19.53],[79.069,19.533],[79.057,19.547],[79.024,19.542],[78.998,19.564],[78.984,19.552],[78.96,19.564],[78.983,19.581],[78.984,19.592],[78.968,19.619],[78.975,19.651],[78.949,19.666],[78.921,19.669],[78.896,19.657],[78.864,19.658],[78.869,19.698],[78.862,19.732],[78.851,19.759],[78.813,19.759],[78.79,19.78],[78.744,19.78],[78.722,19.768],[78.707,19.786],[78.624,19.81],[78.609,19.818],[78.59,19.812],[78.531,19.822],[78.499,19.794],[78.481,19.817],[78.433,19.824],[78.402,19.837],[78.391,19.853],[78.389,19.88],[78.341,19.884],[78.315,19.913],[78.299,19.85],[78.344,19.84],[78.344,19.814],[78.365,19.806],[78.372,19.782],[78.365,19.755],[78.35,19.735],[78.35,19.714],[78.327,19.704],[78.321,19.691],[78.29,19.69],[78.274,19.664],[78.292,19.655],[78.316,19.605],[78.316,19.573],[78.301,19.559],[78.304,19.505],[78.315,19.487],[78.314,19.457],[78.302,19.45],[78.278,19.455],[78.257,19.431],[78.229,19.435],[78.192,19.397],[78.184,19.354],[78.202,19.333],[78.198,19.304],[78.188,19.28],[78.188,19.243],[78.154,19.231],[78.131,19.248],[78.104,19.247],[78.087,19.256],[78.062,19.241],[78.052,19.249],[78.05,19.272],[78.031,19.28],[78.016,19.302],[77.99,19.31],[77.953,19.342],[77.93,19.333],[77.916,19.319],[77.865,19.303],[77.866,19.285],[77.905,19.278],[77.872,19.247],[77.848,19.189],[77.857,19.178],[77.853,19.156],[77.838,19.134],[77.849,19.115],[77.846,19.088],[77.832,19.086],[77.819,19.105],[77.804,19.1],[77.797,19.072],[77.801,19.052],[77.765,19.063],[77.761,19.03],[77.768,19.021],[77.771,18.983],[77.821,18.984],[77.817,18.951],[77.858,18.954],[77.844,18.913],[77.861,18.907],[77.886,18.91],[77.903,18.869],[77.929,18.861],[77.948,18.844],[77.947,18.824],[77.912,18.831],[77.841,18.809],[77.827,18.77],[77.807,18.731],[77.806,18.718],[77.79,18.696],[77.753,18.691],[77.737,18.677],[77.734,18.644],[77.747,18.623],[77.751,18.591],[77.732,18.553],[77.716,18.556],[77.661,18.529],[77.644,18.556],[77.601,18.549],[77.59,18.505],[77.606,18.493],[77.605,18.476],[77.58,18.485],[77.574,18.468],[77.586,18.445],[77.564,18.437],[77.532,18.442],[77.529,18.429],[77.559,18.42],[77.553,18.389],[77.525,18.366],[77.531,18.341],[77.557,18.333],[77.574,18.31],[77.554,18.293],[77.574,18.292],[77.607,18.28],[77.576,18.242],[77.589,18.219],[77.574,18.191],[77.583,18.164],[77.601,18.154],[77.597,18.13],[77.604,18.102],[77.601,18.086],[77.571,18.078],[77.549,18.056],[77.557,18.037],[77.61,18.02],[77.633,17.995],[77.65,17.996],[77.657,17.972],[77.648,17.949],[77.624,17.947],[77.62,17.905],[77.589,17.911],[77.596,17.882],[77.571,17.869],[77.567,17.844],[77.558,17.833],[77.53,17.829],[77.53,17.814],[77.515,17.804],[77.508,17.785],[77.527,17.782],[77.558,17.764],[77.566,17.75],[77.543,17.728],[77.531,17.73],[77.498,17.719],[77.493,17.709],[77.461,17.701],[77.449,17.66],[77.454,17.635],[77.444,17.607],[77.444,17.584],[77.465,17.58],[77.478,17.568],[77.494,17.569],[77.505,17.544],[77.531,17.576],[77.552,17.552],[77.589,17.561],[77.596,17.536],[77.625,17.525],[77.661,17.524],[77.692,17.502],[77.688,17.476],[77.652,17.484],[77.638,17.475],[77.615,17.473],[77.615,17.447],[77.6,17.446],[77.577,17.457],[77.577,17.433],[77.537,17.444],[77.514,17.43],[77.515,17.416],[77.537,17.402],[77.525,17.389],[77.525,17.365],[77.486,17.357],[77.479,17.371],[77.455,17.373],[77.46,17.348],[77.453,17.318],[77.438,17.291],[77.458,17.279],[77.384,17.223],[77.397,17.215],[77.395,17.196],[77.374,17.193],[77.364,17.165],[77.38,17.141],[77.408,17.126],[77.467,17.107],[77.464,17.096],[77.481,17.08],[77.482,17.064],[77.497,17.036],[77.503,17.011],[77.482,16.994],[77.483,16.972],[77.468,16.956],[77.472,16.921],[77.457,16.913],[77.465,16.848],[77.461,16.827],[77.476,16.8],[77.471,16.78],[77.439,16.781],[77.441,16.767],[77.428,16.718],[77.473,16.713],[77.469,16.682],[77.421,16.667],[77.437,16.642],[77.466,16.653],[77.476,16.647],[77.458,16.611],[77.461,16.585],[77.441,16.585],[77.425,16.569],[77.396,16.569],[77.406,16.551],[77.42,16.548],[77.42,16.522],[77.385,16.516],[77.373,16.506],[77.37,16.488],[77.328,16.485],[77.301,16.495],[77.296,16.478],[77.255,16.472],[77.268,16.434],[77.289,16.407],[77.337,16.392],[77.357,16.381],[77.377,16.384],[77.416,16.367],[77.442,16.379],[77.486,16.382],[77.523,16.375],[77.54,16.357],[77.589,16.333],[77.596,16.317],[77.585,16.291],[77.57,16.302],[77.548,16.292],[77.529,16.274],[77.506,16.272],[77.492,16.254],[77.5,16.218],[77.5,16.192],[77.488,16.163],[77.491,16.12],[77.503,16.102],[77.508,16.078],[77.496,16.035],[77.515,16.007],[77.51,15.978],[77.52,15.968],[77.514,15.926],[77.594,15.912],[77.612,15.917],[77.645,15.888],[77.689,15.879],[77.722,15.892],[77.805,15.871],[77.84,15.881],[77.861,15.881],[77.873,15.898],[77.894,15.901],[77.934,15.882],[77.979,15.88],[78.008,15.865],[78.023,15.901],[78.046,15.904],[78.055,15.877],[78.07,15.85],[78.108,15.834],[78.133,15.841],[78.132,15.855],[78.171,15.855],[78.188,15.894],[78.187,15.906],[78.212,15.923],[78.234,15.93],[78.249,15.943],[78.255,15.974],[78.266,16.001],[78.258,16.032],[78.275,16.041],[78.299,16.034],[78.323,16.035],[78.347,16.059],[78.377,16.066],[78.412,16.087],[78.458,16.087],[78.503,16.079],[78.566,16.063],[78.611,16.103],[78.644,16.098],[78.694,16.047],[78.721,16.033],[78.746,16.028],[78.783,16.03],[78.816,16.053],[78.844,16.094],[78.84,16.158],[78.864,16.165],[78.874,16.151],[78.88,16.117],[78.909,16.104],[78.929,16.129],[78.913,16.172],[78.916,16.198],[78.967,16.224],[79,16.235],[79.028,16.251],[79.05,16.252],[79.076,16.245],[79.131,16.245],[79.185,16.224],[79.215,16.238],[79.233,16.257],[79.238,16.307],[79.236,16.344],[79.219,16.37],[79.227,16.445],[79.244,16.465],[79.232,16.499],[79.238,16.526],[79.269,16.553],[79.274,16.568],[79.328,16.583],[79.353,16.586],[79.435,16.589],[79.451,16.601],[79.459,16.616],[79.505,16.637],[79.545,16.639],[79.572,16.645],[79.608,16.67],[79.656,16.669],[79.664,16.681],[79.691,16.698],[79.731,16.7],[79.759,16.727],[79.783,16.737],[79.819,16.698],[79.87,16.706],[79.882,16.696],[79.899,16.657],[79.911,16.645],[79.932,16.638],[79.951,16.64],[79.982,16.667],[80,16.7],[80.025,16.719],[80.056,16.753],[80.06,16.779],[80.078,16.821],[80.05,16.834],[80.041,16.86],[80.022,16.86],[80,16.871],[80.018,16.915],[80.045,16.944],[80.054,16.973],[80.093,16.97],[80.096,16.995],[80.114,16.989],[80.142,16.993],[80.151,17.009],[80.176,17.031],[80.19,17.052],[80.203,17.05],[80.204,17.025],[80.226,17.027],[80.25,17.01],[80.271,17.018],[80.31,16.964],[80.322,16.92],[80.328,16.879],[80.344,16.864],[80.367,16.863],[80.382,16.819],[80.427,16.85],[80.432,16.837],[80.461,16.823],[80.465,16.798],[80.498,16.784],[80.572,16.771],[80.606,16.794],[80.595,16.815],[80.563,16.833],[80.571,16.845],[80.574,16.877],[80.596,16.882],[80.591,16.911],[80.593,16.935],[80.578,16.935],[80.54,16.958],[80.529,16.944],[80.5,16.956],[80.486,16.929],[80.451,16.953],[80.369,16.978],[80.38,17.004],[80.397,17.022],[80.376,17.064],[80.404,17.085],[80.409,17.062],[80.429,17.033],[80.455,17.025],[80.461,17.045],[80.48,17.046],[80.493,17.064],[80.495,17.091],[80.505,17.109],[80.558,17.131],[80.569,17.146],[80.604,17.127],[80.638,17.118],[80.664,17.092],[80.646,17.08],[80.658,17.063],[80.693,17.077],[80.735,17.073],[80.755,17.063],[80.832,17.046],[80.841,17.034],[80.868,17.059],[80.865,17.077],[80.873,17.104],[80.864,17.12],[80.876,17.133],[80.879,17.154],[80.898,17.149],[80.922,17.154],[80.924,17.178],[80.914,17.209],[80.939,17.213],[80.965,17.196],[80.994,17.188],[81.035,17.195],[81.053,17.213],[81.071,17.212],[81.093,17.222],[81.154,17.24],[81.172,17.241],[81.189,17.263],[81.18,17.275],[81.181,17.314],[81.199,17.336],[81.228,17.33],[81.276,17.328],[81.298,17.346],[81.331,17.398],[81.352,17.394],[81.359,17.377],[81.394,17.364],[81.425,17.37],[81.429,17.381],[81.45,17.39],[81.502,17.457],[81.51,17.548],[81.533,17.581],[81.512,17.598],[81.521,17.618],[81.543,17.639],[81.562,17.675],[81.58,17.696],[81.582,17.727],[81.591,17.739],[81.618,17.752],[81.632,17.771],[81.683,17.775],[81.707,17.793],[81.713,17.808],[81.738,17.827],[81.762,17.827],[81.773,17.838],[81.791,17.84],[81.803,17.852],[81.79,17.879],[81.767,17.901],[81.712,17.869],[81.697,17.893],[81.672,17.885],[81.655,17.864],[81.651,17.847],[81.62,17.823],[81.583,17.835],[81.563,17.824],[81.49,17.811],[81.479,17.831],[81.446,17.823],[81.434,17.829],[81.418,17.813],[81.394,17.814],[81.324,17.82],[81.263,17.82],[81.2,17.854],[81.168,17.86],[81.106,17.824],[81.082,17.794],[81.064,17.79],[81.041,17.797],[81.021,17.824],[81.013,17.845],[81.003,17.921],[80.993,17.93],[80.981,18],[80.97,18.038],[80.974,18.05],[80.957,18.098],[80.957,18.13],[80.981,18.15],[80.982,18.175],[80.952,18.163],[80.909,18.141],[80.87,18.139],[80.864,18.149],[80.857,18.206],[80.876,18.213],[80.867,18.232],[80.832,18.24],[80.825,18.231],[80.827,18.198],[80.806,18.172],[80.77,18.169],[80.743,18.178],[80.741,18.225],[80.792,18.249],[80.774,18.284],[80.752,18.308],[80.752,18.323],[80.731,18.367],[80.721,18.411],[80.699,18.425],[80.703,18.44],[80.688,18.459],[80.658,18.478],[80.645,18.499],[80.64,18.524],[80.622,18.531],[80.609,18.55],[80.54,18.591],[80.518,18.621],[80.496,18.632],[80.458,18.631],[80.41,18.612],[80.389,18.598],[80.374,18.609],[80.349,18.591],[80.327,18.626],[80.304,18.69],[80.275,18.722]]]},"properties":{"ST_NM":"Telangana"}},
{"type":"Feature","geometry":{"type":"Polygon","coordinates":[[[92.233,24.502],[92.221,24.501],[92.17,24.527],[92.159,24.525],[92.154,24.503],[92.172,24.422],[92.139,24.422],[92.124,24.382],[92.095,24.374],[92.037,24.377],[92.01,24.385],[91.975,24.383],[91.992,24.351],[91.992,24.328],[91.962,24.358],[91.928,24.339],[91.927,24.322],[91.945,24.275],[91.944,24.258],[91.932,24.228],[91.915,24.148],[91.89,24.141],[91.883,24.159],[91.856,24.191],[91.848,24.225],[91.831,24.213],[91.798,24.222],[91.75,24.245],[91.762,24.168],[91.768,24.149],[91.75,24.142],[91.695,24.167],[91.667,24.231],[91.654,24.219],[91.663,24.186],[91.652,24.179],[91.641,24.145],[91.645,24.12],[91.63,24.097],[91.603,24.095],[91.606,24.081],[91.553,24.076],[91.502,24.086],[91.497,24.096],[91.47,24.097],[91.428,24.109],[91.382,24.105],[91.386,24.069],[91.404,24.054],[91.396,24.023],[91.379,23.998],[91.363,23.985],[91.334,23.991],[91.307,23.99],[91.285,23.98],[91.265,23.947],[91.269,23.925],[91.242,23.928],[91.247,23.913],[91.233,23.886],[91.254,23.838],[91.235,23.808],[91.228,23.787],[91.228,23.745],[91.2,23.754],[91.164,23.746],[91.153,23.712],[91.158,23.689],[91.205,23.69],[91.207,23.65],[91.162,23.663],[91.163,23.601],[91.215,23.547],[91.208,23.514],[91.225,23.499],[91.25,23.49],[91.259,23.448],[91.272,23.433],[91.283,23.406],[91.286,23.377],[91.3,23.35],[91.295,23.32],[91.318,23.309],[91.304,23.298],[91.327,23.238],[91.328,23.164],[91.335,23.156],[91.356,23.096],[91.371,23.075],[91.393,23.062],[91.422,23.071],[91.409,23.094],[91.396,23.151],[91.389,23.161],[91.384,23.195],[91.401,23.245],[91.417,23.261],[91.457,23.258],[91.488,23.205],[91.483,23.191],[91.497,23.18],[91.494,23.156],[91.518,23.144],[91.507,23.132],[91.52,23.118],[91.539,23.057],[91.537,23.04],[91.55,23.033],[91.546,22.998],[91.558,22.982],[91.579,22.97],[91.595,22.977],[91.622,22.944],[91.639,22.969],[91.704,22.991],[91.716,22.988],[91.748,23.013],[91.774,23.041],[91.777,23.064],[91.788,23.074],[91.811,23.069],[91.835,23.096],[91.821,23.099],[91.811,23.135],[91.805,23.18],[91.793,23.201],[91.792,23.231],[91.779,23.251],[91.778,23.276],[91.789,23.307],[91.807,23.332],[91.825,23.348],[91.841,23.373],[91.84,23.393],[91.867,23.408],[91.893,23.434],[91.912,23.439],[91.946,23.439],[91.947,23.471],[91.979,23.482],[91.955,23.586],[91.96,23.605],[91.948,23.627],[91.949,23.646],[91.94,23.664],[91.945,23.691],[91.962,23.698],[91.956,23.728],[91.984,23.731],[92,23.685],[92.012,23.663],[92.042,23.648],[92.081,23.649],[92.09,23.676],[92.107,23.676],[92.137,23.707],[92.146,23.728],[92.177,23.738],[92.181,23.708],[92.208,23.705],[92.217,23.691],[92.212,23.661],[92.224,23.653],[92.238,23.67],[92.247,23.696],[92.244,23.71],[92.268,23.724],[92.267,23.768],[92.259,23.813],[92.286,23.815],[92.273,23.84],[92.287,23.865],[92.315,23.862],[92.318,23.886],[92.331,23.91],[92.313,23.933],[92.312,23.968],[92.329,23.988],[92.317,24.016],[92.316,24.065],[92.328,24.079],[92.332,24.105],[92.328,24.137],[92.337,24.145],[92.328,24.164],[92.324,24.204],[92.297,24.225],[92.296,24.25],[92.213,24.248],[92.264,24.36],[92.273,24.387],[92.256,24.417],[92.257,24.435],[92.231,24.459],[92.233,24.502]]]},"properties":{"ST_NM":"Tripura"}},
{"type":"Feature","geometry":{"type":"MultiPolygon","coordinates":[[[[79.4,25.031],[79.424,25.045],[79.424,25.057],[79.392,25.083],[79.381,25.121],[79.367,25.129],[79.357,25.109],[79.378,25.102],[79.378,25.069],[79.362,25.049],[79.4,25.031]]],[[[80.07,28.829],[80.038,28.794],[80.052,28.777],[80.025,28.731],[80,28.711],[79.965,28.711],[79.941,28.72],[79.924,28.759],[79.901,28.78],[79.852,28.803],[79.858,28.815],[79.883,28.81],[79.887,28.824],[79.861,28.839],[79.836,28.839],[79.825,28.824],[79.828,28.806],[79.804,28.797],[79.82,28.85],[79.815,28.866],[79.786,28.886],[79.762,28.887],[79.752,28.877],[79.721,28.873],[79.698,28.861],[79.678,28.842],[79.666,28.843],[79.631,28.861],[79.604,28.86],[79.588,28.844],[79.563,28.84],[79.566,28.872],[79.545,28.884],[79.519,28.857],[79.488,28.861],[79.471,28.853],[79.445,28.856],[79.423,28.85],[79.407,28.879],[79.413,28.926],[79.391,28.93],[79.372,28.964],[79.361,28.946],[79.291,28.959],[79.25,29.001],[79.216,29.023],[79.18,29.01],[79.166,29.021],[79.177,29.045],[79.156,29.054],[79.147,29.076],[79.155,29.093],[79.154,29.114],[79.13,29.128],[79.113,29.126],[79.085,29.146],[79.058,29.149],[79.025,29.143],[79.029,29.112],[79.012,29.11],[78.979,29.159],[78.956,29.144],[78.917,29.157],[78.911,29.197],[78.876,29.243],[78.843,29.255],[78.826,29.246],[78.771,29.281],[78.74,29.307],[78.738,29.324],[78.77,29.344],[78.797,29.337],[78.826,29.364],[78.869,29.38],[78.899,29.403],[78.909,29.418],[78.913,29.45],[78.878,29.454],[78.778,29.478],[78.751,29.499],[78.706,29.503],[78.652,29.542],[78.634,29.547],[78.589,29.575],[78.543,29.618],[78.524,29.645],[78.52,29.685],[78.5,29.736],[78.437,29.756],[78.425,29.767],[78.399,29.768],[78.344,29.79],[78.315,29.752],[78.244,29.698],[78.234,29.712],[78.206,29.704],[78.178,29.674],[78.151,29.67],[78.146,29.653],[78.119,29.628],[78.103,29.619],[78.091,29.594],[78.071,29.596],[78.056,29.587],[78.055,29.566],[78.045,29.546],[77.991,29.549],[77.989,29.578],[77.959,29.585],[77.974,29.604],[77.989,29.608],[77.989,29.636],[77.974,29.667],[77.958,29.682],[77.953,29.709],[77.928,29.706],[77.912,29.692],[77.886,29.696],[77.846,29.666],[77.833,29.664],[77.805,29.676],[77.81,29.692],[77.77,29.711],[77.781,29.729],[77.774,29.738],[77.777,29.78],[77.754,29.804],[77.742,29.848],[77.716,29.862],[77.732,29.898],[77.745,29.908],[77.731,29.928],[77.757,29.967],[77.753,29.989],[77.766,30.012],[77.787,30.027],[77.771,30.041],[77.799,30.094],[77.833,30.088],[77.868,30.128],[77.885,30.158],[77.909,30.181],[77.917,30.21],[77.942,30.235],[77.93,30.251],[77.885,30.269],[77.879,30.265],[77.826,30.286],[77.764,30.32],[77.724,30.334],[77.687,30.38],[77.676,30.38],[77.649,30.405],[77.576,30.4],[77.588,30.38],[77.605,30.366],[77.583,30.332],[77.583,30.306],[77.545,30.282],[77.533,30.255],[77.509,30.229],[77.486,30.184],[77.46,30.164],[77.436,30.164],[77.43,30.136],[77.413,30.108],[77.421,30.098],[77.386,30.088],[77.344,30.06],[77.31,30.055],[77.283,30.044],[77.285,30.029],[77.263,29.984],[77.192,29.897],[77.194,29.868],[77.18,29.842],[77.181,29.825],[77.168,29.812],[77.164,29.788],[77.13,29.771],[77.125,29.744],[77.152,29.712],[77.154,29.697],[77.137,29.692],[77.132,29.675],[77.141,29.654],[77.121,29.642],[77.097,29.596],[77.113,29.572],[77.121,29.548],[77.096,29.529],[77.109,29.507],[77.126,29.498],[77.135,29.481],[77.129,29.451],[77.151,29.437],[77.136,29.417],[77.15,29.379],[77.128,29.372],[77.131,29.345],[77.158,29.34],[77.165,29.312],[77.14,29.268],[77.154,29.233],[77.138,29.223],[77.151,29.177],[77.137,29.149],[77.149,29.13],[77.135,29.096],[77.168,29.072],[77.173,29.043],[77.202,29.016],[77.225,29.001],[77.201,28.956],[77.201,28.942],[77.216,28.931],[77.207,28.916],[77.227,28.895],[77.192,28.885],[77.197,28.862],[77.215,28.858],[77.228,28.83],[77.224,28.808],[77.205,28.797],[77.27,28.733],[77.287,28.729],[77.303,28.704],[77.316,28.712],[77.338,28.686],[77.328,28.674],[77.324,28.638],[77.347,28.616],[77.346,28.603],[77.317,28.591],[77.304,28.574],[77.305,28.556],[77.331,28.53],[77.348,28.503],[77.37,28.492],[77.386,28.471],[77.408,28.466],[77.408,28.453],[77.436,28.449],[77.446,28.426],[77.484,28.408],[77.479,28.389],[77.496,28.374],[77.504,28.353],[77.476,28.336],[77.506,28.301],[77.502,28.275],[77.477,28.264],[77.521,28.249],[77.548,28.249],[77.545,28.235],[77.525,28.224],[77.533,28.201],[77.548,28.185],[77.541,28.165],[77.508,28.157],[77.509,28.117],[77.482,28.098],[77.478,28.08],[77.492,28.055],[77.487,28.043],[77.516,28.017],[77.521,28.005],[77.545,27.988],[77.519,27.968],[77.545,27.96],[77.545,27.944],[77.528,27.926],[77.478,27.927],[77.484,27.906],[77.479,27.889],[77.451,27.873],[77.431,27.889],[77.411,27.876],[77.421,27.853],[77.383,27.858],[77.348,27.854],[77.322,27.824],[77.285,27.801],[77.313,27.782],[77.31,27.751],[77.319,27.731],[77.305,27.724],[77.311,27.708],[77.343,27.702],[77.351,27.647],[77.32,27.606],[77.334,27.591],[77.359,27.588],[77.339,27.565],[77.341,27.533],[77.349,27.519],[77.385,27.513],[77.401,27.496],[77.402,27.476],[77.438,27.456],[77.424,27.42],[77.44,27.394],[77.475,27.379],[77.506,27.376],[77.551,27.337],[77.583,27.321],[77.601,27.332],[77.625,27.333],[77.622,27.309],[77.6,27.295],[77.618,27.282],[77.615,27.267],[77.632,27.258],[77.653,27.233],[77.65,27.209],[77.681,27.195],[77.663,27.17],[77.639,27.164],[77.623,27.169],[77.601,27.134],[77.605,27.123],[77.553,27.11],[77.526,27.082],[77.535,27.061],[77.554,27.075],[77.574,27.072],[77.567,27.043],[77.607,27.023],[77.665,27.017],[77.679,27.043],[77.712,26.995],[77.73,26.995],[77.73,27.02],[77.744,27.028],[77.753,27.008],[77.744,26.982],[77.723,26.986],[77.7,26.973],[77.65,26.962],[77.588,26.925],[77.49,26.898],[77.463,26.884],[77.458,26.869],[77.43,26.861],[77.425,26.837],[77.447,26.814],[77.436,26.78],[77.472,26.764],[77.456,26.741],[77.488,26.748],[77.501,26.761],[77.489,26.782],[77.506,26.842],[77.521,26.839],[77.528,26.816],[77.573,26.819],[77.58,26.826],[77.616,26.829],[77.633,26.841],[77.665,26.851],[77.68,26.868],[77.724,26.876],[77.719,26.897],[77.732,26.917],[77.757,26.921],[77.773,26.932],[77.797,26.917],[77.813,26.923],[77.88,26.9],[77.898,26.884],[77.918,26.908],[77.937,26.907],[77.95,26.894],[77.971,26.907],[77.983,26.892],[78,26.905],[78.022,26.903],[78.044,26.869],[78.053,26.879],[78.051,26.91],[78.069,26.91],[78.095,26.896],[78.111,26.904],[78.121,26.922],[78.123,26.949],[78.148,26.951],[78.199,26.941],[78.241,26.928],[78.27,26.926],[78.261,26.899],[78.238,26.888],[78.235,26.877],[78.213,26.872],[78.218,26.83],[78.231,26.831],[78.264,26.814],[78.274,26.819],[78.276,26.844],[78.291,26.858],[78.35,26.868],[78.371,26.865],[78.394,26.822],[78.434,26.826],[78.454,26.798],[78.467,26.789],[78.524,26.779],[78.574,26.752],[78.611,26.75],[78.629,26.769],[78.668,26.763],[78.686,26.787],[78.724,26.794],[78.727,26.776],[78.75,26.787],[78.771,26.761],[78.82,26.76],[78.849,26.72],[78.874,26.699],[78.913,26.708],[78.957,26.691],[78.946,26.667],[78.957,26.657],[78.993,26.68],[79.01,26.668],[78.996,26.642],[79.012,26.621],[79.014,26.605],[78.991,26.588],[79.007,26.569],[79.007,26.545],[79.042,26.53],[79.04,26.519],[79.07,26.498],[79.072,26.479],[79.056,26.456],[79.078,26.441],[79.101,26.452],[79.135,26.439],[79.126,26.412],[79.089,26.4],[79.098,26.372],[79.085,26.357],[79.125,26.348],[79.135,26.31],[79.106,26.309],[79.086,26.282],[79.066,26.278],[79.055,26.25],[79.071,26.241],[79.049,26.224],[79.035,26.228],[79.019,26.246],[78.993,26.237],[78.998,26.226],[79.025,26.219],[79.029,26.203],[79.011,26.191],[78.984,26.187],[79.012,26.167],[79.009,26.149],[78.969,26.149],[78.953,26.132],[78.975,26.12],[78.98,26.103],[79.011,26.076],[78.991,26.068],[78.952,26.031],[78.959,26.02],[78.951,25.985],[78.923,25.944],[78.902,25.92],[78.884,25.91],[78.895,25.894],[78.892,25.871],[78.866,25.867],[78.852,25.84],[78.874,25.829],[78.871,25.797],[78.849,25.8],[78.849,25.815],[78.824,25.826],[78.828,25.794],[78.807,25.794],[78.783,25.756],[78.754,25.744],[78.768,25.715],[78.799,25.705],[78.819,25.669],[78.819,25.64],[78.802,25.612],[78.74,25.598],[78.719,25.601],[78.684,25.589],[78.656,25.56],[78.628,25.568],[78.612,25.582],[78.589,25.559],[78.554,25.559],[78.535,25.568],[78.488,25.575],[78.456,25.547],[78.433,25.556],[78.416,25.528],[78.416,25.503],[78.429,25.474],[78.401,25.466],[78.393,25.449],[78.368,25.441],[78.355,25.45],[78.342,25.426],[78.339,25.399],[78.301,25.362],[78.33,25.35],[78.338,25.332],[78.315,25.306],[78.352,25.293],[78.352,25.278],[78.369,25.26],[78.362,25.245],[78.382,25.221],[78.402,25.216],[78.392,25.19],[78.41,25.184],[78.424,25.168],[78.451,25.168],[78.449,25.152],[78.43,25.14],[78.431,25.12],[78.396,25.122],[78.374,25.099],[78.339,25.088],[78.332,25.079],[78.337,25.04],[78.345,25.022],[78.334,24.995],[78.313,24.984],[78.296,24.963],[78.269,24.948],[78.263,24.937],[78.22,24.911],[78.206,24.891],[78.177,24.88],[78.17,24.866],[78.172,24.843],[78.193,24.838],[78.215,24.808],[78.232,24.772],[78.226,24.753],[78.233,24.731],[78.257,24.701],[78.274,24.665],[78.263,24.644],[78.276,24.611],[78.261,24.548],[78.23,24.537],[78.226,24.518],[78.244,24.507],[78.246,24.485],[78.269,24.478],[78.266,24.455],[78.273,24.443],[78.324,24.406],[78.343,24.399],[78.369,24.374],[78.333,24.334],[78.347,24.303],[78.368,24.292],[78.392,24.269],[78.441,24.293],[78.446,24.321],[78.474,24.335],[78.482,24.363],[78.506,24.39],[78.521,24.386],[78.534,24.37],[78.559,24.356],[78.585,24.353],[78.624,24.292],[78.661,24.269],[78.675,24.241],[78.705,24.23],[78.725,24.235],[78.733,24.248],[78.752,24.235],[78.761,24.243],[78.781,24.208],[78.791,24.181],[78.812,24.18],[78.817,24.204],[78.834,24.199],[78.845,24.21],[78.865,24.209],[78.888,24.225],[78.886,24.25],[78.916,24.269],[78.914,24.297],[78.939,24.315],[78.975,24.353],[78.974,24.369],[78.995,24.424],[78.989,24.443],[78.947,24.442],[78.938,24.456],[78.92,24.459],[78.908,24.484],[78.95,24.48],[78.973,24.493],[78.951,24.505],[78.947,24.539],[78.952,24.549],[78.92,24.577],[78.911,24.6],[78.9,24.609],[78.889,24.635],[78.87,24.637],[78.851,24.624],[78.838,24.604],[78.809,24.603],[78.784,24.589],[78.759,24.598],[78.755,24.632],[78.747,24.655],[78.762,24.669],[78.767,24.689],[78.779,24.699],[78.77,24.762],[78.771,24.79],[78.787,24.81],[78.771,24.857],[78.703,24.89],[78.675,24.898],[78.661,24.939],[78.632,24.957],[78.639,24.979],[78.644,25.021],[78.651,25.03],[78.649,25.057],[78.627,25.087],[78.604,25.093],[78.601,25.152],[78.577,25.197],[78.569,25.222],[78.576,25.254],[78.543,25.267],[78.528,25.283],[78.512,25.276],[78.496,25.287],[78.461,25.265],[78.436,25.276],[78.437,25.292],[78.476,25.298],[78.495,25.315],[78.512,25.297],[78.532,25.301],[78.541,25.326],[78.535,25.361],[78.563,25.343],[78.583,25.347],[78.585,25.372],[78.611,25.412],[78.641,25.404],[78.64,25.428],[78.665,25.439],[78.697,25.44],[78.708,25.421],[78.676,25.399],[78.665,25.383],[78.717,25.371],[78.711,25.354],[78.743,25.344],[78.772,25.353],[78.766,25.399],[78.753,25.41],[78.802,25.421],[78.797,25.437],[78.773,25.425],[78.755,25.443],[78.732,25.458],[78.734,25.485],[78.764,25.471],[78.797,25.478],[78.861,25.447],[78.865,25.462],[78.854,25.486],[78.834,25.499],[78.841,25.511],[78.884,25.519],[78.876,25.539],[78.893,25.556],[78.933,25.555],[78.949,25.546],[78.949,25.526],[78.924,25.512],[78.943,25.489],[78.938,25.463],[78.911,25.442],[78.937,25.423],[78.95,25.437],[78.968,25.434],[78.978,25.415],[78.976,25.391],[78.982,25.368],[78.956,25.365],[78.946,25.348],[78.904,25.36],[78.903,25.376],[78.939,25.372],[78.951,25.398],[78.923,25.395],[78.909,25.384],[78.882,25.383],[78.845,25.347],[78.841,25.326],[78.822,25.306],[78.799,25.31],[78.801,25.288],[78.819,25.289],[78.813,25.266],[78.842,25.228],[78.853,25.229],[78.87,25.278],[78.879,25.287],[78.864,25.312],[78.893,25.342],[78.939,25.327],[78.963,25.343],[78.96,25.307],[78.978,25.286],[78.951,25.275],[78.948,25.258],[78.916,25.269],[78.904,25.245],[78.879,25.246],[78.874,25.228],[78.889,25.21],[78.875,25.185],[78.884,25.157],[78.908,25.176],[78.932,25.206],[78.96,25.216],[78.977,25.212],[78.99,25.194],[79.008,25.211],[79.002,25.227],[78.98,25.238],[78.994,25.27],[79.02,25.269],[79.022,25.243],[79.034,25.23],[79.064,25.221],[79.032,25.182],[79.043,25.169],[79.029,25.138],[79.046,25.132],[79.065,25.146],[79.071,25.168],[79.092,25.188],[79.098,25.171],[79.127,25.159],[79.115,25.139],[79.132,25.125],[79.141,25.106],[79.187,25.113],[79.176,25.14],[79.192,25.146],[79.205,25.123],[79.246,25.112],[79.245,25.138],[79.258,25.156],[79.269,25.137],[79.262,25.126],[79.284,25.115],[79.29,25.129],[79.308,25.126],[79.322,25.147],[79.309,25.171],[79.291,25.185],[79.286,25.206],[79.301,25.235],[79.318,25.215],[79.349,25.226],[79.348,25.268],[79.322,25.257],[79.294,25.276],[79.279,25.262],[79.264,25.275],[79.268,25.305],[79.302,25.335],[79.341,25.328],[79.357,25.284],[79.373,25.263],[79.38,25.288],[79.41,25.274],[79.409,25.258],[79.461,25.252],[79.442,25.237],[79.45,25.216],[79.44,25.198],[79.417,25.204],[79.411,25.185],[79.391,25.166],[79.388,25.144],[79.397,25.116],[79.417,25.111],[79.426,25.129],[79.443,25.122],[79.444,25.103],[79.478,25.126],[79.468,25.092],[79.497,25.078],[79.508,25.095],[79.525,25.097],[79.521,25.121],[79.534,25.131],[79.558,25.165],[79.577,25.171],[79.582,25.155],[79.606,25.141],[79.641,25.128],[79.674,25.123],[79.684,25.132],[79.715,25.129],[79.747,25.138],[79.777,25.121],[79.835,25.096],[79.85,25.112],[79.868,25.152],[79.87,25.172],[79.86,25.199],[79.871,25.215],[79.853,25.232],[79.88,25.249],[79.902,25.242],[79.929,25.246],[79.957,25.261],[80.005,25.266],[80.002,25.284],[80.021,25.297],[80.018,25.32],[80.029,25.339],[80.078,25.339],[80.091,25.351],[80.135,25.336],[80.145,25.351],[80.167,25.362],[80.167,25.373],[80.196,25.379],[80.197,25.402],[80.253,25.4],[80.264,25.424],[80.282,25.421],[80.317,25.388],[80.321,25.368],[80.311,25.354],[80.32,25.33],[80.32,25.278],[80.348,25.274],[80.366,25.247],[80.386,25.233],[80.407,25.239],[80.41,25.217],[80.432,25.17],[80.424,25.161],[80.395,25.159],[80.357,25.136],[80.374,25.117],[80.369,25.1],[80.353,25.093],[80.345,25.067],[80.353,25.054],[80.308,25.044],[80.29,25.056],[80.275,25.026],[80.322,24.999],[80.334,24.999],[80.376,25.021],[80.387,25.052],[80.402,25.068],[80.431,25.067],[80.449,25.078],[80.468,25.066],[80.478,25.041],[80.454,25.041],[80.434,25.027],[80.485,24.989],[80.507,25.005],[80.55,25.003],[80.55,25.03],[80.514,25.04],[80.51,25.059],[80.495,25.088],[80.518,25.097],[80.527,25.078],[80.552,25.064],[80.587,25.084],[80.615,25.072],[80.596,25.105],[80.603,25.151],[80.63,25.118],[80.617,25.095],[80.65,25.089],[80.662,25.072],[80.687,25.078],[80.682,25.05],[80.735,25.068],[80.742,25.059],[80.784,25.058],[80.784,25.08],[80.754,25.095],[80.727,25.1],[80.726,25.125],[80.759,25.138],[80.79,25.133],[80.806,25.142],[80.827,25.127],[80.84,25.137],[80.85,25.164],[80.845,25.189],[80.878,25.185],[80.914,25.161],[80.873,25.12],[80.881,25.099],[80.872,25.084],[80.879,25.067],[80.849,25.047],[80.837,25.026],[80.858,24.999],[80.827,24.97],[80.807,24.971],[80.81,24.941],[80.829,24.933],[80.865,24.932],[80.897,24.944],[80.905,24.953],[80.945,24.969],[80.961,24.936],[81.008,24.937],[81.035,24.951],[81.085,24.949],[81.098,24.921],[81.136,24.89],[81.148,24.913],[81.161,24.913],[81.17,24.955],[81.214,24.936],[81.21,24.967],[81.221,24.974],[81.21,24.992],[81.228,25.004],[81.256,25.038],[81.27,25.065],[81.267,25.084],[81.254,25.102],[81.266,25.113],[81.268,25.138],[81.283,25.15],[81.277,25.162],[81.338,25.169],[81.358,25.164],[81.375,25.138],[81.397,25.121],[81.436,25.13],[81.447,25.111],[81.445,25.093],[81.492,25.072],[81.503,25.079],[81.502,25.107],[81.486,25.118],[81.486,25.135],[81.5,25.145],[81.527,25.148],[81.536,25.163],[81.516,25.181],[81.567,25.186],[81.596,25.18],[81.59,25.165],[81.614,25.162],[81.628,25.152],[81.601,25.133],[81.599,25.12],[81.64,25.1],[81.603,25.074],[81.63,25.054],[81.655,25.072],[81.686,25.061],[81.69,25.041],[81.714,25.035],[81.725,25.05],[81.8,25.007],[81.838,25.016],[81.855,25.004],[81.882,24.999],[81.91,24.98],[81.912,24.939],[81.919,24.918],[81.907,24.902],[81.911,24.881],[81.937,24.87],[81.935,24.858],[81.963,24.836],[82.013,24.848],[82.073,24.821],[82.09,24.819],[82.12,24.79],[82.14,24.802],[82.168,24.79],[82.182,24.798],[82.217,24.795],[82.204,24.761],[82.236,24.763],[82.247,24.752],[82.251,24.699],[82.237,24.688],[82.237,24.672],[82.278,24.679],[82.3,24.662],[82.307,24.626],[82.318,24.611],[82.338,24.621],[82.354,24.617],[82.369,24.6],[82.417,24.596],[82.412,24.634],[82.42,24.656],[82.41,24.682],[82.428,24.703],[82.44,24.704],[82.457,24.688],[82.457,24.676],[82.485,24.681],[82.495,24.673],[82.527,24.676],[82.537,24.65],[82.582,24.661],[82.596,24.672],[82.645,24.686],[82.674,24.698],[82.704,24.674],[82.7,24.647],[82.71,24.64],[82.736,24.645],[82.774,24.64],[82.776,24.596],[82.804,24.598],[82.809,24.551],[82.754,24.54],[82.724,24.555],[82.724,24.511],[82.745,24.498],[82.732,24.475],[82.734,24.425],[82.723,24.414],[82.715,24.384],[82.726,24.37],[82.769,24.371],[82.772,24.346],[82.768,24.318],[82.772,24.291],[82.759,24.267],[82.758,24.235],[82.735,24.222],[82.744,24.167],[82.731,24.155],[82.728,24.138],[82.696,24.143],[82.679,24.157],[82.665,24.133],[82.671,24.123],[82.709,24.096],[82.716,24.079],[82.734,24.081],[82.763,24.072],[82.764,24.042],[82.748,24.03],[82.754,24.012],[82.809,24],[82.806,23.976],[82.816,23.962],[82.829,23.964],[82.857,23.946],[82.871,23.925],[82.889,23.909],[82.933,23.89],[82.961,23.872],[82.992,23.879],[83.044,23.882],[83.069,23.874],[83.094,23.877],[83.135,23.889],[83.153,23.909],[83.197,23.92],[83.219,23.96],[83.224,23.989],[83.286,24.024],[83.286,24.046],[83.302,24.078],[83.331,24.101],[83.357,24.126],[83.365,24.156],[83.386,24.2],[83.385,24.23],[83.41,24.265],[83.404,24.292],[83.383,24.312],[83.411,24.336],[83.442,24.346],[83.451,24.372],[83.438,24.403],[83.407,24.411],[83.409,24.436],[83.389,24.454],[83.4,24.479],[83.401,24.5],[83.434,24.512],[83.506,24.526],[83.501,24.541],[83.525,24.548],[83.533,24.584],[83.525,24.602],[83.542,24.614],[83.524,24.642],[83.505,24.65],[83.507,24.667],[83.521,24.678],[83.498,24.704],[83.491,24.73],[83.475,24.733],[83.47,24.734],[83.461,24.732],[83.442,24.755],[83.419,24.774],[83.395,24.783],[83.404,24.809],[83.398,24.831],[83.376,24.862],[83.36,24.901],[83.366,24.912],[83.365,24.954],[83.352,24.962],[83.352,25.009],[83.328,25.014],[83.325,25.036],[83.338,25.049],[83.34,25.081],[83.348,25.11],[83.362,25.108],[83.362,25.147],[83.352,25.157],[83.358,25.197],[83.397,25.205],[83.418,25.247],[83.451,25.257],[83.469,25.25],[83.489,25.28],[83.516,25.284],[83.553,25.311],[83.581,25.316],[83.619,25.331],[83.628,25.327],[83.665,25.362],[83.695,25.368],[83.718,25.393],[83.756,25.402],[83.791,25.397],[83.805,25.406],[83.811,25.431],[83.847,25.435],[83.842,25.461],[83.86,25.472],[83.88,25.501],[83.881,25.518],[83.901,25.524],[83.929,25.56],[83.953,25.565],[84.023,25.614],[84.085,25.636],[84.088,25.651],[84.078,25.694],[84.091,25.711],[84.116,25.722],[84.157,25.724],[84.176,25.72],[84.203,25.702],[84.208,25.671],[84.225,25.662],[84.298,25.661],[84.327,25.67],[84.334,25.735],[84.363,25.742],[84.402,25.727],[84.41,25.698],[84.432,25.693],[84.433,25.71],[84.457,25.713],[84.475,25.684],[84.498,25.689],[84.525,25.676],[84.54,25.691],[84.561,25.682],[84.567,25.699],[84.564,25.735],[84.604,25.738],[84.621,25.729],[84.635,25.74],[84.609,25.759],[84.629,25.791],[84.596,25.818],[84.555,25.84],[84.535,25.833],[84.537,25.876],[84.515,25.871],[84.494,25.887],[84.44,25.891],[84.417,25.929],[84.395,25.936],[84.36,25.957],[84.322,25.946],[84.3,25.946],[84.249,25.981],[84.21,25.998],[84.201,25.987],[84.181,25.997],[84.176,26.023],[84.145,26.045],[84.125,26.073],[84.1,26.094],[84.058,26.097],[84.051,26.129],[84.027,26.143],[84.037,26.161],[84.012,26.176],[84.011,26.188],[84.043,26.23],[84.083,26.222],[84.101,26.238],[84.119,26.239],[84.122,26.26],[84.166,26.259],[84.177,26.271],[84.18,26.301],[84.191,26.315],[84.176,26.336],[84.18,26.372],[84.126,26.383],[84.071,26.388],[84.045,26.405],[84.026,26.429],[84.025,26.439],[84,26.445],[83.993,26.432],[83.955,26.435],[83.911,26.448],[83.916,26.504],[83.911,26.515],[83.94,26.522],[83.975,26.509],[83.983,26.529],[84.01,26.522],[84.057,26.541],[84.059,26.559],[84.094,26.608],[84.09,26.638],[84.115,26.635],[84.161,26.636],[84.177,26.622],[84.211,26.622],[84.281,26.597],[84.306,26.613],[84.335,26.613],[84.424,26.625],[84.414,26.64],[84.411,26.669],[84.335,26.682],[84.328,26.714],[84.307,26.751],[84.288,26.749],[84.252,26.728],[84.234,26.754],[84.245,26.764],[84.262,26.806],[84.252,26.819],[84.262,26.842],[84.238,26.867],[84.219,26.868],[84.186,26.851],[84.178,26.832],[84.16,26.837],[84.141,26.853],[84.14,26.882],[84.111,26.891],[84.102,26.875],[84.086,26.876],[84.062,26.889],[84.057,26.929],[84.045,26.946],[84.059,26.988],[84.045,27.016],[84.051,27.042],[84.034,27.042],[84.005,27.058],[84.031,27.092],[84.021,27.102],[83.965,27.083],[83.951,27.087],[83.951,27.117],[83.978,27.162],[83.995,27.179],[83.989,27.197],[83.97,27.214],[83.958,27.235],[83.912,27.249],[83.906,27.274],[83.929,27.289],[83.934,27.313],[83.918,27.327],[83.898,27.323],[83.865,27.308],[83.839,27.324],[83.866,27.344],[83.823,27.375],[83.752,27.403],[83.651,27.453],[83.614,27.469],[83.524,27.471],[83.402,27.478],[83.407,27.454],[83.392,27.435],[83.405,27.415],[83.406,27.399],[83.391,27.373],[83.358,27.34],[83.312,27.329],[83.279,27.347],[83.27,27.361],[83.272,27.381],[83.247,27.402],[83.216,27.417],[83.205,27.436],[83.184,27.453],[83.162,27.455],[83.112,27.449],[83.053,27.448],[82.975,27.464],[82.947,27.474],[82.939,27.494],[82.926,27.5],[82.883,27.496],[82.841,27.501],[82.818,27.495],[82.74,27.502],[82.749,27.521],[82.741,27.545],[82.755,27.583],[82.738,27.612],[82.744,27.632],[82.733,27.652],[82.716,27.662],[82.72,27.688],[82.709,27.711],[82.691,27.716],[82.633,27.711],[82.566,27.689],[82.517,27.689],[82.459,27.676],[82.43,27.688],[82.388,27.714],[82.379,27.732],[82.349,27.753],[82.3,27.775],[82.258,27.81],[82.23,27.824],[82.207,27.846],[82.159,27.865],[82.152,27.858],[82.126,27.866],[82.104,27.884],[82.075,27.924],[82.053,27.922],[81.971,27.929],[81.94,27.884],[81.927,27.877],[81.929,27.86],[81.891,27.858],[81.822,27.902],[81.814,27.9],[81.781,27.92],[81.7,27.989],[81.672,27.99],[81.633,28.003],[81.609,28.018],[81.581,28.028],[81.564,28.041],[81.478,28.084],[81.484,28.114],[81.456,28.137],[81.45,28.156],[81.429,28.171],[81.381,28.173],[81.381,28.148],[81.364,28.14],[81.331,28.138],[81.314,28.161],[81.327,28.171],[81.32,28.202],[81.293,28.223],[81.24,28.281],[81.236,28.33],[81.215,28.358],[81.167,28.369],[81.11,28.376],[81.086,28.385],[81.053,28.407],[81.016,28.447],[80.966,28.436],[80.958,28.446],[80.91,28.457],[80.9,28.469],[80.909,28.495],[80.892,28.505],[80.865,28.505],[80.842,28.498],[80.824,28.516],[80.787,28.525],[80.788,28.541],[80.772,28.563],[80.747,28.573],[80.714,28.571],[80.695,28.585],[80.67,28.638],[80.632,28.637],[80.584,28.661],[80.591,28.679],[80.558,28.691],[80.524,28.678],[80.509,28.666],[80.509,28.642],[80.518,28.607],[80.523,28.558],[80.488,28.585],[80.462,28.624],[80.433,28.639],[80.394,28.631],[80.372,28.633],[80.362,28.652],[80.332,28.667],[80.323,28.697],[80.282,28.709],[80.262,28.726],[80.27,28.744],[80.248,28.758],[80.224,28.756],[80.199,28.766],[80.133,28.822],[80.082,28.824],[80.07,28.829]]]]},"properties":{"ST_NM":"Uttar Pradesh"}},
{"type":"Feature","geometry":{"type":"Polygon","coordinates":[[[80.07,28.829],[80.064,28.845],[80.063,28.904],[80.067,28.919],[80.103,28.981],[80.121,28.985],[80.131,29.014],[80.13,29.035],[80.144,29.059],[80.138,29.078],[80.152,29.105],[80.19,29.133],[80.219,29.119],[80.24,29.119],[80.274,29.149],[80.263,29.165],[80.263,29.19],[80.25,29.202],[80.253,29.217],[80.303,29.203],[80.298,29.235],[80.308,29.283],[80.319,29.298],[80.317,29.323],[80.297,29.327],[80.285,29.344],[80.278,29.394],[80.249,29.408],[80.247,29.446],[80.3,29.448],[80.293,29.467],[80.303,29.486],[80.352,29.515],[80.358,29.531],[80.349,29.547],[80.388,29.571],[80.398,29.571],[80.414,29.598],[80.413,29.615],[80.425,29.636],[80.421,29.65],[80.395,29.669],[80.391,29.686],[80.37,29.725],[80.374,29.749],[80.402,29.76],[80.41,29.79],[80.442,29.806],[80.49,29.794],[80.511,29.823],[80.555,29.853],[80.574,29.895],[80.573,29.923],[80.6,29.954],[80.629,29.964],[80.682,29.961],[80.725,30.001],[80.744,30.002],[80.761,30.032],[80.763,30.048],[80.789,30.066],[80.811,30.094],[80.841,30.101],[80.851,30.117],[80.875,30.131],[80.876,30.15],[80.868,30.172],[80.883,30.184],[80.903,30.216],[80.922,30.207],[80.92,30.186],[80.936,30.177],[80.98,30.191],[80.993,30.187],[81.043,30.199],[81.033,30.228],[81.034,30.245],[81.008,30.265],[80.931,30.282],[80.898,30.294],[80.86,30.302],[80.826,30.314],[80.79,30.338],[80.774,30.37],[80.746,30.397],[80.714,30.413],[80.675,30.44],[80.664,30.44],[80.608,30.477],[80.581,30.483],[80.57,30.462],[80.541,30.449],[80.5,30.485],[80.472,30.488],[80.438,30.5],[80.415,30.526],[80.383,30.521],[80.33,30.548],[80.322,30.561],[80.293,30.569],[80.255,30.56],[80.226,30.577],[80.214,30.614],[80.221,30.643],[80.198,30.66],[80.198,30.674],[80.235,30.692],[80.252,30.735],[80.238,30.76],[80.222,30.752],[80.205,30.758],[80.2,30.78],[80.174,30.807],[80.155,30.806],[80.153,30.79],[80.118,30.774],[80.089,30.794],[80.085,30.814],[80.059,30.838],[80.04,30.838],[80.014,30.859],[79.983,30.877],[79.95,30.887],[79.93,30.887],[79.913,30.916],[79.893,30.921],[79.879,30.961],[79.867,30.975],[79.846,30.978],[79.826,30.972],[79.776,30.988],[79.753,31.001],[79.74,30.985],[79.708,30.976],[79.678,30.981],[79.665,30.965],[79.631,30.956],[79.605,30.937],[79.591,30.949],[79.569,30.953],[79.548,30.968],[79.553,30.986],[79.521,31.018],[79.517,31.034],[79.481,31.036],[79.428,31.032],[79.422,31.072],[79.408,31.074],[79.397,31.113],[79.34,31.124],[79.315,31.144],[79.298,31.176],[79.304,31.19],[79.278,31.24],[79.249,31.249],[79.249,31.264],[79.264,31.291],[79.239,31.312],[79.237,31.332],[79.193,31.367],[79.179,31.394],[79.138,31.436],[79.092,31.453],[79.073,31.467],[79.053,31.452],[79.05,31.423],[79.023,31.396],[79.009,31.362],[78.996,31.352],[78.946,31.333],[78.932,31.262],[78.922,31.254],[78.925,31.229],[78.95,31.217],[78.961,31.188],[78.987,31.177],[78.993,31.14],[79.012,31.112],[78.981,31.11],[78.957,31.1],[78.919,31.11],[78.895,31.099],[78.877,31.107],[78.834,31.142],[78.816,31.173],[78.81,31.2],[78.765,31.189],[78.711,31.191],[78.691,31.198],[78.666,31.193],[78.651,31.215],[78.616,31.231],[78.582,31.229],[78.552,31.202],[78.485,31.199],[78.482,31.216],[78.459,31.239],[78.435,31.255],[78.408,31.257],[78.384,31.283],[78.371,31.286],[78.332,31.28],[78.314,31.283],[78.309,31.261],[78.284,31.267],[78.248,31.23],[78.222,31.232],[78.2,31.219],[78.186,31.227],[78.163,31.227],[78.15,31.211],[78.134,31.209],[78.107,31.188],[78.069,31.188],[78.045,31.181],[78.022,31.152],[78.007,31.162],[77.984,31.16],[77.97,31.174],[77.929,31.152],[77.917,31.154],[77.895,31.133],[77.893,31.12],[77.866,31.106],[77.857,31.077],[77.839,31.07],[77.819,31.049],[77.839,31.001],[77.822,30.989],[77.811,30.965],[77.768,30.972],[77.751,30.959],[77.747,30.945],[77.76,30.918],[77.808,30.921],[77.815,30.908],[77.801,30.891],[77.798,30.867],[77.779,30.86],[77.759,30.876],[77.746,30.846],[77.758,30.832],[77.733,30.804],[77.718,30.774],[77.702,30.764],[77.708,30.741],[77.721,30.741],[77.755,30.706],[77.747,30.681],[77.78,30.66],[77.789,30.636],[77.77,30.615],[77.771,30.6],[77.746,30.602],[77.767,30.565],[77.792,30.552],[77.819,30.556],[77.826,30.533],[77.813,30.506],[77.781,30.499],[77.735,30.473],[77.725,30.472],[77.675,30.444],[77.654,30.447],[77.644,30.431],[77.617,30.433],[77.576,30.412],[77.576,30.4],[77.649,30.405],[77.676,30.38],[77.687,30.38],[77.724,30.334],[77.764,30.32],[77.826,30.286],[77.879,30.265],[77.885,30.269],[77.93,30.251],[77.942,30.235],[77.917,30.21],[77.909,30.181],[77.885,30.158],[77.868,30.128],[77.833,30.088],[77.799,30.094],[77.771,30.041],[77.787,30.027],[77.766,30.012],[77.753,29.989],[77.757,29.967],[77.731,29.928],[77.745,29.908],[77.732,29.898],[77.716,29.862],[77.742,29.848],[77.754,29.804],[77.777,29.78],[77.774,29.738],[77.781,29.729],[77.77,29.711],[77.81,29.692],[77.805,29.676],[77.833,29.664],[77.846,29.666],[77.886,29.696],[77.912,29.692],[77.928,29.706],[77.953,29.709],[77.958,29.682],[77.974,29.667],[77.989,29.636],[77.989,29.608],[77.974,29.604],[77.959,29.585],[77.989,29.578],[77.991,29.549],[78.045,29.546],[78.055,29.566],[78.056,29.587],[78.071,29.596],[78.091,29.594],[78.103,29.619],[78.119,29.628],[78.146,29.653],[78.151,29.67],[78.178,29.674],[78.206,29.704],[78.234,29.712],[78.244,29.698],[78.315,29.752],[78.344,29.79],[78.399,29.768],[78.425,29.767],[78.437,29.756],[78.5,29.736],[78.52,29.685],[78.524,29.645],[78.543,29.618],[78.589,29.575],[78.634,29.547],[78.652,29.542],[78.706,29.503],[78.751,29.499],[78.778,29.478],[78.878,29.454],[78.913,29.45],[78.909,29.418],[78.899,29.403],[78.869,29.38],[78.826,29.364],[78.797,29.337],[78.77,29.344],[78.738,29.324],[78.74,29.307],[78.771,29.281],[78.826,29.246],[78.843,29.255],[78.876,29.243],[78.911,29.197],[78.917,29.157],[78.956,29.144],[78.979,29.159],[79.012,29.11],[79.029,29.112],[79.025,29.143],[79.058,29.149],[79.085,29.146],[79.113,29.126],[79.13,29.128],[79.154,29.114],[79.155,29.093],[79.147,29.076],[79.156,29.054],[79.177,29.045],[79.166,29.021],[79.18,29.01],[79.216,29.023],[79.25,29.001],[79.291,28.959],[79.361,28.946],[79.372,28.964],[79.391,28.93],[79.413,28.926],[79.407,28.879],[79.423,28.85],[79.445,28.856],[79.471,28.853],[79.488,28.861],[79.519,28.857],[79.545,28.884],[79.566,28.872],[79.563,28.84],[79.588,28.844],[79.604,28.86],[79.631,28.861],[79.666,28.843],[79.678,28.842],[79.698,28.861],[79.721,28.873],[79.752,28.877],[79.762,28.887],[79.786,28.886],[79.815,28.866],[79.82,28.85],[79.804,28.797],[79.828,28.806],[79.825,28.824],[79.836,28.839],[79.861,28.839],[79.887,28.824],[79.883,28.81],[79.858,28.815],[79.852,28.803],[79.901,28.78],[79.924,28.759],[79.941,28.72],[79.965,28.711],[80,28.711],[80.025,28.731],[80.052,28.777],[80.038,28.794],[80.07,28.829]]]},"properties":{"ST_NM":"Uttarakhand"}},
{"type":"Feature","geometry":{"type":"MultiPolygon","coordinates":[[[[88.534,21.567],[88.534,21.578],[88.493,21.598],[88.485,21.586],[88.481,21.556],[88.51,21.54],[88.532,21.543],[88.534,21.567]]],[[[88.834,21.607],[88.828,21.579],[88.844,21.553],[88.875,21.549],[88.9,21.552],[88.894,21.578],[88.87,21.595],[88.834,21.607]]],[[[88.722,21.638],[88.713,21.625],[88.708,21.59],[88.731,21.573],[88.747,21.578],[88.747,21.589],[88.75,21.594],[88.757,21.598],[88.751,21.604],[88.737,21.609],[88.724,21.637],[88.723,21.638],[88.722,21.638]]],[[[88.537,21.639],[88.52,21.644],[88.52,21.622],[88.51,21.602],[88.538,21.588],[88.544,21.567],[88.566,21.569],[88.587,21.588],[88.584,21.611],[88.568,21.626],[88.537,21.639]]],[[[88.73,21.642],[88.738,21.61],[88.754,21.604],[88.758,21.597],[88.75,21.592],[88.749,21.581],[88.751,21.577],[88.788,21.581],[88.798,21.591],[88.774,21.62],[88.774,21.648],[88.749,21.647],[88.747,21.645],[88.746,21.646],[88.741,21.645],[88.733,21.644],[88.73,21.642]]],[[[88.955,21.677],[88.94,21.647],[88.968,21.614],[88.988,21.614],[88.995,21.626],[88.988,21.645],[88.963,21.645],[88.963,21.646],[88.961,21.667],[88.96,21.668],[88.958,21.674],[88.957,21.675],[88.955,21.677]]],[[[88.576,21.693],[88.571,21.666],[88.554,21.647],[88.557,21.635],[88.591,21.618],[88.604,21.622],[88.593,21.654],[88.586,21.658],[88.576,21.693]]],[[[88.592,21.694],[88.591,21.689],[88.58,21.683],[88.589,21.657],[88.604,21.672],[88.592,21.694]]],[[[88.963,21.645],[88.991,21.645],[88.995,21.637],[89,21.602],[89.028,21.605],[89.037,21.615],[89.025,21.631],[89.023,21.653],[88.994,21.649],[88.987,21.665],[88.994,21.673],[88.989,21.701],[88.973,21.697],[88.951,21.7],[88.955,21.677],[88.957,21.675],[88.958,21.675],[88.958,21.674],[88.958,21.675],[88.96,21.668],[88.961,21.668],[88.961,21.667],[88.961,21.668],[88.964,21.647],[88.963,21.646],[88.964,21.647],[88.963,21.645]]],[[[88.793,21.663],[88.807,21.666],[88.81,21.704],[88.801,21.706],[88.765,21.693],[88.76,21.683],[88.732,21.683],[88.749,21.673],[88.759,21.663],[88.793,21.663]]],[[[88.311,21.706],[88.301,21.702],[88.316,21.678],[88.316,21.661],[88.306,21.629],[88.308,21.611],[88.337,21.621],[88.354,21.649],[88.346,21.662],[88.35,21.681],[88.329,21.705],[88.311,21.706]]],[[[88.453,21.709],[88.437,21.706],[88.42,21.69],[88.421,21.651],[88.453,21.622],[88.471,21.674],[88.453,21.709]]],[[[88.749,21.647],[88.713,21.676],[88.694,21.699],[88.687,21.683],[88.702,21.665],[88.703,21.665],[88.702,21.665],[88.703,21.665],[88.723,21.639],[88.722,21.638],[88.723,21.639],[88.723,21.638],[88.724,21.637],[88.73,21.642],[88.733,21.644],[88.741,21.645],[88.746,21.646],[88.747,21.645],[88.749,21.647]]],[[[88.205,21.721],[88.188,21.708],[88.181,21.689],[88.193,21.64],[88.205,21.61],[88.23,21.639],[88.227,21.668],[88.2,21.675],[88.194,21.689],[88.215,21.699],[88.205,21.721]]],[[[89.082,21.679],[89.065,21.689],[89.071,21.702],[89.061,21.721],[89.022,21.715],[89.029,21.659],[89.033,21.635],[89.034,21.636],[89.035,21.639],[89.034,21.635],[89.034,21.636],[89.034,21.635],[89.033,21.635],[89.051,21.618],[89.068,21.62],[89.093,21.637],[89.092,21.666],[89.083,21.678],[89.082,21.679],[89.083,21.678],[89.082,21.679]]],[[[88.978,21.727],[88.99,21.705],[88.996,21.673],[88.993,21.651],[89.018,21.661],[89.024,21.688],[89.009,21.702],[89.012,21.717],[89.004,21.715],[89.003,21.716],[88.978,21.727]]],[[[88.555,21.735],[88.536,21.733],[88.517,21.711],[88.533,21.668],[88.538,21.642],[88.567,21.664],[88.569,21.708],[88.556,21.719],[88.551,21.724],[88.545,21.722],[88.544,21.724],[88.551,21.724],[88.556,21.719],[88.57,21.711],[88.58,21.685],[88.591,21.691],[88.586,21.699],[88.586,21.711],[88.571,21.732],[88.561,21.73],[88.558,21.731],[88.558,21.732],[88.556,21.734],[88.555,21.735]]],[[[88.884,21.745],[88.872,21.721],[88.873,21.694],[88.889,21.657],[88.92,21.632],[88.942,21.691],[88.918,21.713],[88.914,21.726],[88.892,21.741],[88.884,21.745]]],[[[88.406,21.736],[88.399,21.698],[88.38,21.681],[88.387,21.647],[88.387,21.613],[88.402,21.596],[88.413,21.621],[88.432,21.628],[88.415,21.648],[88.411,21.684],[88.429,21.703],[88.407,21.736],[88.406,21.736]]],[[[88.22,21.762],[88.212,21.72],[88.218,21.697],[88.199,21.691],[88.209,21.674],[88.226,21.675],[88.237,21.645],[88.216,21.617],[88.245,21.591],[88.241,21.574],[88.271,21.558],[88.291,21.563],[88.306,21.58],[88.289,21.597],[88.289,21.621],[88.311,21.671],[88.285,21.706],[88.275,21.727],[88.261,21.732],[88.271,21.755],[88.22,21.762]]],[[[88.927,21.762],[88.931,21.737],[88.923,21.719],[88.95,21.703],[88.972,21.699],[88.971,21.718],[88.977,21.734],[88.965,21.742],[88.965,21.751],[88.927,21.762]]],[[[88.369,21.758],[88.352,21.764],[88.343,21.754],[88.349,21.726],[88.338,21.71],[88.352,21.691],[88.365,21.687],[88.385,21.701],[88.393,21.718],[88.369,21.719],[88.363,21.731],[88.362,21.731],[88.361,21.733],[88.361,21.748],[88.368,21.757],[88.369,21.758]]],[[[89.03,21.723],[89.058,21.725],[89.025,21.757],[89.002,21.75],[89.03,21.723]]],[[[88.792,21.749],[88.78,21.731],[88.784,21.71],[88.804,21.717],[88.819,21.703],[88.821,21.659],[88.809,21.639],[88.839,21.621],[88.86,21.644],[88.841,21.689],[88.84,21.716],[88.864,21.761],[88.833,21.766],[88.813,21.751],[88.792,21.749]]],[[[88.363,21.731],[88.385,21.739],[88.39,21.759],[88.369,21.758],[88.368,21.757],[88.361,21.748],[88.361,21.733],[88.362,21.731],[88.363,21.731]]],[[[88.283,21.765],[88.281,21.768],[88.279,21.77],[88.281,21.768],[88.28,21.767],[88.283,21.765],[88.282,21.764],[88.283,21.765]]],[[[88.582,21.778],[88.569,21.769],[88.584,21.748],[88.58,21.726],[88.592,21.719],[88.616,21.727],[88.618,21.739],[88.586,21.753],[88.582,21.778]]],[[[88.302,21.724],[88.306,21.734],[88.299,21.767],[88.277,21.739],[88.295,21.707],[88.302,21.724]]],[[[89.012,21.717],[89.015,21.727],[88.999,21.752],[88.99,21.789],[88.952,21.759],[88.966,21.752],[88.97,21.74],[88.989,21.742],[88.978,21.727],[89.003,21.716],[89.004,21.715],[89.012,21.717]]],[[[88.609,21.79],[88.589,21.78],[88.586,21.757],[88.617,21.744],[88.623,21.731],[88.602,21.718],[88.61,21.709],[88.63,21.74],[88.623,21.773],[88.609,21.79]]],[[[88.458,21.789],[88.443,21.794],[88.436,21.777],[88.425,21.77],[88.423,21.742],[88.433,21.704],[88.441,21.71],[88.455,21.711],[88.466,21.735],[88.475,21.791],[88.458,21.789]]],[[[88.731,21.78],[88.711,21.783],[88.695,21.744],[88.711,21.692],[88.73,21.683],[88.741,21.691],[88.746,21.684],[88.761,21.685],[88.756,21.709],[88.748,21.706],[88.742,21.711],[88.738,21.718],[88.746,21.708],[88.775,21.719],[88.751,21.737],[88.759,21.758],[88.745,21.772],[88.745,21.773],[88.739,21.773],[88.737,21.774],[88.734,21.777],[88.732,21.779],[88.731,21.78]]],[[[88.561,21.73],[88.572,21.735],[88.562,21.76],[88.569,21.794],[88.541,21.811],[88.515,21.789],[88.52,21.771],[88.521,21.771],[88.526,21.776],[88.529,21.779],[88.533,21.786],[88.533,21.787],[88.533,21.789],[88.533,21.787],[88.533,21.786],[88.529,21.779],[88.526,21.776],[88.521,21.771],[88.52,21.771],[88.504,21.757],[88.516,21.724],[88.535,21.734],[88.555,21.735],[88.556,21.734],[88.558,21.732],[88.558,21.731],[88.561,21.73]]],[[[88.407,21.736],[88.421,21.74],[88.422,21.769],[88.44,21.789],[88.42,21.811],[88.383,21.779],[88.402,21.752],[88.406,21.736],[88.407,21.736]]],[[[88.999,21.812],[88.99,21.79],[89.011,21.783],[89.017,21.811],[88.999,21.812]]],[[[88.745,21.772],[88.756,21.78],[88.752,21.788],[88.748,21.812],[88.741,21.805],[88.738,21.799],[88.728,21.792],[88.731,21.78],[88.732,21.779],[88.734,21.777],[88.737,21.774],[88.739,21.773],[88.745,21.773],[88.745,21.772]]],[[[88.792,21.749],[88.812,21.751],[88.83,21.767],[88.822,21.781],[88.831,21.808],[88.82,21.822],[88.784,21.766],[88.792,21.749]]],[[[88.787,21.744],[88.782,21.767],[88.796,21.787],[88.787,21.822],[88.764,21.783],[88.75,21.77],[88.764,21.758],[88.756,21.734],[88.776,21.731],[88.787,21.744]]],[[[88.93,21.823],[88.914,21.826],[88.884,21.802],[88.901,21.79],[88.902,21.79],[88.901,21.79],[88.902,21.79],[88.895,21.755],[88.906,21.752],[88.919,21.77],[88.928,21.802],[88.928,21.806],[88.93,21.823]]],[[[88.556,21.827],[88.557,21.824],[88.56,21.827],[88.559,21.83],[88.559,21.828],[88.558,21.829],[88.559,21.828],[88.556,21.827]]],[[[88.484,21.835],[88.471,21.825],[88.45,21.815],[88.459,21.801],[88.486,21.799],[88.5,21.813],[88.484,21.835]]],[[[88.928,21.802],[88.94,21.783],[88.955,21.808],[88.971,21.804],[88.976,21.821],[88.954,21.826],[88.941,21.847],[88.934,21.838],[88.924,21.836],[88.93,21.823],[88.928,21.805],[88.928,21.806],[88.928,21.805],[88.928,21.802]]],[[[88.592,21.85],[88.581,21.838],[88.576,21.817],[88.596,21.797],[88.615,21.801],[88.608,21.833],[88.592,21.85]]],[[[88.538,21.854],[88.54,21.854],[88.541,21.855],[88.538,21.854]]],[[[88.298,21.777],[88.31,21.733],[88.306,21.718],[88.332,21.711],[88.345,21.722],[88.34,21.74],[88.343,21.76],[88.357,21.767],[88.378,21.769],[88.38,21.787],[88.361,21.797],[88.352,21.821],[88.353,21.854],[88.319,21.859],[88.308,21.83],[88.266,21.814],[88.26,21.807],[88.266,21.793],[88.286,21.789],[88.298,21.777],[88.309,21.784],[88.295,21.802],[88.311,21.795],[88.31,21.782],[88.298,21.777]]],[[[88.892,21.741],[88.913,21.728],[88.917,21.748],[88.891,21.754],[88.898,21.78],[88.882,21.797],[88.875,21.846],[88.857,21.856],[88.839,21.848],[88.841,21.817],[88.841,21.816],[88.841,21.817],[88.841,21.816],[88.835,21.782],[88.863,21.778],[88.878,21.765],[88.884,21.746],[88.884,21.745],[88.884,21.746],[88.892,21.741]]],[[[88.152,21.682],[88.17,21.741],[88.171,21.764],[88.157,21.83],[88.136,21.877],[88.122,21.865],[88.073,21.78],[88.064,21.74],[88.044,21.718],[88.037,21.674],[88.041,21.65],[88.071,21.634],[88.11,21.626],[88.129,21.628],[88.155,21.653],[88.152,21.682],[88.149,21.68],[88.144,21.679],[88.149,21.68],[88.152,21.682]]],[[[88.792,21.872],[88.777,21.866],[88.767,21.828],[88.784,21.826],[88.794,21.813],[88.821,21.825],[88.82,21.843],[88.83,21.862],[88.81,21.868],[88.81,21.869],[88.81,21.868],[88.801,21.878],[88.8,21.879],[88.801,21.878],[88.795,21.873],[88.794,21.869],[88.792,21.872]]],[[[89.001,21.867],[89.014,21.851],[89.026,21.868],[88.984,21.892],[88.979,21.868],[88.95,21.837],[88.956,21.827],[88.98,21.821],[88.976,21.804],[88.968,21.799],[88.956,21.804],[88.944,21.789],[88.973,21.776],[88.985,21.788],[88.992,21.812],[89.014,21.817],[89.013,21.818],[89.012,21.819],[89.012,21.82],[89.01,21.821],[89.012,21.82],[89.012,21.819],[89.013,21.818],[89.014,21.817],[89.03,21.844],[89.007,21.853],[89.001,21.867],[89,21.867],[88.998,21.869],[88.997,21.87],[88.996,21.87],[88.994,21.869],[88.994,21.87],[88.994,21.869],[88.99,21.867],[88.994,21.87],[88.996,21.87],[88.997,21.87],[88.998,21.869],[89,21.867],[89.001,21.867]]],[[[88.622,21.898],[88.595,21.856],[88.622,21.83],[88.612,21.817],[88.628,21.788],[88.643,21.789],[88.651,21.87],[88.632,21.872],[88.622,21.898]]],[[[88.81,21.869],[88.832,21.866],[88.838,21.892],[88.815,21.901],[88.81,21.869]]],[[[88.559,21.83],[88.573,21.859],[88.576,21.888],[88.545,21.905],[88.549,21.878],[88.541,21.855],[88.54,21.854],[88.538,21.854],[88.533,21.836],[88.556,21.827],[88.558,21.829],[88.559,21.83]]],[[[88.421,21.904],[88.417,21.887],[88.399,21.87],[88.393,21.833],[88.404,21.798],[88.419,21.812],[88.443,21.802],[88.448,21.814],[88.454,21.821],[88.491,21.85],[88.484,21.883],[88.461,21.894],[88.452,21.905],[88.434,21.901],[88.422,21.904],[88.421,21.904]]],[[[88.775,21.869],[88.77,21.877],[88.757,21.879],[88.756,21.886],[88.751,21.887],[88.748,21.89],[88.742,21.899],[88.727,21.899],[88.713,21.887],[88.698,21.86],[88.697,21.838],[88.708,21.811],[88.719,21.807],[88.724,21.795],[88.735,21.798],[88.742,21.809],[88.75,21.816],[88.753,21.814],[88.753,21.789],[88.762,21.785],[88.775,21.811],[88.764,21.829],[88.775,21.869]]],[[[88.498,21.912],[88.477,21.899],[88.49,21.889],[88.498,21.912],[88.498,21.914],[88.498,21.912]]],[[[88.64,21.922],[88.623,21.901],[88.629,21.884],[88.651,21.872],[88.668,21.913],[88.64,21.922]]],[[[88.135,21.927],[88.116,21.918],[88.132,21.899],[88.144,21.916],[88.135,21.927]]],[[[88.837,21.918],[88.854,21.89],[88.861,21.856],[88.878,21.854],[88.88,21.821],[88.89,21.812],[88.902,21.822],[88.915,21.828],[88.923,21.836],[88.932,21.838],[88.939,21.849],[88.953,21.853],[88.977,21.869],[88.966,21.89],[88.972,21.899],[88.915,21.928],[88.89,21.915],[88.857,21.911],[88.837,21.918]]],[[[88.8,21.879],[88.812,21.905],[88.799,21.92],[88.786,21.918],[88.775,21.924],[88.754,21.926],[88.739,21.918],[88.729,21.9],[88.742,21.9],[88.751,21.896],[88.751,21.889],[88.756,21.887],[88.758,21.88],[88.772,21.878],[88.775,21.869],[88.792,21.872],[88.794,21.869],[88.795,21.873],[88.8,21.879]]],[[[88.745,21.98],[88.725,21.978],[88.722,21.943],[88.74,21.922],[88.757,21.931],[88.772,21.929],[88.79,21.92],[88.805,21.932],[88.776,21.941],[88.749,21.958],[88.745,21.98]]],[[[88.659,22.019],[88.634,21.995],[88.629,21.958],[88.662,21.953],[88.678,21.943],[88.715,22.001],[88.674,22.019],[88.659,22.019]]],[[[88.144,22.023],[88.094,22.011],[88.073,21.995],[88.056,21.96],[88.046,21.916],[88.056,21.913],[88.088,21.933],[88.092,21.946],[88.144,22.023]]],[[[88.757,21.994],[88.75,21.982],[88.752,21.959],[88.776,21.943],[88.825,21.94],[88.857,21.919],[88.897,21.923],[88.907,21.93],[88.908,21.969],[88.904,22.011],[88.875,22.012],[88.855,22.019],[88.813,22.019],[88.801,22.03],[88.762,22.008],[88.757,21.994]]],[[[88.764,22.052],[88.751,22.05],[88.761,22.022],[88.778,22.02],[88.791,22.029],[88.782,22.035],[88.778,22.04],[88.776,22.05],[88.764,22.052]]],[[[88.903,22.045],[88.854,22.043],[88.87,22.028],[88.877,22.015],[88.901,22.018],[88.903,22.045]]],[[[89.026,22.052],[89.016,22.063],[89.002,22.059],[89,22.059],[88.987,22.055],[88.968,22.016],[88.979,22.003],[88.978,21.992],[88.987,21.998],[88.989,22],[88.997,22.007],[88.989,22],[88.987,21.997],[88.987,21.998],[88.987,21.997],[88.978,21.992],[88.978,21.991],[89.017,21.974],[88.999,21.953],[89.03,21.927],[89.044,21.932],[89.041,21.936],[89.044,21.932],[89.063,21.935],[89.071,21.969],[89.07,21.974],[89.07,21.981],[89.07,21.982],[89.07,21.983],[89.07,21.982],[89.07,21.981],[89.07,21.974],[89.071,21.969],[89.078,21.983],[89.072,22.008],[89.042,22.048],[89.026,22.052]]],[[[88.812,22.061],[88.787,22.059],[88.786,22.049],[88.781,22.044],[88.78,22.038],[88.786,22.037],[88.795,22.031],[88.806,22.033],[88.814,22.025],[88.833,22.029],[88.831,22.051],[88.812,22.061]]],[[[88.838,22.052],[88.836,22.026],[88.86,22.027],[88.85,22.041],[88.855,22.045],[88.888,22.047],[88.87,22.063],[88.869,22.081],[88.853,22.079],[88.841,22.072],[88.835,22.072],[88.837,22.068],[88.835,22.066],[88.832,22.066],[88.823,22.068],[88.82,22.064],[88.819,22.064],[88.82,22.064],[88.838,22.052],[88.839,22.053],[88.839,22.054],[88.84,22.056],[88.843,22.06],[88.84,22.056],[88.842,22.054],[88.839,22.054],[88.839,22.053],[88.838,22.052]]],[[[88.904,22.084],[88.87,22.087],[88.872,22.063],[88.891,22.061],[88.904,22.084]]],[[[88.835,22.072],[88.801,22.089],[88.784,22.107],[88.748,22.059],[88.783,22.05],[88.787,22.065],[88.819,22.064],[88.823,22.068],[88.832,22.066],[88.835,22.066],[88.837,22.068],[88.835,22.072]]],[[[88.866,22.085],[88.85,22.103],[88.847,22.118],[88.831,22.125],[88.806,22.125],[88.799,22.112],[88.803,22.088],[88.825,22.087],[88.842,22.073],[88.855,22.08],[88.862,22.08],[88.866,22.085],[88.865,22.084],[88.839,22.09],[88.841,22.091],[88.841,22.092],[88.842,22.095],[88.841,22.092],[88.841,22.091],[88.865,22.084],[88.866,22.085]]],[[[88.895,22.092],[88.908,22.087],[88.923,22.102],[88.914,22.121],[88.887,22.164],[88.853,22.17],[88.86,22.142],[88.835,22.13],[88.847,22.121],[88.85,22.107],[88.872,22.088],[88.895,22.092],[88.891,22.099],[88.89,22.101],[88.89,22.103],[88.891,22.105],[88.891,22.109],[88.892,22.113],[88.891,22.109],[88.891,22.105],[88.89,22.103],[88.89,22.101],[88.891,22.099],[88.895,22.092]]],[[[88.96,22.159],[88.966,22.171],[88.95,22.189],[88.905,22.152],[88.909,22.134],[88.924,22.124],[88.934,22.126],[88.93,22.137],[88.932,22.139],[88.93,22.137],[88.934,22.126],[88.924,22.124],[88.931,22.101],[88.901,22.065],[88.916,22.011],[88.913,21.994],[88.931,21.942],[88.999,21.904],[89.012,21.902],[89.021,21.919],[88.995,21.942],[88.994,21.97],[88.972,21.988],[88.975,22.005],[88.965,22.017],[88.977,22.037],[88.958,22.06],[88.963,22.091],[88.952,22.102],[88.963,22.091],[88.973,22.097],[88.985,22.127],[88.96,22.159],[88.953,22.158],[88.96,22.159]]],[[[89.035,22.11],[89.048,22.134],[89.022,22.149],[89.003,22.199],[88.973,22.193],[88.976,22.17],[88.995,22.146],[88.997,22.131],[88.977,22.073],[89,22.059],[89.002,22.059],[89.016,22.063],[89.026,22.052],[89.029,22.061],[89.028,22.078],[89.026,22.078],[89.024,22.079],[89.022,22.078],[89.024,22.079],[89.026,22.078],[89.028,22.078],[89.029,22.061],[89.035,22.11],[89.028,22.11],[89.021,22.111],[89.016,22.116],[89.021,22.111],[89.028,22.11],[89.035,22.11]]],[[[88.738,22.198],[88.731,22.194],[88.698,22.209],[88.685,22.208],[88.679,22.185],[88.652,22.162],[88.637,22.12],[88.635,22.103],[88.652,22.081],[88.662,22.052],[88.664,22.024],[88.702,22.007],[88.721,22.005],[88.74,22.02],[88.729,22.038],[88.702,22.049],[88.683,22.07],[88.685,22.086],[88.723,22.113],[88.728,22.124],[88.755,22.146],[88.766,22.146],[88.789,22.169],[88.769,22.18],[88.767,22.191],[88.738,22.198]]],[[[88.859,22.205],[88.842,22.191],[88.831,22.165],[88.806,22.178],[88.779,22.149],[88.746,22.132],[88.735,22.104],[88.703,22.078],[88.712,22.059],[88.739,22.057],[88.751,22.083],[88.77,22.092],[88.772,22.107],[88.795,22.114],[88.798,22.125],[88.85,22.143],[88.852,22.174],[88.867,22.17],[88.859,22.205]]],[[[88.932,22.225],[88.919,22.23],[88.909,22.194],[88.932,22.177],[88.94,22.19],[88.961,22.193],[88.953,22.222],[88.932,22.225]]],[[[88.984,22.382],[88.968,22.388],[88.964,22.367],[88.954,22.359],[88.953,22.275],[88.947,22.256],[88.96,22.244],[88.968,22.215],[88.986,22.206],[89,22.212],[89.019,22.207],[89.027,22.188],[89.023,22.166],[89.05,22.147],[89.069,22.19],[89.064,22.202],[89.041,22.222],[89.034,22.255],[88.994,22.286],[88.997,22.296],[89.022,22.3],[89.001,22.322],[88.983,22.327],[88.988,22.364],[88.984,22.382]]],[[[88.874,22.389],[88.861,22.371],[88.893,22.346],[88.898,22.364],[88.884,22.372],[88.874,22.389]]],[[[88.827,22.433],[88.812,22.455],[88.811,22.479],[88.791,22.483],[88.804,22.445],[88.827,22.433]]],[[[88.889,22.377],[88.919,22.405],[88.905,22.412],[88.907,22.436],[88.892,22.466],[88.892,22.483],[88.906,22.522],[88.9,22.546],[88.867,22.535],[88.869,22.54],[88.867,22.538],[88.867,22.535],[88.869,22.525],[88.848,22.509],[88.846,22.509],[88.845,22.508],[88.844,22.509],[88.845,22.508],[88.843,22.505],[88.861,22.493],[88.86,22.47],[88.859,22.469],[88.86,22.47],[88.855,22.437],[88.861,22.413],[88.882,22.402],[88.877,22.387],[88.885,22.376],[88.889,22.377],[88.889,22.376],[88.895,22.374],[88.889,22.376],[88.889,22.377]]],[[[88.939,22.419],[88.947,22.381],[88.964,22.374],[88.964,22.404],[88.998,22.429],[88.989,22.439],[88.995,22.468],[88.971,22.499],[88.959,22.55],[88.919,22.565],[88.896,22.561],[88.914,22.515],[88.896,22.484],[88.895,22.467],[88.921,22.425],[88.927,22.404],[88.896,22.38],[88.906,22.338],[88.928,22.314],[88.943,22.31],[88.953,22.367],[88.934,22.396],[88.939,22.419]]],[[[88.799,26.207],[88.799,26.226],[88.781,26.238],[88.765,26.229],[88.78,26.201],[88.777,26.177],[88.763,26.172],[88.762,26.149],[88.771,26.131],[88.794,26.144],[88.788,26.174],[88.802,26.192],[88.799,26.207]]],[[[88.69,26.247],[88.68,26.232],[88.688,26.214],[88.712,26.204],[88.708,26.182],[88.73,26.185],[88.711,26.223],[88.699,26.225],[88.69,26.247]]],[[[88.759,27.148],[88.74,27.137],[88.725,27.144],[88.719,27.165],[88.692,27.18],[88.667,27.162],[88.646,27.167],[88.626,27.188],[88.599,27.194],[88.548,27.183],[88.528,27.175],[88.529,27.15],[88.503,27.125],[88.474,27.114],[88.462,27.089],[88.439,27.081],[88.395,27.098],[88.371,27.098],[88.328,27.116],[88.312,27.128],[88.285,27.131],[88.24,27.119],[88.221,27.135],[88.186,27.134],[88.16,27.111],[88.096,27.138],[88.091,27.165],[88.066,27.213],[88.041,27.221],[88.017,27.216],[88.015,27.162],[87.994,27.127],[87.993,27.108],[88.025,27.085],[88.028,27.055],[88.046,27.038],[88.086,27.034],[88.093,27.007],[88.116,26.988],[88.135,26.981],[88.123,26.951],[88.144,26.928],[88.144,26.889],[88.172,26.868],[88.176,26.829],[88.188,26.768],[88.187,26.718],[88.167,26.681],[88.16,26.636],[88.14,26.621],[88.133,26.604],[88.133,26.574],[88.115,26.569],[88.107,26.555],[88.112,26.539],[88.139,26.512],[88.172,26.521],[88.175,26.537],[88.192,26.544],[88.214,26.535],[88.238,26.552],[88.24,26.532],[88.201,26.508],[88.186,26.494],[88.2,26.472],[88.228,26.467],[88.236,26.447],[88.25,26.449],[88.262,26.416],[88.236,26.39],[88.244,26.375],[88.28,26.377],[88.296,26.351],[88.279,26.33],[88.268,26.338],[88.251,26.316],[88.233,26.304],[88.231,26.289],[88.183,26.262],[88.151,26.253],[88.145,26.231],[88.126,26.228],[88.081,26.181],[88.059,26.172],[88.044,26.178],[88.005,26.14],[87.989,26.159],[87.976,26.154],[87.976,26.109],[87.966,26.084],[87.944,26.084],[87.929,26.072],[87.919,26.091],[87.849,26.044],[87.847,26.02],[87.833,25.984],[87.837,25.962],[87.813,25.93],[87.823,25.913],[87.822,25.886],[87.829,25.872],[87.878,25.86],[87.891,25.865],[87.917,25.852],[87.894,25.833],[87.909,25.814],[87.907,25.78],[87.944,25.759],[87.95,25.744],[87.986,25.719],[88.057,25.686],[88.049,25.674],[88.052,25.645],[88.042,25.641],[88.047,25.606],[88.028,25.583],[88.04,25.566],[88.033,25.554],[88.075,25.513],[88.067,25.486],[88.037,25.486],[88.021,25.501],[88.01,25.494],[87.961,25.538],[87.93,25.536],[87.909,25.519],[87.906,25.508],[87.876,25.503],[87.866,25.478],[87.869,25.466],[87.84,25.465],[87.832,25.446],[87.815,25.435],[87.792,25.449],[87.769,25.396],[87.772,25.378],[87.795,25.373],[87.787,25.339],[87.835,25.304],[87.856,25.298],[87.862,25.278],[87.855,25.254],[87.828,25.235],[87.835,25.205],[87.793,25.221],[87.777,25.153],[87.778,25.1],[87.805,25.072],[87.84,25.058],[87.87,25.041],[87.909,24.999],[87.912,24.987],[87.967,24.937],[87.975,24.924],[87.979,24.897],[87.972,24.882],[87.917,24.857],[87.903,24.844],[87.871,24.775],[87.855,24.762],[87.823,24.767],[87.845,24.739],[87.906,24.723],[87.902,24.692],[87.891,24.679],[87.917,24.663],[87.907,24.614],[87.915,24.595],[87.897,24.581],[87.892,24.564],[87.853,24.552],[87.83,24.561],[87.814,24.577],[87.801,24.564],[87.806,24.519],[87.804,24.493],[87.823,24.47],[87.793,24.433],[87.793,24.413],[87.803,24.401],[87.803,24.384],[87.766,24.335],[87.769,24.324],[87.741,24.29],[87.715,24.294],[87.711,24.269],[87.686,24.248],[87.652,24.25],[87.643,24.213],[87.676,24.207],[87.702,24.177],[87.695,24.151],[87.646,24.157],[87.633,24.165],[87.585,24.163],[87.61,24.134],[87.587,24.125],[87.574,24.108],[87.575,24.089],[87.544,24.089],[87.526,24.106],[87.502,24.117],[87.495,24.087],[87.511,24.084],[87.496,24.054],[87.513,24.047],[87.506,24.024],[87.477,24.013],[87.454,24.018],[87.447,24.005],[87.463,23.995],[87.444,23.98],[87.395,24.004],[87.362,24.011],[87.343,23.997],[87.321,24.006],[87.338,24.033],[87.288,24.029],[87.249,24.044],[87.238,24.026],[87.251,23.999],[87.273,23.986],[87.265,23.972],[87.297,23.957],[87.29,23.936],[87.298,23.892],[87.27,23.877],[87.265,23.904],[87.25,23.902],[87.251,23.858],[87.26,23.841],[87.251,23.83],[87.225,23.829],[87.228,23.859],[87.2,23.844],[87.193,23.859],[87.141,23.87],[87.136,23.853],[87.172,23.821],[87.154,23.796],[87.111,23.801],[87.062,23.818],[87.04,23.839],[87.008,23.854],[86.969,23.867],[86.949,23.845],[86.931,23.856],[86.93,23.868],[86.901,23.882],[86.881,23.864],[86.886,23.844],[86.866,23.844],[86.85,23.824],[86.826,23.813],[86.807,23.815],[86.803,23.8],[86.822,23.778],[86.822,23.747],[86.81,23.742],[86.796,23.7],[86.798,23.689],[86.744,23.68],[86.737,23.696],[86.717,23.699],[86.655,23.685],[86.596,23.664],[86.534,23.631],[86.487,23.637],[86.451,23.633],[86.412,23.59],[86.387,23.586],[86.389,23.574],[86.364,23.545],[86.373,23.525],[86.363,23.515],[86.358,23.466],[86.332,23.46],[86.306,23.446],[86.253,23.436],[86.231,23.438],[86.227,23.458],[86.209,23.461],[86.185,23.477],[86.149,23.479],[86.161,23.506],[86.149,23.529],[86.159,23.553],[86.145,23.572],[86.043,23.585],[86.017,23.563],[86.017,23.553],[86.039,23.52],[86.047,23.492],[86.026,23.49],[85.944,23.457],[85.913,23.474],[85.88,23.478],[85.866,23.453],[85.869,23.412],[85.885,23.41],[85.902,23.379],[85.872,23.367],[85.878,23.332],[85.868,23.305],[85.84,23.283],[85.832,23.265],[85.841,23.194],[85.864,23.197],[85.883,23.175],[85.883,23.161],[85.906,23.15],[85.921,23.132],[85.95,23.132],[85.958,23.141],[85.988,23.148],[86.043,23.146],[86.054,23.132],[86.05,23.114],[86.098,23.093],[86.122,23.096],[86.144,23.083],[86.14,23.065],[86.166,23.042],[86.181,23.016],[86.207,23.018],[86.218,22.995],[86.267,22.998],[86.285,23.013],[86.338,22.992],[86.366,22.999],[86.386,22.994],[86.399,22.977],[86.422,22.998],[86.469,22.988],[86.503,22.993],[86.518,22.969],[86.54,22.984],[86.544,22.965],[86.524,22.947],[86.504,22.951],[86.492,22.938],[86.476,22.949],[86.464,22.936],[86.443,22.93],[86.438,22.919],[86.469,22.9],[86.457,22.886],[86.452,22.862],[86.438,22.863],[86.439,22.832],[86.427,22.812],[86.422,22.78],[86.459,22.763],[86.484,22.726],[86.555,22.714],[86.586,22.692],[86.623,22.677],[86.642,22.658],[86.64,22.601],[86.657,22.579],[86.678,22.576],[86.711,22.584],[86.761,22.578],[86.77,22.554],[86.789,22.548],[86.795,22.524],[86.794,22.478],[86.758,22.484],[86.75,22.474],[86.769,22.427],[86.81,22.42],[86.849,22.4],[86.846,22.373],[86.834,22.345],[86.834,22.328],[86.878,22.303],[86.893,22.285],[86.891,22.256],[86.825,22.265],[86.801,22.254],[86.815,22.242],[86.796,22.222],[86.753,22.212],[86.728,22.219],[86.718,22.182],[86.721,22.148],[86.757,22.148],[86.795,22.158],[86.805,22.15],[86.811,22.118],[86.828,22.117],[86.837,22.099],[86.853,22.103],[86.914,22.091],[86.962,22.088],[87,22.05],[87.022,22.046],[87.031,22.033],[87.027,22.017],[87.039,21.994],[87.01,21.945],[87.003,21.912],[87.025,21.89],[87.035,21.87],[87.099,21.865],[87.098,21.913],[87.121,21.925],[87.146,21.924],[87.165,21.939],[87.165,21.967],[87.18,21.971],[87.2,21.958],[87.239,21.959],[87.24,21.938],[87.257,21.926],[87.239,21.9],[87.252,21.876],[87.249,21.861],[87.285,21.804],[87.322,21.791],[87.356,21.791],[87.378,21.771],[87.4,21.767],[87.429,21.771],[87.448,21.766],[87.447,21.734],[87.458,21.734],[87.475,21.712],[87.472,21.651],[87.486,21.631],[87.49,21.603],[87.534,21.608],[87.585,21.62],[87.667,21.632],[87.707,21.645],[87.744,21.668],[87.759,21.684],[87.787,21.688],[87.837,21.716],[87.897,21.774],[87.897,21.782],[87.926,21.795],[87.961,21.826],[88.008,21.911],[88.036,21.981],[88.052,22.007],[88.018,22.04],[88.011,22.07],[88.029,22.067],[88.027,22.048],[88.062,22.013],[88.083,22.021],[88.113,22.042],[88.151,22.062],[88.187,22.097],[88.193,22.112],[88.16,22.151],[88.134,22.186],[88.103,22.192],[88.075,22.187],[88.035,22.209],[88.009,22.201],[87.975,22.222],[87.972,22.236],[87.938,22.265],[87.935,22.32],[87.946,22.346],[87.94,22.353],[87.942,22.366],[87.93,22.403],[87.896,22.434],[87.921,22.436],[87.927,22.421],[87.946,22.407],[87.946,22.406],[87.946,22.407],[87.946,22.406],[87.958,22.348],[87.96,22.28],[87.984,22.246],[88.026,22.222],[88.048,22.22],[88.075,22.252],[88.079,22.284],[88.089,22.302],[88.105,22.301],[88.089,22.263],[88.085,22.235],[88.073,22.21],[88.117,22.209],[88.165,22.198],[88.189,22.186],[88.21,22.15],[88.211,22.132],[88.224,22.092],[88.224,22.075],[88.213,22.033],[88.179,21.982],[88.153,21.957],[88.174,21.934],[88.174,21.912],[88.164,21.878],[88.179,21.847],[88.201,21.819],[88.218,21.779],[88.219,21.763],[88.282,21.754],[88.254,21.784],[88.254,21.79],[88.252,21.801],[88.254,21.79],[88.272,21.766],[88.282,21.764],[88.28,21.767],[88.279,21.77],[88.258,21.805],[88.263,21.813],[88.277,21.822],[88.306,21.831],[88.314,21.847],[88.301,21.859],[88.258,21.859],[88.263,21.88],[88.266,21.883],[88.263,21.88],[88.259,21.86],[88.301,21.862],[88.307,21.869],[88.307,21.87],[88.307,21.869],[88.301,21.862],[88.354,21.857],[88.364,21.871],[88.369,21.897],[88.355,21.924],[88.352,21.926],[88.352,21.927],[88.352,21.926],[88.352,21.927],[88.355,21.924],[88.368,21.906],[88.371,21.896],[88.366,21.873],[88.355,21.856],[88.356,21.82],[88.364,21.798],[88.384,21.792],[88.393,21.809],[88.386,21.839],[88.394,21.852],[88.397,21.884],[88.414,21.889],[88.417,21.904],[88.432,21.903],[88.457,21.917],[88.451,21.935],[88.461,21.963],[88.445,21.964],[88.447,21.986],[88.442,21.99],[88.442,21.992],[88.449,21.998],[88.45,22.009],[88.46,22.011],[88.451,22.007],[88.45,21.999],[88.443,21.99],[88.448,21.987],[88.449,21.979],[88.446,21.967],[88.461,21.963],[88.468,21.953],[88.453,21.94],[88.462,21.924],[88.458,21.898],[88.475,21.896],[88.483,21.91],[88.498,21.914],[88.522,21.917],[88.52,21.942],[88.498,21.953],[88.491,21.962],[88.496,21.974],[88.519,21.988],[88.519,21.989],[88.539,21.98],[88.544,21.986],[88.549,21.999],[88.556,22.027],[88.555,22.03],[88.555,22.033],[88.555,22.03],[88.556,22.027],[88.55,21.996],[88.542,21.98],[88.538,21.979],[88.533,21.98],[88.519,21.989],[88.519,21.988],[88.499,21.975],[88.495,21.958],[88.522,21.943],[88.525,21.933],[88.521,21.912],[88.495,21.886],[88.498,21.874],[88.521,21.856],[88.537,21.857],[88.548,21.882],[88.54,21.898],[88.545,21.906],[88.561,21.899],[88.55,21.919],[88.541,21.955],[88.541,21.966],[88.542,21.97],[88.546,21.973],[88.559,21.971],[88.544,21.97],[88.543,21.958],[88.549,21.941],[88.551,21.92],[88.573,21.908],[88.579,21.924],[88.573,21.907],[88.578,21.889],[88.61,21.919],[88.604,21.934],[88.599,21.963],[88.602,21.99],[88.613,22.021],[88.599,22.026],[88.605,22.049],[88.596,22.063],[88.596,22.064],[88.596,22.065],[88.596,22.064],[88.597,22.063],[88.596,22.063],[88.597,22.063],[88.606,22.048],[88.601,22.027],[88.613,22.021],[88.633,22.048],[88.619,22.106],[88.6,22.126],[88.599,22.127],[88.598,22.129],[88.598,22.135],[88.604,22.158],[88.586,22.165],[88.582,22.17],[88.582,22.178],[88.573,22.19],[88.575,22.194],[88.576,22.195],[88.575,22.194],[88.573,22.19],[88.583,22.18],[88.583,22.169],[88.6,22.163],[88.606,22.156],[88.598,22.135],[88.598,22.129],[88.599,22.127],[88.6,22.126],[88.619,22.109],[88.63,22.142],[88.673,22.204],[88.694,22.211],[88.738,22.198],[88.768,22.194],[88.771,22.185],[88.799,22.178],[88.827,22.195],[88.805,22.209],[88.8,22.228],[88.826,22.241],[88.826,22.265],[88.814,22.283],[88.829,22.261],[88.828,22.242],[88.804,22.223],[88.807,22.209],[88.837,22.207],[88.842,22.191],[88.859,22.205],[88.865,22.199],[88.877,22.199],[88.884,22.202],[88.884,22.207],[88.882,22.212],[88.874,22.212],[88.864,22.21],[88.849,22.21],[88.843,22.211],[88.84,22.214],[88.842,22.221],[88.859,22.245],[88.866,22.248],[88.867,22.249],[88.87,22.25],[88.873,22.252],[88.87,22.25],[88.867,22.249],[88.866,22.248],[88.859,22.245],[88.843,22.221],[88.844,22.212],[88.863,22.211],[88.876,22.214],[88.883,22.213],[88.885,22.211],[88.886,22.204],[88.883,22.2],[88.867,22.189],[88.873,22.171],[88.898,22.178],[88.914,22.216],[88.889,22.231],[88.893,22.251],[88.887,22.265],[88.886,22.266],[88.881,22.267],[88.876,22.274],[88.874,22.274],[88.87,22.273],[88.868,22.271],[88.867,22.271],[88.863,22.273],[88.863,22.275],[88.862,22.276],[88.861,22.278],[88.857,22.278],[88.857,22.279],[88.856,22.28],[88.855,22.281],[88.854,22.282],[88.852,22.283],[88.851,22.285],[88.85,22.287],[88.85,22.288],[88.849,22.289],[88.847,22.289],[88.849,22.289],[88.85,22.288],[88.85,22.287],[88.851,22.285],[88.853,22.284],[88.852,22.283],[88.853,22.284],[88.854,22.282],[88.855,22.281],[88.856,22.28],[88.857,22.279],[88.857,22.278],[88.861,22.278],[88.862,22.276],[88.863,22.275],[88.863,22.273],[88.867,22.271],[88.868,22.271],[88.87,22.273],[88.874,22.274],[88.876,22.274],[88.881,22.267],[88.886,22.266],[88.887,22.265],[88.895,22.251],[88.896,22.228],[88.917,22.232],[88.953,22.225],[88.952,22.242],[88.93,22.263],[88.937,22.298],[88.912,22.312],[88.892,22.343],[88.874,22.355],[88.862,22.358],[88.858,22.36],[88.855,22.361],[88.854,22.361],[88.853,22.361],[88.852,22.362],[88.851,22.363],[88.83,22.359],[88.851,22.363],[88.852,22.362],[88.853,22.362],[88.853,22.361],[88.853,22.362],[88.854,22.361],[88.855,22.361],[88.858,22.36],[88.862,22.358],[88.871,22.359],[88.874,22.356],[88.874,22.355],[88.874,22.356],[88.871,22.359],[88.862,22.364],[88.852,22.392],[88.856,22.408],[88.848,22.431],[88.819,22.43],[88.803,22.443],[88.78,22.504],[88.745,22.516],[88.733,22.51],[88.713,22.526],[88.706,22.528],[88.703,22.526],[88.691,22.522],[88.69,22.534],[88.682,22.536],[88.681,22.544],[88.672,22.549],[88.679,22.577],[88.677,22.584],[88.677,22.592],[88.678,22.591],[88.677,22.592],[88.678,22.591],[88.677,22.584],[88.679,22.577],[88.674,22.55],[88.682,22.545],[88.683,22.537],[88.691,22.534],[88.694,22.525],[88.703,22.526],[88.706,22.528],[88.713,22.526],[88.733,22.51],[88.745,22.516],[88.769,22.514],[88.774,22.526],[88.773,22.527],[88.769,22.53],[88.766,22.533],[88.765,22.533],[88.762,22.548],[88.761,22.549],[88.764,22.555],[88.761,22.549],[88.762,22.548],[88.765,22.533],[88.766,22.533],[88.773,22.527],[88.774,22.526],[88.772,22.513],[88.811,22.482],[88.814,22.456],[88.837,22.437],[88.851,22.433],[88.853,22.459],[88.861,22.493],[88.843,22.505],[88.844,22.509],[88.846,22.509],[88.848,22.509],[88.867,22.523],[88.867,22.538],[88.869,22.546],[88.879,22.545],[88.896,22.563],[88.937,22.57],[88.938,22.595],[88.957,22.609],[88.939,22.622],[88.932,22.641],[88.95,22.663],[88.962,22.694],[88.924,22.737],[88.923,22.768],[88.942,22.79],[88.961,22.797],[88.971,22.845],[88.949,22.88],[88.936,22.871],[88.912,22.88],[88.906,22.907],[88.917,22.921],[88.9,22.93],[88.9,22.952],[88.865,22.958],[88.872,22.972],[88.875,23.021],[88.882,23.032],[88.87,23.072],[88.873,23.098],[88.901,23.109],[88.911,23.124],[88.934,23.141],[88.941,23.172],[88.965,23.192],[88.985,23.193],[88.993,23.22],[88.983,23.225],[88.955,23.205],[88.934,23.214],[88.917,23.232],[88.856,23.227],[88.834,23.247],[88.812,23.251],[88.817,23.219],[88.789,23.22],[88.771,23.242],[88.75,23.24],[88.724,23.255],[88.727,23.272],[88.7,23.295],[88.75,23.32],[88.74,23.331],[88.738,23.351],[88.766,23.364],[88.757,23.4],[88.768,23.444],[88.793,23.443],[88.792,23.467],[88.804,23.483],[88.8,23.499],[88.783,23.5],[88.746,23.483],[88.722,23.51],[88.699,23.52],[88.688,23.541],[88.659,23.56],[88.647,23.611],[88.591,23.602],[88.597,23.628],[88.565,23.648],[88.578,23.672],[88.568,23.717],[88.575,23.727],[88.583,23.767],[88.564,23.783],[88.584,23.79],[88.606,23.819],[88.58,23.862],[88.626,23.875],[88.637,23.863],[88.669,23.874],[88.689,23.891],[88.708,23.916],[88.737,23.916],[88.746,23.936],[88.738,23.96],[88.745,23.986],[88.775,23.989],[88.763,24.01],[88.742,24.015],[88.739,24.065],[88.726,24.067],[88.729,24.097],[88.702,24.099],[88.702,24.12],[88.732,24.128],[88.748,24.138],[88.735,24.168],[88.736,24.224],[88.741,24.269],[88.727,24.298],[88.704,24.311],[88.675,24.315],[88.641,24.306],[88.629,24.315],[88.596,24.311],[88.573,24.323],[88.567,24.304],[88.551,24.303],[88.543,24.325],[88.524,24.344],[88.508,24.345],[88.453,24.373],[88.427,24.38],[88.376,24.37],[88.343,24.378],[88.306,24.406],[88.27,24.442],[88.243,24.452],[88.215,24.454],[88.195,24.465],[88.166,24.5],[88.133,24.517],[88.103,24.547],[88.058,24.623],[88.043,24.641],[88.015,24.662],[88.02,24.679],[88.063,24.716],[88.074,24.735],[88.071,24.769],[88.105,24.779],[88.118,24.819],[88.143,24.831],[88.146,24.851],[88.162,24.85],[88.159,24.886],[88.169,24.898],[88.148,24.919],[88.176,24.945],[88.221,24.958],[88.239,24.952],[88.252,24.936],[88.276,24.891],[88.336,24.872],[88.347,24.886],[88.335,24.906],[88.347,24.94],[88.371,24.952],[88.398,24.944],[88.403,24.971],[88.412,24.975],[88.429,25.012],[88.443,25.011],[88.452,25.035],[88.439,25.053],[88.452,25.07],[88.448,25.123],[88.462,25.145],[88.45,25.171],[88.443,25.207],[88.467,25.196],[88.487,25.214],[88.541,25.187],[88.554,25.193],[88.568,25.175],[88.589,25.181],[88.593,25.193],[88.625,25.206],[88.67,25.203],[88.687,25.21],[88.727,25.201],[88.737,25.19],[88.809,25.174],[88.848,25.21],[88.875,25.191],[88.895,25.183],[88.92,25.166],[88.949,25.18],[88.94,25.204],[88.964,25.211],[88.956,25.246],[88.988,25.27],[89.013,25.267],[89.005,25.3],[88.984,25.306],[88.937,25.307],[88.917,25.315],[88.902,25.338],[88.889,25.327],[88.869,25.352],[88.847,25.366],[88.84,25.398],[88.824,25.403],[88.837,25.428],[88.836,25.481],[88.815,25.491],[88.802,25.522],[88.763,25.512],[88.769,25.497],[88.749,25.489],[88.735,25.498],[88.711,25.496],[88.701,25.473],[88.669,25.475],[88.648,25.483],[88.641,25.498],[88.624,25.499],[88.607,25.515],[88.575,25.509],[88.543,25.525],[88.535,25.538],[88.506,25.55],[88.498,25.58],[88.471,25.586],[88.45,25.602],[88.46,25.64],[88.456,25.663],[88.421,25.663],[88.408,25.68],[88.375,25.7],[88.376,25.714],[88.301,25.759],[88.272,25.779],[88.275,25.806],[88.237,25.803],[88.212,25.786],[88.185,25.794],[88.158,25.783],[88.144,25.791],[88.116,25.796],[88.108,25.812],[88.106,25.845],[88.119,25.855],[88.099,25.872],[88.094,25.894],[88.1,25.926],[88.126,25.943],[88.125,25.968],[88.149,25.997],[88.146,26.014],[88.18,26.022],[88.174,26.052],[88.186,26.063],[88.163,26.079],[88.163,26.105],[88.176,26.118],[88.183,26.147],[88.218,26.173],[88.253,26.193],[88.274,26.192],[88.313,26.208],[88.33,26.205],[88.354,26.222],[88.359,26.235],[88.351,26.264],[88.364,26.293],[88.398,26.318],[88.422,26.317],[88.418,26.333],[88.442,26.338],[88.453,26.36],[88.495,26.357],[88.513,26.361],[88.523,26.383],[88.495,26.425],[88.487,26.46],[88.464,26.466],[88.448,26.462],[88.436,26.473],[88.419,26.466],[88.378,26.484],[88.368,26.467],[88.346,26.468],[88.34,26.487],[88.359,26.51],[88.377,26.578],[88.395,26.616],[88.413,26.629],[88.424,26.622],[88.429,26.567],[88.436,26.549],[88.454,26.538],[88.484,26.542],[88.504,26.512],[88.514,26.514],[88.531,26.488],[88.553,26.483],[88.572,26.458],[88.596,26.453],[88.602,26.469],[88.617,26.474],[88.633,26.455],[88.633,26.435],[88.657,26.416],[88.687,26.409],[88.696,26.389],[88.706,26.337],[88.733,26.344],[88.749,26.341],[88.726,26.312],[88.68,26.32],[88.695,26.297],[88.67,26.285],[88.676,26.265],[88.699,26.278],[88.744,26.29],[88.757,26.31],[88.78,26.299],[88.801,26.309],[88.823,26.296],[88.826,26.252],[88.848,26.233],[88.885,26.237],[88.867,26.256],[88.879,26.286],[88.925,26.286],[88.956,26.251],[88.972,26.241],[89.003,26.247],[89.052,26.243],[89.065,26.263],[89.053,26.283],[89.004,26.295],[88.99,26.306],[89.003,26.33],[88.991,26.346],[88.961,26.346],[88.953,26.361],[88.921,26.363],[88.917,26.406],[88.933,26.413],[88.933,26.432],[88.95,26.432],[88.968,26.459],[88.988,26.444],[88.986,26.42],[89.073,26.394],[89.091,26.4],[89.102,26.341],[89.1,26.323],[89.137,26.317],[89.131,26.299],[89.11,26.308],[89.106,26.29],[89.14,26.242],[89.151,26.207],[89.141,26.185],[89.154,26.17],[89.161,26.14],[89.177,26.131],[89.224,26.126],[89.26,26.095],[89.26,26.075],[89.282,26.053],[89.326,26.039],[89.358,26.011],[89.395,26.01],[89.41,26.041],[89.43,26.04],[89.432,26.015],[89.477,25.996],[89.504,26.005],[89.55,25.999],[89.548,25.971],[89.576,25.968],[89.591,25.98],[89.583,26.026],[89.593,26.044],[89.615,26.049],[89.62,26.063],[89.648,26.063],[89.636,26.105],[89.615,26.094],[89.599,26.162],[89.619,26.167],[89.619,26.18],[89.66,26.183],[89.641,26.216],[89.649,26.229],[89.688,26.216],[89.689,26.193],[89.705,26.161],[89.723,26.166],[89.705,26.185],[89.721,26.191],[89.717,26.228],[89.722,26.259],[89.742,26.271],[89.726,26.288],[89.747,26.295],[89.786,26.331],[89.787,26.353],[89.832,26.367],[89.862,26.384],[89.85,26.41],[89.86,26.434],[89.875,26.448],[89.875,26.464],[89.858,26.488],[89.86,26.521],[89.867,26.53],[89.87,26.57],[89.883,26.584],[89.882,26.613],[89.867,26.615],[89.863,26.632],[89.879,26.643],[89.873,26.657],[89.877,26.683],[89.862,26.704],[89.813,26.715],[89.782,26.699],[89.762,26.716],[89.765,26.733],[89.731,26.722],[89.709,26.737],[89.675,26.739],[89.664,26.718],[89.62,26.726],[89.648,26.747],[89.659,26.772],[89.633,26.776],[89.617,26.789],[89.573,26.802],[89.534,26.819],[89.517,26.817],[89.502,26.803],[89.465,26.806],[89.454,26.835],[89.396,26.842],[89.39,26.862],[89.366,26.863],[89.344,26.849],[89.322,26.853],[89.271,26.82],[89.22,26.818],[89.196,26.808],[89.178,26.821],[89.135,26.809],[89.108,26.836],[89.11,26.86],[89.094,26.872],[89.092,26.897],[89.056,26.902],[89.052,26.92],[89.034,26.938],[88.991,26.921],[88.969,26.924],[88.948,26.938],[88.962,26.954],[88.953,26.977],[88.918,26.994],[88.9,26.977],[88.896,26.961],[88.879,26.957],[88.877,27.011],[88.885,27.038],[88.877,27.109],[88.833,27.117],[88.807,27.137],[88.792,27.135],[88.759,27.148]]]]},"properties":{"ST_NM":"West Bengal"}},
{"type":"Feature","geometry":{"type":"MultiPolygon","coordinates":[[[[86.795,20.396],[86.811,20.442],[86.8,20.444],[86.788,20.405],[86.795,20.396]]],[[[86.728,22.219],[86.687,22.224],[86.675,22.241],[86.653,22.24],[86.651,22.265],[86.621,22.28],[86.595,22.286],[86.584,22.302],[86.557,22.299],[86.53,22.307],[86.529,22.322],[86.513,22.328],[86.505,22.345],[86.464,22.326],[86.444,22.327],[86.43,22.31],[86.381,22.341],[86.358,22.349],[86.345,22.37],[86.331,22.377],[86.323,22.394],[86.293,22.429],[86.285,22.449],[86.271,22.443],[86.226,22.453],[86.208,22.474],[86.152,22.483],[86.107,22.494],[86.075,22.546],[86.044,22.567],[86.024,22.547],[86.034,22.538],[86.002,22.512],[85.975,22.503],[85.959,22.459],[85.999,22.426],[86.015,22.428],[86.027,22.385],[86.023,22.366],[85.999,22.342],[86.026,22.333],[86.012,22.32],[86.024,22.308],[85.991,22.271],[85.976,22.247],[85.999,22.219],[86.023,22.203],[86.032,22.189],[86,22.136],[86.008,22.117],[85.948,22.023],[85.935,22.023],[85.918,22.009],[85.9,21.982],[85.846,21.981],[85.79,21.983],[85.767,21.994],[85.762,22.012],[85.785,22.04],[85.776,22.055],[85.794,22.081],[85.82,22.074],[85.837,22.081],[85.808,22.115],[85.797,22.104],[85.764,22.089],[85.752,22.074],[85.728,22.062],[85.694,22.06],[85.687,22.053],[85.651,22.094],[85.637,22.085],[85.597,22.078],[85.588,22.085],[85.542,22.098],[85.512,22.115],[85.492,22.12],[85.463,22.139],[85.416,22.16],[85.369,22.158],[85.368,22.128],[85.329,22.129],[85.28,22.084],[85.247,22.016],[85.237,22.004],[85.221,22.014],[85.217,22.047],[85.147,22.077],[85.125,22.07],[85.106,22.088],[85.105,22.1],[85.076,22.111],[85.05,22.114],[85.026,22.107],[85.009,22.083],[84.987,22.095],[85.03,22.115],[85.038,22.141],[85.032,22.157],[85.054,22.178],[85.053,22.189],[85.076,22.234],[85.081,22.254],[85.077,22.275],[85.112,22.294],[85.12,22.317],[85.092,22.32],[85.099,22.344],[85.08,22.352],[85.09,22.381],[85.081,22.416],[85.063,22.448],[85.078,22.459],[85.08,22.476],[85.058,22.482],[84.967,22.447],[84.959,22.456],[84.924,22.437],[84.914,22.422],[84.887,22.42],[84.884,22.445],[84.842,22.43],[84.819,22.434],[84.808,22.446],[84.759,22.445],[84.75,22.417],[84.668,22.417],[84.639,22.431],[84.579,22.426],[84.55,22.42],[84.509,22.418],[84.481,22.404],[84.48,22.385],[84.455,22.382],[84.434,22.367],[84.433,22.355],[84.401,22.346],[84.379,22.352],[84.331,22.341],[84.296,22.34],[84.273,22.35],[84.253,22.376],[84.201,22.374],[84.19,22.386],[84.159,22.403],[84.143,22.423],[84.144,22.469],[84.113,22.476],[84.086,22.491],[84.065,22.512],[84.01,22.523],[83.984,22.52],[83.983,22.504],[84.02,22.487],[84.029,22.474],[84.049,22.466],[84.047,22.435],[84.021,22.406],[84.008,22.372],[83.974,22.36],[83.923,22.362],[83.904,22.342],[83.868,22.346],[83.83,22.318],[83.828,22.298],[83.805,22.292],[83.786,22.277],[83.778,22.26],[83.753,22.243],[83.7,22.248],[83.665,22.227],[83.653,22.227],[83.626,22.199],[83.613,22.16],[83.564,22.102],[83.607,22.068],[83.591,22.057],[83.546,22.058],[83.541,22.025],[83.556,22.009],[83.542,21.979],[83.542,21.966],[83.565,21.946],[83.56,21.935],[83.595,21.929],[83.608,21.913],[83.579,21.875],[83.591,21.856],[83.581,21.832],[83.538,21.835],[83.544,21.797],[83.529,21.797],[83.498,21.811],[83.483,21.777],[83.491,21.744],[83.463,21.697],[83.439,21.697],[83.427,21.678],[83.448,21.658],[83.49,21.643],[83.477,21.63],[83.47,21.609],[83.448,21.621],[83.448,21.652],[83.421,21.639],[83.388,21.616],[83.375,21.6],[83.37,21.576],[83.373,21.553],[83.361,21.538],[83.349,21.488],[83.357,21.447],[83.377,21.439],[83.389,21.413],[83.401,21.403],[83.401,21.365],[83.41,21.352],[83.382,21.343],[83.317,21.368],[83.277,21.378],[83.273,21.349],[83.262,21.335],[83.266,21.305],[83.28,21.3],[83.275,21.272],[83.25,21.28],[83.232,21.27],[83.221,21.254],[83.226,21.227],[83.215,21.205],[83.2,21.143],[83.169,21.135],[83.141,21.109],[83.127,21.105],[83.079,21.112],[83.048,21.122],[83.018,21.149],[82.987,21.161],[82.972,21.159],[82.963,21.179],[82.95,21.166],[82.929,21.161],[82.91,21.166],[82.887,21.152],[82.847,21.167],[82.82,21.162],[82.789,21.144],[82.765,21.162],[82.728,21.162],[82.708,21.156],[82.692,21.161],[82.643,21.152],[82.641,21.139],[82.652,21.105],[82.633,21.08],[82.616,21.067],[82.63,21.04],[82.612,21.009],[82.589,20.99],[82.56,20.945],[82.491,20.903],[82.492,20.876],[82.485,20.85],[82.467,20.839],[82.423,20.83],[82.413,20.841],[82.409,20.866],[82.39,20.873],[82.375,20.867],[82.354,20.887],[82.341,20.844],[82.346,20.793],[82.343,20.762],[82.353,20.732],[82.351,20.702],[82.373,20.665],[82.375,20.633],[82.363,20.607],[82.346,20.598],[82.35,20.579],[82.331,20.558],[82.356,20.527],[82.388,20.514],[82.396,20.456],[82.427,20.461],[82.425,20.442],[82.437,20.43],[82.432,20.414],[82.417,20.407],[82.418,20.381],[82.401,20.34],[82.43,20.314],[82.436,20.283],[82.413,20.268],[82.412,20.244],[82.421,20.207],[82.413,20.183],[82.391,20.165],[82.386,20.149],[82.398,20.124],[82.402,20.094],[82.398,20.064],[82.403,20.054],[82.449,20.04],[82.483,20.035],[82.51,20.018],[82.551,20.017],[82.584,20.004],[82.59,19.995],[82.622,19.992],[82.631,20.003],[82.658,20.004],[82.708,19.998],[82.719,19.988],[82.717,19.952],[82.708,19.912],[82.719,19.854],[82.706,19.832],[82.653,19.831],[82.627,19.792],[82.586,19.781],[82.579,19.807],[82.579,19.833],[82.605,19.866],[82.574,19.877],[82.552,19.874],[82.538,19.887],[82.506,19.89],[82.483,19.906],[82.466,19.9],[82.45,19.908],[82.422,19.902],[82.396,19.887],[82.376,19.86],[82.347,19.835],[82.334,19.843],[82.326,19.864],[82.306,19.888],[82.303,19.904],[82.277,19.95],[82.269,19.976],[82.238,20.003],[82.212,19.985],[82.192,19.986],[82.174,20],[82.139,20.017],[82.124,20.015],[82.065,20.054],[82.057,20.04],[82.022,20.024],[82.02,20.045],[82,20.052],[81.981,20.08],[81.952,20.106],[81.941,20.103],[81.897,20.047],[81.881,20.05],[81.868,20.027],[81.854,19.975],[81.845,19.954],[81.856,19.943],[81.853,19.919],[81.866,19.904],[81.906,19.883],[81.968,19.859],[81.965,19.841],[81.988,19.8],[82.007,19.803],[82.06,19.796],[82.067,19.788],[82.065,19.758],[82.054,19.748],[82.045,19.709],[82.054,19.674],[82.059,19.63],[82.043,19.588],[82.052,19.57],[82.054,19.544],[82.03,19.507],[82.068,19.509],[82.079,19.521],[82.1,19.515],[82.099,19.499],[82.11,19.479],[82.105,19.467],[82.127,19.429],[82.178,19.435],[82.191,19.418],[82.174,19.372],[82.149,19.371],[82.15,19.354],[82.188,19.338],[82.176,19.297],[82.16,19.271],[82.16,19.23],[82.164,19.203],[82.181,19.19],[82.187,19.165],[82.176,19.14],[82.199,19.123],[82.217,19.085],[82.202,19.067],[82.23,19.028],[82.248,18.917],[82.222,18.919],[82.179,18.898],[82.166,18.859],[82.173,18.837],[82.164,18.807],[82.169,18.798],[82.154,18.78],[82.099,18.763],[82.087,18.719],[82.042,18.726],[82,18.704],[81.984,18.702],[81.963,18.687],[81.969,18.675],[81.956,18.663],[81.956,18.636],[81.924,18.643],[81.901,18.661],[81.897,18.628],[81.908,18.626],[81.938,18.603],[81.963,18.594],[81.955,18.566],[81.909,18.564],[81.905,18.535],[81.891,18.536],[81.871,18.524],[81.858,18.496],[81.806,18.447],[81.77,18.418],[81.753,18.353],[81.666,18.346],[81.669,18.323],[81.624,18.308],[81.602,18.308],[81.576,18.28],[81.536,18.266],[81.534,18.244],[81.513,18.191],[81.531,18.164],[81.52,18.136],[81.517,18.1],[81.49,18.057],[81.482,18.036],[81.487,18.011],[81.485,17.981],[81.463,17.954],[81.453,17.93],[81.457,17.911],[81.446,17.884],[81.404,17.895],[81.398,17.867],[81.407,17.854],[81.393,17.833],[81.394,17.814],[81.418,17.813],[81.434,17.829],[81.446,17.823],[81.479,17.831],[81.49,17.811],[81.563,17.824],[81.583,17.835],[81.62,17.823],[81.651,17.847],[81.655,17.864],[81.672,17.885],[81.697,17.893],[81.712,17.869],[81.767,17.901],[81.795,17.922],[81.81,17.944],[81.842,17.959],[81.855,17.959],[81.908,17.977],[81.922,17.988],[81.945,17.992],[82.01,18.032],[82.01,18.053],[82.033,18.066],[82.068,18.053],[82.081,18.074],[82.101,18.061],[82.138,18.057],[82.141,18.044],[82.172,18.05],[82.186,18.019],[82.205,18.017],[82.227,18.003],[82.246,18.001],[82.25,17.988],[82.276,17.995],[82.279,18.019],[82.267,18.043],[82.275,18.057],[82.296,18.069],[82.313,18.048],[82.33,18.059],[82.345,18.056],[82.352,18.091],[82.341,18.103],[82.342,18.151],[82.366,18.134],[82.374,18.148],[82.357,18.17],[82.319,18.183],[82.315,18.204],[82.341,18.224],[82.339,18.239],[82.345,18.274],[82.375,18.279],[82.391,18.292],[82.401,18.315],[82.393,18.327],[82.354,18.33],[82.368,18.352],[82.385,18.361],[82.393,18.38],[82.37,18.418],[82.386,18.43],[82.406,18.459],[82.435,18.485],[82.445,18.505],[82.482,18.545],[82.49,18.523],[82.506,18.514],[82.531,18.512],[82.536,18.476],[82.524,18.464],[82.538,18.451],[82.562,18.446],[82.544,18.416],[82.543,18.398],[82.564,18.397],[82.609,18.374],[82.598,18.328],[82.594,18.289],[82.598,18.265],[82.618,18.258],[82.64,18.237],[82.656,18.253],[82.653,18.266],[82.673,18.299],[82.706,18.305],[82.711,18.317],[82.743,18.322],[82.759,18.337],[82.775,18.34],[82.793,18.363],[82.786,18.379],[82.796,18.399],[82.784,18.428],[82.807,18.448],[82.827,18.442],[82.878,18.415],[82.893,18.421],[82.899,18.401],[82.893,18.387],[82.911,18.365],[82.936,18.37],[82.941,18.36],[82.985,18.364],[83,18.384],[83.02,18.387],[83.048,18.379],[83.064,18.386],[83.075,18.401],[83.051,18.427],[83.046,18.443],[83.025,18.456],[83.06,18.486],[83.081,18.523],[83.097,18.541],[83.08,18.551],[83.059,18.543],[83.041,18.556],[83.034,18.573],[83.045,18.586],[83.058,18.622],[83.088,18.616],[83.094,18.63],[83.087,18.655],[83.092,18.664],[83.125,18.66],[83.15,18.675],[83.155,18.701],[83.176,18.71],[83.172,18.722],[83.192,18.734],[83.215,18.726],[83.23,18.753],[83.225,18.772],[83.274,18.765],[83.287,18.798],[83.312,18.807],[83.331,18.806],[83.336,18.819],[83.37,18.84],[83.381,18.829],[83.407,18.842],[83.405,18.857],[83.419,18.868],[83.396,18.879],[83.356,18.929],[83.371,18.938],[83.369,18.961],[83.335,18.965],[83.321,18.974],[83.316,18.999],[83.337,18.996],[83.343,19.015],[83.363,19.017],[83.37,19.003],[83.397,19.008],[83.417,19.004],[83.423,18.986],[83.45,18.956],[83.47,18.967],[83.456,19.008],[83.482,19.008],[83.485,19.033],[83.473,19.044],[83.467,19.077],[83.485,19.083],[83.5,19.063],[83.513,19.073],[83.521,19.033],[83.503,19.019],[83.539,19.013],[83.543,19.037],[83.559,19.058],[83.586,19.058],[83.59,19.084],[83.612,19.101],[83.602,19.128],[83.627,19.15],[83.652,19.121],[83.665,19.096],[83.665,19.083],[83.692,19.052],[83.708,19.023],[83.713,18.993],[83.734,18.984],[83.754,18.927],[83.778,18.91],[83.785,18.927],[83.769,18.953],[83.758,18.953],[83.749,18.992],[83.796,19.016],[83.824,18.957],[83.821,18.942],[83.843,18.918],[83.85,18.897],[83.844,18.881],[83.851,18.86],[83.872,18.848],[83.878,18.827],[83.915,18.825],[83.941,18.816],[83.99,18.809],[84.015,18.813],[84.056,18.792],[84.073,18.761],[84.099,18.754],[84.143,18.776],[84.167,18.784],[84.187,18.778],[84.224,18.796],[84.254,18.783],[84.291,18.8],[84.308,18.791],[84.34,18.801],[84.352,18.821],[84.342,18.873],[84.37,18.86],[84.393,18.892],[84.417,18.9],[84.437,18.923],[84.423,18.947],[84.448,18.976],[84.434,18.993],[84.437,19.01],[84.479,18.99],[84.485,19.017],[84.517,19.046],[84.561,19.056],[84.567,19.068],[84.585,19.071],[84.581,19.044],[84.585,19.028],[84.604,19.029],[84.62,19.064],[84.662,19.061],[84.667,19.08],[84.652,19.093],[84.627,19.085],[84.61,19.105],[84.617,19.126],[84.668,19.131],[84.672,19.165],[84.714,19.152],[84.701,19.128],[84.705,19.118],[84.769,19.08],[84.776,19.088],[84.809,19.153],[84.839,19.191],[84.89,19.244],[84.938,19.284],[84.967,19.304],[85.092,19.38],[85.1,19.403],[85.127,19.427],[85.177,19.463],[85.214,19.494],[85.351,19.584],[85.445,19.632],[85.563,19.682],[85.57,19.688],[85.63,19.714],[85.696,19.751],[85.821,19.791],[85.886,19.811],[85.898,19.817],[85.974,19.833],[86.045,19.841],[86.068,19.852],[86.092,19.854],[86.167,19.878],[86.197,19.883],[86.229,19.895],[86.221,19.909],[86.232,19.933],[86.256,19.912],[86.27,19.924],[86.299,19.934],[86.367,19.948],[86.368,19.975],[86.382,20.001],[86.4,19.999],[86.429,20.053],[86.447,20.056],[86.48,20.092],[86.527,20.168],[86.555,20.192],[86.608,20.227],[86.674,20.258],[86.693,20.274],[86.757,20.308],[86.784,20.326],[86.781,20.381],[86.774,20.39],[86.751,20.379],[86.732,20.381],[86.715,20.392],[86.733,20.411],[86.733,20.441],[86.739,20.46],[86.787,20.529],[86.823,20.556],[86.856,20.574],[86.932,20.632],[87.015,20.683],[87.015,20.694],[86.977,20.697],[87.01,20.72],[86.999,20.763],[86.985,20.772],[86.951,20.763],[86.922,20.766],[86.905,20.762],[86.881,20.773],[86.857,20.773],[86.831,20.755],[86.823,20.769],[86.872,20.794],[86.974,20.793],[86.98,20.822],[86.979,20.86],[86.954,20.897],[86.948,20.914],[86.911,20.978],[86.898,21.009],[86.875,21.044],[86.855,21.094],[86.843,21.157],[86.853,21.195],[86.866,21.222],[86.893,21.255],[86.947,21.352],[86.987,21.389],[87.041,21.419],[87.065,21.44],[87.069,21.461],[87.088,21.459],[87.113,21.484],[87.15,21.508],[87.205,21.53],[87.238,21.537],[87.361,21.541],[87.388,21.532],[87.398,21.539],[87.359,21.568],[87.384,21.573],[87.403,21.548],[87.417,21.549],[87.427,21.572],[87.448,21.587],[87.49,21.603],[87.486,21.631],[87.472,21.651],[87.475,21.712],[87.458,21.734],[87.447,21.734],[87.448,21.766],[87.429,21.771],[87.4,21.767],[87.378,21.771],[87.356,21.791],[87.322,21.791],[87.285,21.804],[87.249,21.861],[87.252,21.876],[87.239,21.9],[87.257,21.926],[87.24,21.938],[87.239,21.959],[87.2,21.958],[87.18,21.971],[87.165,21.967],[87.165,21.939],[87.146,21.924],[87.121,21.925],[87.098,21.913],[87.099,21.865],[87.035,21.87],[87.025,21.89],[87.003,21.912],[87.01,21.945],[87.039,21.994],[87.027,22.017],[87.031,22.033],[87.022,22.046],[87,22.05],[86.962,22.088],[86.914,22.091],[86.853,22.103],[86.837,22.099],[86.828,22.117],[86.811,22.118],[86.805,22.15],[86.795,22.158],[86.757,22.148],[86.721,22.148],[86.718,22.182],[86.728,22.219]]]]},"properties":{"ST_NM":"Odisha"}}
]}